,,Last Px,SMAVG (50),SMAVG (100),SMAVG (200)
Tu,8/26/2025,,,,
Mo,8/25/2025,49.644,51.531,57.02,53.564
,,,,,
Fr,8/22/2025,49.065,51.615,57.132,53.585
Th,8/21/2025,51.588,51.699,57.256,53.604
We,8/20/2025,50.752,51.729,57.351,53.616
Tu,8/19/2025,50.388,51.793,57.436,53.626
Mo,8/18/2025,50.035,51.865,57.512,53.635
,,,,,
Fr,8/15/2025,50.036,51.977,57.58,53.645
Th,8/14/2025,49.961,52.08,57.652,53.659
We,8/13/2025,49.718,52.18,57.748,53.672
Tu,8/12/2025,50.104,52.292,57.833,53.69
Mo,8/11/2025,51.492,52.414,57.857,53.701
,,,,,
Fr,8/8/2025,51.044,52.506,57.885,53.703
Th,8/7/2025,51.977,52.607,57.914,53.704
We,8/6/2025,52.03,52.682,57.945,53.702
Tu,8/5/2025,52.519,52.832,57.998,53.698
Mo,8/4/2025,51.886,52.94,58.028,53.694
,,,,,
Fr,8/1/2025,53.94,53.071,58.065,53.693
Th,7/31/2025,51.339,53.098,58.071,53.684
We,7/30/2025,50.837,53.171,58.072,53.689
Tu,7/29/2025,50.934,53.248,58.083,53.699
Mo,7/28/2025,50.25,53.33,58.072,53.713
,,,,,
Fr,7/25/2025,50.044,53.44,58.066,53.726
Th,7/24/2025,50.139,53.52,58.069,53.746
We,7/23/2025,50.115,53.627,58.059,53.762
Tu,7/22/2025,51.105,53.862,58.058,53.783
Mo,7/21/2025,50.99,54.067,58.034,53.791
,,,,,
Fr,7/18/2025,50.805,54.316,58.01,53.799
Th,7/17/2025,50.658,54.595,57.99,53.807
We,7/16/2025,51.95,54.856,57.968,53.819
Tu,7/15/2025,52.14,55.103,57.916,53.823
Mo,7/14/2025,50.943,55.41,57.861,53.827
,,,,,
Fr,7/11/2025,50.536,55.734,57.817,53.833
Th,7/10/2025,49.847,56.063,57.78,53.819
We,7/9/2025,50.05,56.412,57.75,53.816
Tu,7/8/2025,51.234,56.739,57.725,53.813
Mo,7/7/2025,50.89,57.043,57.692,53.803
,,,,,
Th,7/3/2025,49.305,57.401,57.663,53.798
We,7/2/2025,50.178,57.86,57.655,53.806
Tu,7/1/2025,50.559,58.332,57.633,53.814
Mo,6/30/2025,51.057,58.721,57.606,53.826
,,,,,
Fr,6/27/2025,51.991,59.135,57.576,53.829
Th,6/26/2025,52.492,59.492,57.544,53.84
We,6/25/2025,53.402,59.862,57.505,53.836
Tu,6/24/2025,52.799,60.253,57.453,53.829
Mo,6/23/2025,54.692,60.693,57.408,53.825
,,,,,
Fr,6/20/2025,56.013,60.959,57.343,53.798
We,6/18/2025,56.101,61.46,57.271,53.766
Tu,6/17/2025,56.819,61.868,57.191,53.735
Mo,6/16/2025,54.284,62.176,57.1,53.697
,,,,,
Fr,6/13/2025,55.892,62.433,57.039,53.673
Th,6/12/2025,53.846,62.509,56.955,53.64
We,6/11/2025,53.267,62.648,56.906,53.626
Tu,6/10/2025,53.087,62.812,56.866,53.613
Mo,6/9/2025,53.913,62.973,56.823,53.603
,,,,,
Fr,6/6/2025,54.006,63.078,56.791,53.588
Th,6/5/2025,55.661,63.159,56.769,53.573
We,6/4/2025,55.16,63.183,56.727,53.555
Tu,6/3/2025,54.959,63.224,56.679,53.556
Mo,6/2/2025,55.341,63.315,56.631,53.569
,,,,,
Fr,5/30/2025,56.16,63.373,56.572,53.59
Th,5/29/2025,56.131,63.3,56.495,53.598
We,5/28/2025,56.082,63.263,56.42,53.606
Tu,5/27/2025,55.708,63.221,56.353,53.631
,,,,,
Fr,5/23/2025,59.526,63.209,56.294,53.655
Th,5/22/2025,57.939,63.165,56.201,53.661
We,5/21/2025,58.441,63.116,56.114,53.662
Tu,5/20/2025,55.292,63.058,56.012,53.643
Mo,5/19/2025,54.98,63.043,55.946,53.626
,,,,,
Fr,5/16/2025,54.708,62.973,55.893,53.614
Th,5/15/2025,54.994,62.918,55.838,53.599
We,5/14/2025,55.75,62.814,55.803,53.579
Tu,5/13/2025,54.078,62.693,55.749,53.562
Mo,5/12/2025,55.483,62.617,55.686,53.55
,,,,,
Fr,5/9/2025,61.858,62.491,55.607,53.521
Th,5/8/2025,61.368,62.255,55.466,53.457
We,5/7/2025,63.414,62.001,55.328,53.405
Tu,5/6/2025,64.764,61.705,55.163,53.34
Mo,5/5/2025,63.693,61.385,54.988,53.262
,,,,,
Fr,5/2/2025,64.328,61.08,54.826,53.184
Th,5/1/2025,67.49,60.729,54.653,53.105
We,4/30/2025,67.118,60.312,54.451,53.008
Tu,4/29/2025,66.99,59.901,54.256,52.916
Mo,4/28/2025,67.295,59.496,54.061,52.826
,,,,,
Fr,4/25/2025,66.417,59.088,53.86,52.736
Th,4/24/2025,66.419,58.711,53.672,52.649
We,4/23/2025,68.808,58.341,53.49,52.566
Tu,4/22/2025,72.265,57.924,53.284,52.472
Mo,4/21/2025,73.755,57.45,53.041,52.365
,,,,,
Th,4/17/2025,70.019,56.934,52.79,52.258
We,4/16/2025,71.758,56.491,52.578,52.175
Tu,4/15/2025,69.824,56.018,52.351,52.083
Mo,4/14/2025,70.99,55.596,52.142,52.006
,,,,,
Fr,4/11/2025,72.978,55.149,51.922,51.921
Th,4/10/2025,74.8,54.652,51.687,51.823
We,4/9/2025,67.982,54.124,51.429,51.715
Tu,4/8/2025,81.052,53.728,51.232,51.641
Mo,4/7/2025,76.52,53.082,50.903,51.497
,,,,,
Fr,4/4/2025,72.201,52.513,50.609,51.38
Th,4/3/2025,67.153,52.024,50.368,51.288
We,4/2/2025,59.695,51.645,50.185,51.208
Tu,4/1/2025,60.785,51.402,50.107,51.156
Mo,3/31/2025,61.451,51.163,50.038,51.105
,,,,,
Fr,3/28/2025,61.175,50.921,49.953,51.048
Th,3/27/2025,59.165,50.672,49.88,50.993
We,3/26/2025,58.052,50.504,49.817,50.948
Tu,3/25/2025,56.862,50.378,49.758,50.908
Mo,3/24/2025,57.165,50.271,49.709,50.877
,,,,,
Fr,3/21/2025,59.545,50.135,49.667,50.838
Th,3/20/2025,58.239,49.946,49.597,50.79
We,3/19/2025,52.52,49.771,49.547,50.752
Tu,3/18/2025,54.275,49.69,49.545,50.743
Mo,3/17/2025,53.946,49.578,49.522,50.721
,,,,,
Fr,3/14/2025,55.127,49.485,49.495,50.698
Th,3/13/2025,57.332,49.38,49.459,50.674
We,3/12/2025,55.495,49.237,49.398,50.636
Tu,3/11/2025,55.529,49.112,49.359,50.603
Mo,3/10/2025,54.557,48.967,49.321,50.569
,,,,,
Fr,3/7/2025,51.482,48.849,49.298,50.54
Th,3/6/2025,51.926,48.812,49.306,50.529
We,3/5/2025,49.834,48.759,49.315,50.515
Tu,3/4/2025,49.684,48.791,49.355,50.518
Mo,3/3/2025,50.275,48.806,49.386,50.524
,,,,,
Fr,2/28/2025,49.2,48.755,49.424,50.525
Th,2/27/2025,50.021,48.722,49.465,50.53
We,2/26/2025,48.692,48.678,49.508,50.532
Tu,2/25/2025,48.609,48.655,49.549,50.54
Mo,2/24/2025,48.748,48.62,49.588,50.548
,,,,,
Fr,2/21/2025,48.47,48.592,49.624,50.556
Th,2/20/2025,46.754,48.572,49.671,50.572
We,2/19/2025,46.64,48.578,49.729,50.603
Tu,2/18/2025,46.583,48.591,49.792,50.639
,,,,,
Fr,2/14/2025,46.748,48.611,49.849,50.665
Th,2/13/2025,46.86,48.625,49.858,50.691
We,2/12/2025,47.58,48.633,49.881,50.724
Tu,2/11/2025,47.95,48.634,49.901,50.753
Mo,2/10/2025,47.946,48.638,49.914,50.776
,,,,,
Fr,2/7/2025,48.529,48.643,49.933,50.807
Th,2/6/2025,47.99,48.633,49.957,50.848
We,2/5/2025,47.87,48.645,49.995,50.896
Tu,2/4/2025,48.077,48.665,50.047,50.946
Mo,2/3/2025,48.737,48.684,50.082,50.995
,,,,,
Fr,1/31/2025,48.656,48.687,50.135,51.038
Th,1/30/2025,48.139,48.695,50.166,51.068
We,1/29/2025,48.36,48.721,50.204,51.091
Tu,1/28/2025,48.187,48.734,50.242,51.114
Mo,1/27/2025,48.757,48.737,50.253,51.128
,,,,,
Fr,1/24/2025,48.073,48.723,50.261,51.14
Th,1/23/2025,47.734,48.706,50.28,51.162
We,1/22/2025,48.248,48.712,50.295,51.193
Tu,1/21/2025,47.503,48.725,50.307,51.211
,,,,,
Fr,1/17/2025,48.863,48.813,50.324,51.237
Th,1/16/2025,49.348,48.912,50.347,51.253
We,1/15/2025,48.718,48.986,50.359,51.264
Tu,1/14/2025,50.749,49.088,50.384,51.277
Mo,1/13/2025,51.789,49.13,50.385,51.289
,,,,,
Fr,1/10/2025,51.501,49.138,50.377,51.293
Th,1/9/2025,50.356,49.148,50.383,51.297
We,1/8/2025,50.114,49.198,50.432,51.3
Tu,1/7/2025,49.466,49.247,50.507,51.306
Mo,1/6/2025,48.476,49.323,50.608,51.3
,,,,,
Fr,1/3/2025,48.655,49.401,50.7,51.303
Th,1/2/2025,49.325,49.467,50.792,51.31
Tu,12/31/2024,49.842,49.504,50.91,51.309
Mo,12/30/2024,50.205,49.539,51.015,51.301
,,,,,
Fr,12/27/2024,49.258,49.559,51.121,51.292
Th,12/26/2024,48.255,49.606,51.211,51.293
Tu,12/24/2024,48.688,49.676,51.274,51.3
Mo,12/23/2024,49.612,49.746,51.305,51.307
,,,,,
Fr,12/20/2024,49.293,49.8,51.335,51.312
Th,12/19/2024,51.405,49.871,51.359,51.324
We,12/18/2024,50.423,49.919,51.356,51.323
Tu,12/17/2024,47.77,49.966,51.375,51.328
Mo,12/16/2024,47.516,50.092,51.414,51.352
,,,,,
Fr,12/13/2024,47.812,50.209,51.434,51.379
Th,12/12/2024,47.567,50.339,51.449,51.4
We,12/11/2024,46.859,50.442,51.481,51.424
Tu,12/10/2024,47.339,50.556,51.518,51.448
Mo,12/9/2024,47.459,50.656,51.536,51.465
,,,,,
Fr,12/6/2024,47.073,50.77,51.541,51.491
Th,12/5/2024,47.288,50.88,51.556,51.52
We,12/4/2024,47.592,50.994,51.565,51.55
Tu,12/3/2024,47.445,51.087,51.575,51.573
Mo,12/2/2024,47.263,51.092,51.591,51.606
,,,,,
Fr,11/29/2024,47.611,51.13,51.612,51.645
We,11/27/2024,48.156,51.168,51.626,51.675
Tu,11/26/2024,48.206,51.191,51.643,51.705
Mo,11/25/2024,48.028,51.223,51.661,51.74
,,,,,
Fr,11/22/2024,48.59,51.28,51.688,51.778
Th,11/21/2024,48.882,51.345,51.726,51.813
We,11/20/2024,48.993,51.428,51.772,51.846
Tu,11/19/2024,48.929,51.481,51.816,51.874
Mo,11/18/2024,49.039,51.583,51.871,51.904
,,,,,
Fr,11/15/2024,49.438,51.637,51.92,51.942
Th,11/14/2024,48.986,51.688,51.958,51.967
We,11/13/2024,48.364,51.75,52,51.991
Tu,11/12/2024,48.061,51.768,52.05,52.022
,,,,,
Fr,11/8/2024,47.214,51.8,52.092,52.054
Th,11/7/2024,48.035,51.853,52.15,52.097
We,11/6/2024,48.894,51.877,52.208,52.134
Tu,11/5/2024,51.907,51.889,52.231,52.165
Mo,11/4/2024,53.82,51.835,52.205,52.179
,,,,,
Fr,11/1/2024,53.016,51.782,52.172,52.186
Th,10/31/2024,53.849,51.733,52.143,52.205
We,10/30/2024,52.84,51.68,52.105,52.216
Tu,10/29/2024,52.21,51.639,52.08,52.225
Mo,10/28/2024,51.965,51.615,52.057,52.237
,,,,,
Fr,10/25/2024,52.87,51.619,52.044,52.253
Th,10/24/2024,52.544,51.666,52.01,52.271
We,10/23/2024,53.28,51.768,51.983,52.293
Tu,10/22/2024,52.358,51.893,51.957,52.324
Mo,10/21/2024,51.959,52,51.941,52.362
,,,,,
Fr,10/18/2024,51.194,52.117,51.921,52.405
Th,10/17/2024,51.597,52.315,51.901,52.441
We,10/16/2024,51.209,52.491,51.89,52.467
Tu,10/15/2024,51.617,52.682,51.874,52.49
,,,,,
Fr,10/11/2024,51.725,52.815,51.847,52.508
Th,10/10/2024,52.224,52.873,51.816,52.529
We,10/9/2024,52.283,52.864,51.782,52.548
Tu,10/8/2024,52.834,52.869,51.753,52.564
Mo,10/7/2024,53.818,52.848,51.715,52.593
,,,,,
Fr,10/4/2024,52.783,52.793,51.68,52.609
Th,10/3/2024,54.074,52.784,51.662,52.634
We,10/2/2024,53.347,52.735,51.627,52.651
Tu,10/1/2024,54.341,52.66,51.595,52.668
Mo,9/30/2024,52.705,52.558,51.556,52.674
,,,,,
Fr,9/27/2024,52.571,52.52,51.531,52.709
Th,9/26/2024,52.31,52.479,51.507,52.754
We,9/25/2024,53.178,52.415,51.489,52.8
Tu,9/24/2024,52.561,52.312,51.472,52.846
Mo,9/23/2024,52.986,52.231,51.477,52.898
,,,,,
Fr,9/20/2024,52.23,52.136,51.485,52.947
Th,9/19/2024,47.691,52.064,51.481,52.997
We,9/18/2024,49.162,52.09,51.524,53.064
Tu,9/17/2024,49.53,52.095,51.567,53.13
Mo,9/16/2024,49.299,52.084,51.606,53.198
,,,,,
Fr,9/13/2024,49.823,52.094,51.637,53.267
Th,9/12/2024,50.888,52.099,51.681,53.336
We,9/11/2024,51.824,52.096,51.74,53.398
Tu,9/10/2024,53.036,52.107,51.796,53.452
Mo,9/9/2024,51.645,52.115,51.845,53.506
,,,,,
Fr,9/6/2024,54.02,52.151,51.907,53.566
Th,9/5/2024,51.75,52.158,51.941,53.618
We,9/4/2024,51.969,52.203,51.97,53.686
Tu,9/3/2024,52.107,52.229,51.978,53.753
,,,,,
Fr,8/30/2024,49.259,52.251,51.987,53.816
Th,8/29/2024,49.63,52.333,52.003,53.907
We,8/28/2024,49.9,52.384,52.019,53.999
Tu,8/27/2024,49.238,52.446,52.045,54.102
Mo,8/26/2024,49.464,52.538,52.09,54.203
,,,,,
Fr,8/23/2024,49.208,52.573,52.116,54.304
Th,8/22/2024,51.198,52.575,52.151,54.414
We,8/21/2024,50.548,52.563,52.159,54.508
Tu,8/20/2024,51.213,52.554,52.169,54.616
Mo,8/19/2024,50.79,52.53,52.17,54.74
,,,,,
Fr,8/16/2024,50.979,52.52,52.194,54.883
Th,8/15/2024,52.186,52.499,52.21,55.035
We,8/14/2024,55.24,52.469,52.211,55.182
Tu,8/13/2024,57.63,52.354,52.168,55.311
Mo,8/12/2024,59.51,52.198,52.105,55.427
,,,,,
Fr,8/9/2024,57.718,52.021,51.992,55.516
Th,8/8/2024,57.793,51.883,51.906,55.623
We,8/7/2024,61.12,51.725,51.828,55.741
Tu,8/6/2024,60.375,51.487,51.709,55.843
Mo,8/5/2024,60.777,51.289,51.586,55.932
,,,,,
Fr,8/2/2024,58.268,51.067,51.463,56.005
Th,8/1/2024,54.609,50.879,51.376,56.087
We,7/31/2024,51.809,50.759,51.326,56.198
Tu,7/30/2024,52.52,50.699,51.309,56.314
Mo,7/29/2024,51.778,50.637,51.29,56.419
,,,,,
Fr,7/26/2024,51.048,50.581,51.289,56.532
Th,7/25/2024,52.347,50.568,51.29,56.653
We,7/24/2024,51.618,50.539,51.282,56.783
Tu,7/23/2024,49.604,50.519,51.29,56.909
Mo,7/22/2024,49.243,50.531,51.324,57.051
,,,,,
Fr,7/19/2024,50.83,50.553,51.35,57.178
Th,7/18/2024,50.494,50.541,51.367,57.294
We,7/17/2024,49.121,50.535,51.378,57.406
Tu,7/16/2024,48.028,50.563,51.395,57.53
Mo,7/15/2024,48.523,50.633,51.44,57.663
,,,,,
Fr,7/12/2024,48.2,50.723,51.485,57.785
Th,7/11/2024,48.64,50.835,51.535,57.907
We,7/10/2024,48.979,50.899,51.572,58.028
Tu,7/9/2024,49.423,50.958,51.622,58.134
Mo,7/8/2024,49.008,51.039,51.678,58.203
,,,,,
Fr,7/5/2024,49.797,51.127,51.724,58.273
We,7/3/2024,50.034,51.179,51.768,58.339
Tu,7/2/2024,50.732,51.263,51.82,58.401
Mo,7/1/2024,52.388,51.384,51.868,58.464
,,,,,
Fr,6/28/2024,53.452,51.485,51.901,58.524
Th,6/27/2024,53.451,51.574,51.92,58.573
We,6/26/2024,54.357,51.663,51.931,58.627
Tu,6/25/2024,53.985,51.725,51.938,58.677
Mo,6/24/2024,53.275,51.736,51.965,58.73
,,,,,
Fr,6/21/2024,53.196,51.727,51.975,58.785
Th,6/20/2024,53.369,51.723,51.983,58.836
Tu,6/18/2024,52.18,51.674,51.993,58.886
Mo,6/17/2024,53.032,51.654,52.017,58.939
,,,,,
Fr,6/14/2024,53.827,51.644,52.044,58.987
Th,6/13/2024,51.197,51.642,52.059,59.038
We,6/12/2024,49.321,51.659,52.099,59.108
Tu,6/11/2024,50.566,51.727,52.153,59.2
Mo,6/10/2024,50.107,51.756,52.2,59.273
,,,,,
Fr,6/7/2024,50.013,51.784,52.266,59.367
Th,6/6/2024,50.326,51.81,52.326,59.465
We,6/5/2024,49.894,51.868,52.371,59.567
Tu,6/4/2024,50.679,51.92,52.417,59.669
Mo,6/3/2024,49.503,51.954,52.462,59.761
,,,,,
Fr,5/31/2024,49.845,51.982,52.533,59.851
Th,5/30/2024,50.657,52.012,52.603,59.93
We,5/29/2024,50.79,51.963,52.691,60.008
Tu,5/28/2024,49.898,51.929,52.782,60.088
,,,,,
Fr,5/24/2024,49.225,51.93,52.889,60.175
Th,5/23/2024,50.463,51.932,52.981,60.267
We,5/22/2024,49.684,51.884,53.044,60.349
Tu,5/21/2024,48.902,51.859,53.106,60.441
Mo,5/20/2024,48.601,51.872,53.169,60.532
,,,,,
Fr,5/17/2024,48.802,51.893,53.241,60.622
Th,5/16/2024,49.4,51.918,53.315,60.7
We,5/15/2024,49.008,51.942,53.375,60.767
Tu,5/14/2024,50.37,51.997,53.472,60.835
Mo,5/13/2024,50.929,52.013,53.537,60.908
,,,,,
Fr,5/10/2024,50.617,52.024,53.606,60.971
Th,5/9/2024,50.178,52.06,53.675,61.041
We,5/8/2024,50.375,52.118,53.74,61.115
Tu,5/7/2024,50.213,52.147,53.792,61.189
Mo,5/6/2024,50.181,52.193,53.888,61.266
,,,,,
Fr,5/3/2024,50.513,52.221,54,61.344
Th,5/2/2024,51.528,52.228,54.111,61.418
We,5/1/2024,53.026,52.248,54.219,61.491
Tu,4/30/2024,53.829,52.247,54.319,61.562
Mo,4/29/2024,51.831,52.234,54.408,61.618
,,,,,
Fr,4/26/2024,51.904,52.244,54.512,61.676
Th,4/25/2024,53.502,52.286,54.605,61.746
We,4/24/2024,53.418,52.317,54.694,61.819
Tu,4/23/2024,52.395,52.321,54.79,61.902
Mo,4/22/2024,54.21,52.356,54.896,61.994
,,,,,
Fr,4/19/2024,56.815,52.377,54.992,62.067
Th,4/18/2024,57.432,52.352,55.056,62.115
We,4/17/2024,57.877,52.316,55.107,62.159
Tu,4/16/2024,57.891,52.265,55.167,62.215
Mo,4/15/2024,57.47,52.2,55.226,62.273
,,,,,
Fr,4/12/2024,54.559,52.152,55.295,62.342
Th,4/11/2024,52.78,52.193,55.403,62.438
We,4/10/2024,53.03,52.224,55.529,62.537
Tu,4/9/2024,50.886,52.242,55.645,62.628
Mo,4/8/2024,51.194,52.313,55.811,62.728
,,,,,
Fr,4/5/2024,52.536,52.381,55.979,62.822
Th,4/4/2024,53.756,52.445,56.158,62.907
We,4/3/2024,52.017,52.476,56.315,62.99
Tu,4/2/2024,52.721,52.539,56.492,63.086
Mo,4/1/2024,52.031,52.578,56.677,63.172
,,,,,
Th,3/28/2024,51.489,52.645,56.857,63.265
We,3/27/2024,51.302,52.749,57.064,63.361
Tu,3/26/2024,53.246,52.843,57.31,63.458
Mo,3/25/2024,52.515,52.873,57.573,63.551
,,,,,
Fr,3/22/2024,52.34,52.913,57.86,63.644
Th,3/21/2024,50.911,52.971,58.154,63.742
We,3/20/2024,51.363,53.083,58.454,63.844
Tu,3/19/2024,48.22,53.194,58.749,63.956
Mo,3/18/2024,49.047,53.418,59.04,64.093
,,,,,
Fr,3/15/2024,49.988,53.636,59.341,64.22
Th,3/14/2024,49.3,53.848,59.654,64.347
We,3/13/2024,48.087,54.031,59.977,64.487
Tu,3/12/2024,48.434,54.203,60.277,64.644
Mo,3/11/2024,49.541,54.352,60.547,64.794
,,,,,
Fr,3/8/2024,49.641,54.466,60.798,64.93
Th,3/7/2024,50.074,54.59,61.071,65.08
We,3/6/2024,50.607,54.711,61.318,65.227
Tu,3/5/2024,51.725,54.807,61.548,65.377
Mo,3/4/2024,51.154,54.947,61.774,65.536
,,,,,
Fr,3/1/2024,51.499,55.061,62.015,65.684
Th,2/29/2024,52.413,55.188,62.284,65.832
We,2/28/2024,53.066,55.29,62.529,65.974
Tu,2/27/2024,51.865,55.363,62.778,66.112
Mo,2/26/2024,52.48,55.436,63.006,66.264
,,,,,
Fr,2/23/2024,51.569,55.584,63.221,66.408
Th,2/22/2024,50.878,55.78,63.435,66.553
We,2/21/2024,52.524,55.994,63.665,66.715
Tu,2/20/2024,52.981,56.191,63.885,66.86
,,,,,
Fr,2/16/2024,53.184,56.391,64.085,66.994
Th,2/15/2024,52.343,56.582,64.279,67.116
We,2/14/2024,54.015,56.779,64.483,67.233
Tu,2/13/2024,55.056,56.923,64.646,67.344
Mo,2/12/2024,53.619,57.07,64.727,67.464
,,,,,
Fr,2/9/2024,54.136,57.258,64.822,67.586
Th,2/8/2024,55.243,57.436,64.911,67.693
We,2/7/2024,55.557,57.607,64.981,67.797
Tu,2/6/2024,55.659,57.759,65.06,67.904
Mo,2/5/2024,55.323,57.898,65.146,68.002
,,,,,
Fr,2/2/2024,54.609,58.07,65.227,68.093
Th,2/1/2024,55.079,58.252,65.324,68.188
We,1/31/2024,56.614,58.438,65.415,68.283
Tu,1/30/2024,54.318,58.613,65.496,68.375
Mo,1/29/2024,53.944,58.834,65.595,68.49
,,,,,
Fr,1/26/2024,54.419,59.049,65.689,68.604
Th,1/25/2024,54.597,59.309,65.78,68.723
We,1/24/2024,55.752,59.577,65.86,68.839
Tu,1/23/2024,55.307,59.871,65.929,68.957
Mo,1/22/2024,55.165,60.155,66.016,69.084
,,,,,
Fr,1/19/2024,54.689,60.444,66.117,69.2
Th,1/18/2024,55.351,60.777,66.246,69.308
We,1/17/2024,56.69,61.069,66.345,69.411
Tu,1/16/2024,56.026,61.379,66.469,69.516
,,,,,
Fr,1/12/2024,54.757,61.777,66.604,69.632
Th,1/11/2024,54.491,62.272,66.763,69.778
We,1/10/2024,55.248,62.806,66.922,69.921
Tu,1/9/2024,56.524,63.336,67.06,70.069
Mo,1/8/2024,56.908,63.824,67.17,70.217
,,,,,
Fr,1/5/2024,59.397,64.303,67.258,70.349
Th,1/4/2024,59.971,64.662,67.325,70.453
We,1/3/2024,60.56,65.045,67.393,70.595
Tu,1/2/2024,58.46,65.46,67.461,70.732
,,,,,
Fr,12/29/2023,56.696,65.922,67.554,70.854
Th,12/28/2023,55.881,66.352,67.654,71.012
We,12/27/2023,55.242,66.742,67.777,71.158
Tu,12/26/2023,55.838,67.131,67.896,71.336
,,,,,
Fr,12/22/2023,56.127,67.552,68.002,71.472
Th,12/21/2023,55.422,67.926,68.085,71.585
We,12/20/2023,58.685,68.288,68.159,71.68
Tu,12/19/2023,56.898,68.602,68.198,71.752
Mo,12/18/2023,57.833,68.969,68.279,71.821
,,,,,
Fr,12/15/2023,57.504,69.38,68.336,71.886
Th,12/14/2023,56.704,69.768,68.408,71.973
We,12/13/2023,55.554,70.193,68.489,72.067
Tu,12/12/2023,59.842,70.576,68.585,72.171
Mo,12/11/2023,61.393,70.858,68.644,72.249
,,,,,
Fr,12/8/2023,61.55,71.089,68.687,72.327
Th,12/7/2023,62.377,71.337,68.725,72.391
We,12/6/2023,62.989,71.579,68.763,72.459
Tu,12/5/2023,62.76,71.78,68.805,72.53
Mo,12/4/2023,62.17,71.976,68.827,72.58
,,,,,
Fr,12/1/2023,61.214,72.188,68.841,72.635
Th,11/30/2023,62.413,72.369,68.888,72.684
We,11/29/2023,62.995,72.385,68.944,72.727
Tu,11/28/2023,63.058,72.387,69.015,72.768
Mo,11/27/2023,63.791,72.386,69.092,72.817
,,,,,
Fr,11/24/2023,63.178,72.356,69.142,72.853
We,11/22/2023,62.611,72.361,69.175,72.886
Tu,11/21/2023,63.88,72.394,69.211,72.917
Mo,11/20/2023,63.732,72.384,69.262,72.948
,,,,,
Fr,11/17/2023,64.4,72.396,69.321,72.975
Th,11/16/2023,65.329,72.392,69.388,72.989
We,11/15/2023,65.376,72.378,69.474,73.005
Tu,11/14/2023,64.698,72.357,69.545,73.035
Mo,11/13/2023,67.418,72.329,69.61,73.079
,,,,,
Fr,11/10/2023,68.019,72.251,69.645,73.1
Th,11/9/2023,70.445,72.142,69.666,73.117
We,11/8/2023,69.478,71.988,69.655,73.123
Tu,11/7/2023,69.636,71.878,69.664,73.133
Mo,11/6/2023,71.31,71.79,69.68,73.145
,,,,,
Fr,11/3/2023,69.978,71.716,69.667,73.159
Th,11/2/2023,72.164,71.62,69.673,73.189
We,11/1/2023,75.937,71.559,69.658,73.198
Tu,10/31/2023,79.509,71.431,69.606,73.178
Mo,10/30/2023,81.22,71.253,69.529,73.133
,,,,,
Fr,10/27/2023,81.732,71.038,69.429,73.081
Th,10/26/2023,80.911,70.783,69.331,73.034
We,10/25/2023,80.87,70.516,69.235,73.003
Tu,10/24/2023,77.342,70.213,69.164,72.972
Mo,10/23/2023,79.128,69.988,69.147,72.958
,,,,,
Fr,10/20/2023,81.326,69.741,69.099,72.955
Th,10/19/2023,81.56,69.462,69.04,72.941
We,10/18/2023,78.155,69.185,68.997,72.935
Tu,10/17/2023,75.404,68.956,69.01,72.954
Mo,10/16/2023,74.674,68.812,69.041,72.986
,,,,,
Fr,10/13/2023,76.88,68.661,69.063,73.033
Th,10/12/2023,74.84,68.453,69.089,73.052
We,10/11/2023,73.548,68.243,69.136,73.082
Tu,10/10/2023,74.343,68.03,69.205,73.128
,,,,,
Fr,10/6/2023,75.28,67.795,69.297,73.162
Th,10/5/2023,78.359,67.588,69.353,73.218
We,10/4/2023,76.921,67.292,69.379,73.252
Tu,10/3/2023,77.957,67.048,69.419,73.284
Mo,10/2/2023,74.704,66.785,69.445,73.297
,,,,,
Fr,9/29/2023,73.927,66.594,69.521,73.303
Th,9/28/2023,72.975,66.43,69.596,73.313
We,9/27/2023,73.945,66.285,69.672,73.338
Tu,9/26/2023,74.485,66.113,69.765,73.37
Mo,9/25/2023,73.015,65.947,69.836,73.406
,,,,,
Fr,9/22/2023,72.541,65.829,69.903,73.451
Th,9/21/2023,72.785,65.678,69.953,73.503
We,9/20/2023,70.27,65.494,69.983,73.539
Tu,9/19/2023,63.202,65.407,70.042,73.577
Mo,9/18/2023,63.101,65.504,70.2,73.646
,,,,,
Fr,9/15/2023,63.009,65.642,70.35,73.708
Th,9/14/2023,62.29,65.798,70.476,73.799
We,9/13/2023,63.414,65.929,70.613,73.898
Tu,9/12/2023,64.292,65.989,70.749,73.971
Mo,9/11/2023,63.342,66.028,70.858,74.037
,,,,,
Fr,9/8/2023,64.335,66.141,70.96,74.119
Th,9/7/2023,64.232,66.247,71.053,74.205
We,9/6/2023,64.637,66.384,71.15,74.293
Tu,9/5/2023,64.29,66.57,71.254,74.386
,,,,,
Fr,9/1/2023,63.29,66.733,71.385,74.479
Th,8/31/2023,63.523,66.891,71.518,74.577
We,8/30/2023,62.611,67.04,71.666,74.677
Tu,8/29/2023,62.702,67.189,71.819,74.78
Mo,8/28/2023,64.011,67.322,71.985,74.927
,,,,,
Fr,8/25/2023,65.205,67.45,72.152,75.051
Th,8/24/2023,67.643,67.57,72.283,75.168
We,8/23/2023,65.188,67.618,72.37,75.28
Tu,8/22/2023,69.069,67.726,72.476,75.424
Mo,8/21/2023,69.556,67.757,72.563,75.535
,,,,,
Fr,8/18/2023,70.621,67.78,72.661,75.631
Th,8/17/2023,70.436,67.805,72.793,75.729
We,8/16/2023,69.009,67.821,72.92,75.815
Tu,8/15/2023,67.563,67.88,73.078,75.936
Mo,8/14/2023,65.69,67.954,73.264,76.06
,,,,,
Fr,8/11/2023,66.096,68.115,73.439,76.195
Th,8/10/2023,66.798,68.306,73.581,76.333
We,8/9/2023,67.357,68.457,73.798,76.47
Tu,8/8/2023,67.718,68.617,74.003,76.629
Mo,8/7/2023,66.723,68.808,74.154,76.772
,,,,,
Fr,8/4/2023,68.173,69.064,74.37,76.91
Th,8/3/2023,67.144,69.271,74.539,77.061
We,8/2/2023,66.484,69.464,74.776,77.246
Tu,8/1/2023,64.351,69.724,74.942,77.419
Mo,7/31/2023,62.901,70.03,75.086,77.61
,,,,,
Fr,7/28/2023,62.571,70.38,75.2,77.812
Th,7/27/2023,64.96,70.799,75.306,78.006
We,7/26/2023,63.559,71.118,75.363,78.175
Tu,7/25/2023,64.694,71.466,75.436,78.343
Mo,7/24/2023,64.815,71.791,75.537,78.509
,,,,,
Fr,7/21/2023,65.16,72.105,75.644,78.707
Th,7/20/2023,65.73,72.449,75.757,78.921
We,7/19/2023,65.738,72.762,75.854,79.129
Tu,7/18/2023,65.345,73.058,75.966,79.331
Mo,7/17/2023,66.169,73.416,76.056,79.56
,,,,,
Fr,7/14/2023,67.114,73.725,76.156,79.778
Th,7/13/2023,65.008,73.978,76.255,79.972
We,7/12/2023,63.565,74.228,76.333,80.159
Tu,7/11/2023,65.898,74.472,76.429,80.344
Mo,7/10/2023,68.054,74.677,76.48,80.507
,,,,,
Fr,7/7/2023,70.031,74.897,76.51,80.601
Th,7/6/2023,70.803,75.057,76.522,80.696
We,7/5/2023,68.821,75.153,76.542,80.788
Mo,7/3/2023,66.446,75.298,76.563,80.871
,,,,,
Fr,6/30/2023,66.22,75.508,76.598,80.968
Th,6/29/2023,68.994,75.688,76.622,81.033
We,6/28/2023,69.619,75.78,76.634,81.093
Tu,6/27/2023,71.111,75.86,76.628,81.163
Mo,6/26/2023,73.913,75.917,76.589,81.235
,,,,,
Fr,6/23/2023,72.467,75.938,76.535,81.321
Th,6/22/2023,71.16,76.037,76.524,81.418
We,6/21/2023,70.993,76.146,76.549,81.515
Tu,6/20/2023,70.053,76.292,76.554,81.622
,,,,,
Fr,6/16/2023,69.369,76.449,76.569,81.727
Th,6/15/2023,70.395,76.647,76.591,81.821
We,6/14/2023,71.205,76.854,76.602,81.899
Tu,6/13/2023,70.045,76.997,76.61,81.948
Mo,6/12/2023,70.586,77.121,76.65,82.011
,,,,,
Fr,6/9/2023,70.628,77.227,76.705,82.081
Th,6/8/2023,70.706,77.369,76.738,82.151
We,6/7/2023,71.89,77.541,76.751,82.202
Tu,6/6/2023,71.204,77.781,76.736,82.229
Mo,6/5/2023,71.943,78.019,76.733,82.264
,,,,,
Fr,6/2/2023,71.288,78.276,76.737,82.283
Th,6/1/2023,73.752,78.573,76.771,82.298
We,5/31/2023,75.632,78.763,76.78,82.297
Tu,5/30/2023,74.355,78.855,76.769,82.307
,,,,,
Fr,5/26/2023,75.375,79.138,76.812,82.316
Th,5/25/2023,77.268,79.388,76.843,82.355
We,5/24/2023,79.523,79.499,76.873,82.373
Tu,5/23/2023,78.484,79.676,76.898,82.379
Mo,5/22/2023,76.816,79.807,76.931,82.391
,,,,,
Fr,5/19/2023,79.492,80.089,77.004,82.414
Th,5/18/2023,79.618,80.159,77.016,82.439
We,5/17/2023,80.431,80.143,77.028,82.453
Tu,5/16/2023,83.52,80.019,77.051,82.453
Mo,5/15/2023,80.899,79.813,77.028,82.438
,,,,,
Fr,5/12/2023,80.985,79.608,77.084,82.451
Th,5/11/2023,80.92,79.405,77.124,82.482
We,5/10/2023,80.535,79.283,77.148,82.506
Tu,5/9/2023,82.32,79.183,77.148,82.534
Mo,5/8/2023,81.378,79.065,77.085,82.541
,,,,,
Fr,5/5/2023,80.551,78.947,77.029,82.557
Th,5/4/2023,83.231,78.874,77.004,82.583
We,5/3/2023,81.619,78.696,76.975,82.624
Tu,5/2/2023,79.763,78.587,76.976,82.668
Mo,5/1/2023,77.533,78.532,76.999,82.743
,,,,,
Fr,4/28/2023,75.765,78.438,77.052,82.825
Th,4/27/2023,76.143,78.386,77.095,82.909
We,4/26/2023,79.046,78.282,77.112,82.989
Tu,4/25/2023,78.06,78.123,77.091,83.046
Mo,4/24/2023,75.583,77.987,77.067,83.121
,,,,,
Fr,4/21/2023,76.051,77.931,77.121,83.235
Th,4/20/2023,76.991,77.829,77.182,83.35
We,4/19/2023,75.22,77.687,77.193,83.468
Tu,4/18/2023,73.565,77.556,77.215,83.598
Mo,4/17/2023,73.604,77.488,77.278,83.731
,,,,,
Fr,4/14/2023,73.964,77.397,77.356,83.86
Th,4/13/2023,74.988,77.262,77.435,83.966
We,4/12/2023,77.395,77.133,77.518,84.061
Tu,4/11/2023,76.63,77.012,77.573,84.168
Mo,4/10/2023,78.282,76.953,77.636,84.285
,,,,,
Fr,4/7/2023,77.906,76.817,77.687,84.383
Th,4/6/2023,79.294,76.688,77.74,84.494
We,4/5/2023,80.716,76.534,77.87,84.609
Tu,4/4/2023,78.344,76.351,77.95,84.682
Mo,4/3/2023,76.286,76.223,78.052,84.784
,,,,,
Fr,3/31/2023,75.858,76.179,78.189,84.895
Th,3/30/2023,77.75,76.183,78.371,84.974
We,3/29/2023,79.307,76.106,78.507,85.022
Tu,3/28/2023,83.866,75.96,78.601,85.044
Mo,3/27/2023,83.092,75.692,78.665,85.031
,,,,,
Fr,3/24/2023,84.817,75.447,78.709,85.024
Th,3/23/2023,86.153,75.197,78.793,85.008
We,3/22/2023,83.25,74.969,78.855,84.975
Tu,3/21/2023,80.229,74.796,78.95,84.963
Mo,3/20/2023,88.504,74.683,79.085,84.96
,,,,,
Fr,3/17/2023,87.87,74.485,79.142,84.913
Th,3/16/2023,82.791,74.298,79.254,84.88
We,3/15/2023,88.395,74.248,79.39,84.88
Tu,3/14/2023,85.003,74.121,79.45,84.873
Mo,3/13/2023,90.914,74.055,79.584,84.889
,,,,,
Fr,3/10/2023,83.034,73.919,79.715,84.887
Th,3/9/2023,78.786,73.873,79.896,84.921
We,3/8/2023,74.265,73.914,80.133,84.981
Tu,3/7/2023,73.18,74.082,80.424,85.029
Mo,3/6/2023,70.654,74.243,80.706,85.095
,,,,,
Fr,3/3/2023,70.849,74.56,80.987,85.169
Th,3/2/2023,74.835,74.843,81.25,85.251
We,3/1/2023,75.536,75.013,81.482,85.316
Tu,2/28/2023,76.383,75.113,81.77,85.374
Mo,2/27/2023,75.506,75.105,82.086,85.438
,,,,,
Fr,2/24/2023,76.874,75.111,82.404,85.495
Th,2/23/2023,74.364,75.134,82.697,85.528
We,2/22/2023,76.14,75.255,83.065,85.547
Tu,2/21/2023,77.036,75.365,83.4,85.569
,,,,,
Fr,2/17/2023,72.805,75.465,83.689,85.598
Th,2/16/2023,73.174,75.667,83.985,85.652
We,2/15/2023,70.965,75.804,84.259,85.691
Tu,2/14/2023,71.078,75.941,84.534,85.746
Mo,2/13/2023,71.253,76.06,84.691,85.801
,,,,,
Fr,2/10/2023,72.821,76.148,84.871,85.83
Th,2/9/2023,70.934,76.311,85.035,85.863
We,2/8/2023,69.863,76.535,85.178,85.888
Tu,2/7/2023,68.711,76.698,85.339,85.902
Mo,2/6/2023,70.166,76.874,85.444,85.93
,,,,,
Fr,2/3/2023,69.044,77.067,85.552,85.946
Th,2/2/2023,67.198,77.315,85.699,85.966
We,2/1/2023,68.521,77.608,85.881,85.987
Tu,1/31/2023,71.383,77.903,86.107,86.009
Mo,1/30/2023,73.651,78.134,86.312,86.016
,,,,,
Fr,1/27/2023,71.474,78.32,86.48,86.001
Th,1/26/2023,71.482,78.558,86.689,85.984
We,1/25/2023,71.587,78.792,86.885,85.964
Tu,1/24/2023,71.564,79.205,87.052,85.937
Mo,1/23/2023,71.942,79.55,87.196,85.898
,,,,,
Fr,1/20/2023,74.082,79.881,87.286,85.871
Th,1/19/2023,76.077,80.2,87.372,85.837
We,1/18/2023,73.903,80.559,87.458,85.788
Tu,1/17/2023,71.983,80.907,87.563,85.749
,,,,,
Fr,1/13/2023,70.483,81.242,87.654,85.74
Th,1/12/2023,70.82,81.638,87.722,85.748
We,1/11/2023,72.349,81.972,87.795,85.748
Tu,1/10/2023,74.723,82.389,87.83,85.746
Mo,1/9/2023,74.626,82.742,87.826,85.721
,,,,,
Fr,1/6/2023,74.566,83.105,87.815,85.708
Th,1/5/2023,78.626,83.486,87.844,85.656
We,1/4/2023,78.525,83.798,87.821,85.59
Tu,1/3/2023,80.267,84.21,87.866,85.534
,,,,,
Fr,12/30/2022,82.024,84.533,87.873,85.497
Th,12/29/2022,81.71,84.779,87.859,85.464
We,12/28/2022,84.111,85.112,87.851,85.429
Tu,12/27/2022,80.753,85.511,87.824,85.375
,,,,,
Fr,12/23/2022,80.849,85.92,87.863,85.331
Th,12/22/2022,82.653,86.352,87.878,85.308
We,12/21/2022,81.246,86.765,87.855,85.284
Tu,12/20/2022,86.466,87.169,87.849,85.25
Mo,12/19/2022,85.037,87.415,87.818,85.173
,,,,,
Fr,12/16/2022,83.306,87.657,87.84,85.095
Th,12/15/2022,80.549,87.951,87.864,85.038
We,12/14/2022,75.988,88.426,87.919,84.973
Tu,12/13/2022,75.815,89.067,87.997,84.926
Mo,12/12/2022,78.011,89.697,88.086,84.889
,,,,,
Fr,12/9/2022,80.395,90.259,88.163,84.852
Th,12/8/2022,81.644,90.874,88.272,84.797
We,12/7/2022,82.069,91.435,88.361,84.733
Tu,12/6/2022,82.869,91.912,88.487,84.661
Mo,12/5/2022,80.034,92.303,88.598,84.573
,,,,,
Fr,12/2/2022,77.814,92.714,88.723,84.502
Th,12/1/2022,77.035,93.127,88.867,84.45
We,11/30/2022,75.638,93.323,89.001,84.404
Tu,11/29/2022,81.011,93.593,89.175,84.354
Mo,11/28/2022,82.126,93.758,89.348,84.257
,,,,,
Fr,11/25/2022,78.02,93.821,89.517,84.161
We,11/23/2022,77.49,93.98,89.744,84.088
Tu,11/22/2022,79.806,94.013,89.981,84.019
Mo,11/21/2022,81.453,94.037,90.184,83.932
,,,,,
Fr,11/18/2022,81.856,94.082,90.363,83.824
Th,11/17/2022,83.254,94.155,90.496,83.707
We,11/16/2022,82.942,94.31,90.605,83.591
Tu,11/15/2022,82.96,94.491,90.763,83.482
Mo,11/14/2022,83.383,94.64,90.933,83.379
,,,,,
Th,11/10/2022,83.17,94.819,91.079,83.265
We,11/9/2022,92.236,94.978,91.247,83.144
Tu,11/8/2022,88.794,94.899,91.349,82.972
Mo,11/7/2022,88.517,94.843,91.413,82.82
,,,,,
Fr,11/4/2022,90.027,94.69,91.516,82.665
Th,11/3/2022,94.037,94.543,91.601,82.494
We,11/2/2022,91.288,94.356,91.577,82.299
Tu,11/1/2022,88.751,94.22,91.538,82.11
Mo,10/31/2022,90.269,94.065,91.486,81.932
,,,,,
Fr,10/28/2022,87.525,93.805,91.396,81.737
Th,10/27/2022,93.196,93.618,91.339,81.557
We,10/26/2022,92.363,93.271,91.223,81.354
Tu,10/25/2022,92.758,92.91,91.096,81.155
Mo,10/24/2022,93.644,92.525,90.976,80.95
,,,,,
Fr,10/21/2022,94.239,92.202,90.836,80.74
Th,10/20/2022,99.101,91.844,90.683,80.517
We,10/19/2022,96.406,91.522,90.507,80.269
Tu,10/18/2022,94.316,91.213,90.369,80.035
Mo,10/17/2022,98.396,90.939,90.296,79.812
,,,,,
Fr,10/14/2022,104.063,90.59,90.194,79.568
Th,10/13/2022,101.159,90.136,90.06,79.294
We,10/12/2022,102.465,89.806,89.946,79.033
Tu,10/11/2022,103.325,89.404,89.829,78.77
,,,,,
Fr,10/7/2022,101.445,88.946,89.635,78.507
Th,10/6/2022,98.738,88.528,89.484,78.258
We,10/5/2022,97.158,88.221,89.35,78.031
Tu,10/4/2022,97.982,88.023,89.252,77.809
Mo,10/3/2022,104.326,87.778,89.15,77.581
,,,,,
Fr,9/30/2022,108.024,87.412,88.979,77.321
Th,9/29/2022,107.335,86.927,88.791,77.051
We,9/28/2022,106.114,86.474,88.586,76.782
Tu,9/27/2022,111.152,86.067,88.359,76.518
Mo,9/26/2022,109.693,85.669,88.03,76.236
,,,,,
Fr,9/23/2022,105.909,85.286,87.737,75.955
Th,9/22/2022,102.421,85.062,87.507,75.693
We,9/21/2022,100.584,84.893,87.319,75.462
Tu,9/20/2022,98.471,84.731,87.122,75.251
Mo,9/19/2022,86.798,84.607,86.958,75.045
,,,,,
Fr,9/16/2022,89.17,84.68,86.912,74.905
Th,9/15/2022,89.239,84.757,86.788,74.747
We,9/14/2022,85.258,84.937,86.691,74.577
Tu,9/13/2022,85.991,85.214,86.598,74.438
Mo,9/12/2022,79.148,85.509,86.465,74.273
,,,,,
Fr,9/9/2022,80.98,85.949,86.416,74.142
Th,9/8/2022,83.72,86.332,86.341,74.001
We,9/7/2022,85.496,86.644,86.233,73.841
Tu,9/6/2022,91.029,86.837,86.093,73.669
,,,,,
Fr,9/2/2022,91.966,86.9,85.911,73.468
Th,9/1/2022,90.4,87.036,85.719,73.262
We,8/31/2022,92.37,87.227,85.521,73.064
Tu,8/30/2022,91.119,87.338,85.28,72.856
Mo,8/29/2022,88.255,87.516,85.043,72.657
,,,,,
Fr,8/26/2022,86.01,87.8,84.822,72.466
Th,8/25/2022,80.873,87.983,84.6,72.284
We,8/24/2022,82.695,88.343,84.456,72.126
Tu,8/23/2022,84.691,88.659,84.302,71.965
Mo,8/22/2022,84.442,88.798,84.118,71.796
,,,,,
Fr,8/19/2022,81.016,88.857,83.934,71.633
Th,8/18/2022,77.28,88.907,83.826,71.491
We,8/17/2022,78.169,88.988,83.774,71.366
Tu,8/16/2022,75.829,89.06,83.701,71.231
Mo,8/15/2022,74.323,89.175,83.662,71.11
,,,,,
Fr,8/12/2022,73.539,89.281,83.616,70.993
Th,8/11/2022,77.484,89.426,83.601,70.882
We,8/10/2022,76.308,89.469,83.469,70.755
Tu,8/9/2022,83.03,89.523,83.359,70.632
Mo,8/8/2022,80.935,89.491,83.202,70.473
,,,,,
Fr,8/5/2022,80.65,89.525,83.121,70.326
Th,8/4/2022,80.913,89.652,83.068,70.183
We,8/3/2022,81.4,89.799,83.007,70.04
Tu,8/2/2022,84.615,89.983,82.927,69.893
Mo,8/1/2022,82.361,90.087,82.799,69.741
,,,,,
Fr,7/29/2022,80.434,90.255,82.739,69.604
Th,7/28/2022,80.559,90.323,82.712,69.472
We,7/27/2022,83.389,90.44,82.651,69.335
Tu,7/26/2022,87.235,90.48,82.527,69.187
Mo,7/25/2022,85.765,90.481,82.35,69.02
,,,,,
Fr,7/22/2022,86.015,90.522,82.211,68.857
Th,7/21/2022,83.78,90.546,82.028,68.689
We,7/20/2022,84.691,90.654,81.855,68.536
Tu,7/19/2022,85.743,90.698,81.692,68.374
Mo,7/18/2022,91.288,90.652,81.542,68.206
,,,,,
Fr,7/15/2022,90.53,90.39,81.321,68.004
Th,7/14/2022,94.687,90.188,81.105,67.806
We,7/13/2022,94,89.952,80.834,67.587
Tu,7/12/2022,92.49,89.745,80.547,67.374
Mo,7/11/2022,92.228,89.513,80.281,67.177
,,,,,
Fr,7/8/2022,90.479,89.309,80.034,66.985
Th,7/7/2022,92.995,89.143,79.807,66.766
We,7/6/2022,98.26,88.82,79.533,66.532
Tu,7/5/2022,99.095,88.446,79.165,66.272
,,,,,
Fr,7/1/2022,100.734,87.982,78.804,66.011
Th,6/30/2022,101.159,87.422,78.432,65.741
We,6/29/2022,100.14,86.884,78.058,65.471
Tu,6/28/2022,99.32,86.35,77.681,65.205
Mo,6/27/2022,95.149,85.821,77.285,64.942
,,,,,
Fr,6/24/2022,94.149,85.348,76.917,64.703
Th,6/23/2022,98.793,84.922,76.577,64.466
We,6/22/2022,99.935,84.402,76.2,64.204
Tu,6/21/2022,97.92,83.816,75.825,63.935
,,,,,
Fr,6/17/2022,100.018,83.222,75.451,63.676
Th,6/16/2022,102.459,82.571,75.04,63.407
We,6/15/2022,95.16,81.844,74.595,63.127
Tu,6/14/2022,98.871,81.218,74.228,62.894
Mo,6/13/2022,98.5,80.57,73.814,62.639
,,,,,
Fr,6/10/2022,91.641,79.945,73.387,62.389
Th,6/9/2022,87.389,79.438,73.021,62.173
We,6/8/2022,83.529,79.011,72.681,61.984
Tu,6/7/2022,81.298,78.746,72.377,61.819
Mo,6/6/2022,81.771,78.561,72.077,61.665
,,,,,
Fr,6/3/2022,81.597,78.343,71.776,61.505
Th,6/2/2022,79.644,78.149,71.485,61.341
We,6/1/2022,80.788,77.95,71.215,61.185
Tu,5/31/2022,79.641,77.776,70.924,61.026
,,,,,
Fr,5/27/2022,78.983,77.468,70.645,60.877
Th,5/26/2022,81.426,77.195,70.351,60.734
We,5/25/2022,82.644,76.913,70.032,60.574
Tu,5/24/2022,87.01,76.716,69.701,60.406
Mo,5/23/2022,88.255,76.484,69.329,60.219
,,,,,
Fr,5/20/2022,90.586,76.216,68.941,60.03
Th,5/19/2022,89.806,75.871,68.529,59.826
We,5/18/2022,90.786,75.511,68.12,59.626
Tu,5/17/2022,83.844,75.222,67.71,59.421
Mo,5/16/2022,86.381,75.101,67.379,59.247
,,,,,
Fr,5/13/2022,85.39,74.862,67.033,59.06
Th,5/12/2022,87.3,74.575,66.712,58.882
We,5/11/2022,87.789,74.218,66.366,58.688
Tu,5/10/2022,87.209,73.901,66.012,58.492
Mo,5/9/2022,89.205,73.51,65.663,58.301
,,,,,
Fr,5/6/2022,86.878,73.055,65.311,58.1
Th,5/5/2022,83.45,72.687,64.977,57.919
We,5/4/2022,78.201,72.431,64.676,57.763
Tu,5/3/2022,80.421,72.252,64.441,57.622
Mo,5/2/2022,82.89,72.022,64.173,57.467
,,,,,
Fr,4/29/2022,83.649,71.717,63.88,57.295
Th,4/28/2022,80.901,71.349,63.604,57.12
We,4/27/2022,82,71.048,63.38,56.955
Tu,4/26/2022,82.188,70.759,63.133,56.785
Mo,4/25/2022,76.863,70.471,62.898,56.619
,,,,,
Fr,4/22/2022,79.529,70.246,62.706,56.475
Th,4/21/2022,75.92,69.885,62.462,56.315
We,4/20/2022,72.718,69.626,62.277,56.17
Tu,4/19/2022,74.268,69.443,62.08,56.044
Mo,4/18/2022,73.454,69.232,61.868,55.911
,,,,,
Th,4/14/2022,72.864,69.011,61.66,55.783
We,4/13/2022,71.519,68.749,61.449,55.658
Tu,4/12/2022,72.817,68.486,61.244,55.537
Mo,4/11/2022,72.824,68.233,61.026,55.412
,,,,,
Fr,4/8/2022,70.6,67.998,60.804,55.292
Th,4/7/2022,68.219,67.835,60.606,55.184
We,4/6/2022,67.456,67.679,60.431,55.091
Tu,4/5/2022,66.135,67.51,60.271,55.008
Mo,4/4/2022,63.834,67.346,60.111,54.926
,,,,,
Fr,4/1/2022,66.499,67.238,59.967,54.853
Th,3/31/2022,67.238,67.059,59.796,54.764
We,3/30/2022,66.293,66.83,59.627,54.671
Tu,3/29/2022,66.043,66.604,59.473,54.581
Mo,3/28/2022,70.266,66.351,59.332,54.495
,,,,,
Fr,3/25/2022,72.085,66.009,59.155,54.395
Th,3/24/2022,70.829,65.592,58.957,54.287
We,3/23/2022,71.915,65.209,58.761,54.185
Tu,3/22/2022,69.711,64.821,58.558,54.076
Mo,3/21/2022,72.082,64.479,58.371,53.982
,,,,,
Fr,3/18/2022,64.233,64.072,58.163,53.872
Th,3/17/2022,65.313,63.822,58.042,53.801
We,3/16/2022,67.32,63.507,57.905,53.728
Tu,3/15/2022,72.825,63.151,57.745,53.646
Mo,3/14/2022,75.403,62.686,57.531,53.54
,,,,,
Fr,3/11/2022,74.846,62.174,57.299,53.423
Th,3/10/2022,73.359,61.667,57.072,53.306
We,3/9/2022,71.791,61.187,56.86,53.201
Tu,3/8/2022,76.341,60.729,56.683,53.103
Mo,3/7/2022,77.806,60.198,56.47,52.986
,,,,,
Fr,3/4/2022,74.438,59.657,56.231,52.86
Th,3/3/2022,71.014,59.204,56.019,52.745
We,3/2/2022,69.464,58.85,55.847,52.644
Tu,3/1/2022,71.934,58.513,55.689,52.558
Mo,2/28/2022,67.668,58.123,55.503,52.467
,,,,,
Fr,2/25/2022,66.444,57.816,55.35,52.39
Th,2/24/2022,68.48,57.567,55.218,52.317
We,2/23/2022,70.661,57.267,55.055,52.227
Tu,2/22/2022,69.245,56.921,54.87,52.13
,,,,,
Fr,2/18/2022,68.898,56.63,54.687,52.039
Th,2/17/2022,67.641,56.324,54.507,51.948
We,2/16/2022,65.255,56.043,54.339,51.861
Tu,2/15/2022,65.849,55.86,54.201,51.787
Mo,2/14/2022,67.535,55.712,54.074,51.708
,,,,,
Fr,2/11/2022,67.836,55.508,53.936,51.625
Th,2/10/2022,65.58,55.325,53.726,51.543
We,2/9/2022,61.504,55.167,53.531,51.471
Tu,2/8/2022,62.959,55.038,53.378,51.419
Mo,2/7/2022,63.57,54.928,53.217,51.365
,,,,,
Fr,2/4/2022,63.704,54.717,53.049,51.304
Th,2/3/2022,62.399,54.503,52.885,51.246
We,2/2/2022,59.769,54.309,52.73,51.188
Tu,2/1/2022,58.38,54.149,52.6,51.141
Mo,1/31/2022,60.146,54.003,52.488,51.099
,,,,,
Fr,1/28/2022,61.075,53.819,52.355,51.054
Th,1/27/2022,62.445,53.611,52.209,51.004
We,1/26/2022,60.45,53.377,52.045,50.947
Tu,1/25/2022,58.972,53.183,51.901,50.899
Mo,1/24/2022,57.945,53.031,51.774,50.859
,,,,,
Fr,1/21/2022,58.44,52.875,51.66,50.829
Th,1/20/2022,57.544,52.696,51.56,50.795
We,1/19/2022,55.774,52.533,51.463,50.763
Tu,1/18/2022,55.01,52.425,51.39,50.738
,,,,,
Fr,1/14/2022,53.418,52.342,51.325,50.719
Th,1/13/2022,53.148,52.313,51.288,50.722
We,1/12/2022,51.25,52.302,51.261,50.739
Tu,1/11/2022,51.674,52.322,51.254,50.763
Mo,1/10/2022,52.51,52.313,51.234,50.787
,,,,,
Fr,1/7/2022,52.614,52.295,51.197,50.812
Th,1/6/2022,51.736,52.262,51.155,50.84
We,1/5/2022,51.73,52.255,51.128,50.871
Tu,1/4/2022,49.555,52.262,51.11,50.9
Mo,1/3/2022,49.529,52.304,51.118,50.912
,,,,,
Fr,12/31/2021,49.571,52.338,51.117,50.927
Th,12/30/2021,49.801,52.376,51.111,50.934
We,12/29/2021,49.489,52.423,51.11,50.944
Tu,12/28/2021,49.379,52.477,51.119,50.955
Mo,12/27/2021,48.849,52.532,51.123,50.972
,,,,,
Th,12/23/2021,49.805,52.637,51.133,50.99
We,12/22/2021,50.763,52.742,51.133,51.006
Tu,12/21/2021,51.775,52.805,51.115,51.028
Mo,12/20/2021,53.327,52.835,51.088,51.05
,,,,,
Fr,12/17/2021,52.629,52.843,51.051,51.051
Th,12/16/2021,52.409,52.866,51.011,51.07
We,12/15/2021,52.337,52.884,50.971,51.081
Tu,12/14/2021,53.991,52.884,50.939,51.087
Mo,12/13/2021,53.487,52.87,50.888,51.08
,,,,,
Fr,12/10/2021,53.368,52.843,50.86,51.092
Th,12/9/2021,54.7,52.818,50.85,51.106
We,12/8/2021,53.569,52.743,50.803,51.091
Tu,12/7/2021,53.603,52.691,50.761,51.088
Mo,12/6/2021,56.101,52.636,50.711,51.089
,,,,,
Fr,12/3/2021,58.456,52.542,50.636,51.066
Th,12/2/2021,57.333,52.436,50.53,51.029
We,12/1/2021,58.663,52.365,50.437,50.994
Tu,11/30/2021,57.687,52.127,50.341,50.953
Mo,11/29/2021,55.083,51.896,50.243,50.917
,,,,,
Fr,11/26/2021,57.454,51.717,50.168,50.893
We,11/24/2021,53.02,51.507,50.062,50.857
Tu,11/23/2021,53.01,51.38,50.008,50.846
Mo,11/22/2021,52.671,51.266,49.955,50.832
,,,,,
Fr,11/19/2021,51.76,51.152,49.907,50.822
Th,11/18/2021,51.085,51.051,49.867,50.82
We,11/17/2021,50.972,50.974,49.829,50.828
Tu,11/16/2021,50.638,50.892,49.799,50.837
Mo,11/15/2021,50.764,50.807,49.78,50.859
,,,,,
Fr,11/12/2021,50.776,50.713,49.763,50.885
We,11/10/2021,51.374,50.619,49.75,50.908
Tu,11/9/2021,50.146,50.516,49.746,50.93
Mo,11/8/2021,49.467,50.444,49.741,50.943
,,,,,
Fr,11/5/2021,49.411,50.424,49.739,50.954
Th,11/4/2021,50.353,50.392,49.732,50.962
We,11/3/2021,50.878,50.355,49.715,50.964
Tu,11/2/2021,51.976,50.308,49.689,50.964
Mo,11/1/2021,52.563,50.262,49.658,50.957
,,,,,
Fr,10/29/2021,52.283,50.22,49.635,50.954
Th,10/28/2021,51.221,50.185,49.616,50.943
We,10/27/2021,51.588,50.155,49.608,50.936
Tu,10/26/2021,50.975,50.1,49.594,50.936
Mo,10/25/2021,51.36,50.048,49.593,50.937
,,,,,
Fr,10/22/2021,52.085,50.002,49.581,50.928
Th,10/21/2021,51.651,49.958,49.56,50.918
We,10/20/2021,51.24,49.932,49.55,50.918
Tu,10/19/2021,51.491,49.896,49.547,50.92
Mo,10/18/2021,52.145,49.846,49.549,50.925
,,,,,
Fr,10/15/2021,52.159,49.796,49.547,50.914
Th,10/14/2021,52.14,49.762,49.539,50.909
We,10/13/2021,54.124,49.714,49.542,50.909
Tu,10/12/2021,55.05,49.629,49.524,50.899
,,,,,
Fr,10/8/2021,53.893,49.523,49.503,50.894
Th,10/7/2021,53.293,49.426,49.489,50.895
We,10/6/2021,53.742,49.341,49.471,50.908
Tu,10/5/2021,53.744,49.258,49.441,50.915
Mo,10/4/2021,53.315,49.156,49.426,50.913
,,,,,
Fr,10/1/2021,52.366,49.058,49.431,50.909
Th,9/30/2021,53.249,48.994,49.43,50.912
We,9/29/2021,52.181,48.907,49.416,50.909
Tu,9/28/2021,52.085,48.877,49.398,50.919
Mo,9/27/2021,50.946,48.881,49.39,50.927
,,,,,
Fr,9/24/2021,50.966,48.864,49.391,50.938
Th,9/23/2021,50.856,48.831,49.389,50.944
We,9/22/2021,51.429,48.786,49.384,50.944
Tu,9/21/2021,53.156,48.729,49.374,50.941
Mo,9/20/2021,53.749,48.625,49.342,50.925
,,,,,
Fr,9/17/2021,46.761,48.51,49.313,50.906
Th,9/16/2021,46.134,48.555,49.361,50.923
We,9/15/2021,46.179,48.591,49.411,50.942
Tu,9/14/2021,46.918,48.618,49.461,50.961
Mo,9/13/2021,46.708,48.618,49.512,50.983
,,,,,
Fr,9/10/2021,47.299,48.636,49.56,51.01
Th,9/9/2021,46.934,48.644,49.608,51.032
We,9/8/2021,46.716,48.662,49.646,51.069
Tu,9/7/2021,47.25,48.684,49.682,51.117
,,,,,
Fr,9/3/2021,46.861,48.684,49.709,51.15
Th,9/2/2021,46.383,48.706,49.752,51.188
We,9/1/2021,46.083,48.754,49.8,51.22
Tu,8/31/2021,46.1,48.813,49.849,51.25
Mo,8/30/2021,46.181,48.881,49.897,51.292
,,,,,
Fr,8/27/2021,46.56,48.976,49.945,51.335
Th,8/26/2021,48.478,49.038,49.998,51.368
We,8/25/2021,47.821,49.055,50.029,51.386
Tu,8/24/2021,48.486,49.072,50.064,51.414
Mo,8/23/2021,48.549,49.074,50.086,51.439
,,,,,
Fr,8/20/2021,49.653,49.069,50.113,51.483
Th,8/19/2021,50.467,49.054,50.156,51.535
We,8/18/2021,50.543,49.049,50.217,51.598
Tu,8/17/2021,49.711,49.048,50.273,51.672
Mo,8/16/2021,48.822,49.062,50.339,51.75
,,,,,
Fr,8/13/2021,48.4,49.089,50.427,51.825
Th,8/12/2021,49.04,49.139,50.524,51.882
We,8/11/2021,49.898,49.159,50.613,51.931
Tu,8/10/2021,50.339,49.163,50.689,51.964
Mo,8/9/2021,49.435,49.168,50.707,51.999
,,,,,
Fr,8/6/2021,49.021,49.198,50.737,52.037
Th,8/5/2021,49.625,49.251,50.756,52.081
We,8/4/2021,50.439,49.298,50.779,52.125
Tu,8/3/2021,49.777,49.317,50.791,52.156
Mo,8/2/2021,49.845,49.37,50.82,52.19
,,,,,
Fr,7/30/2021,49.79,49.419,50.847,52.222
Th,7/29/2021,48.995,49.482,50.879,52.247
We,7/28/2021,49.05,49.553,50.94,52.268
Tu,7/27/2021,49.616,49.602,51.011,52.297
Mo,7/26/2021,48.656,49.623,51.051,52.328
,,,,,
Fr,7/23/2021,48.416,49.696,51.13,52.377
Th,7/22/2021,49.133,49.804,51.192,52.418
We,7/21/2021,48.886,49.866,51.234,52.472
Tu,7/20/2021,50.724,49.926,51.272,52.52
Mo,7/19/2021,52.285,49.919,51.324,52.563
,,,,,
Fr,7/16/2021,50.055,49.899,51.363,52.603
Th,7/15/2021,49.35,49.919,51.38,52.641
We,7/14/2021,48.603,49.948,51.414,52.69
Tu,7/13/2021,48.585,49.981,51.466,52.738
Mo,7/12/2021,47.923,50.018,51.497,52.783
,,,,,
Fr,7/9/2021,48.004,50.06,51.527,52.806
Th,7/8/2021,49.014,50.116,51.55,52.828
We,7/7/2021,47.938,50.167,51.566,52.94
Tu,7/6/2021,47.562,50.231,51.59,53.049
,,,,,
Fr,7/2/2021,46.888,50.303,51.617,53.15
Th,7/1/2021,47.614,50.406,51.651,53.254
We,6/30/2021,47.681,50.484,51.683,53.359
Tu,6/29/2021,47.836,50.572,51.708,53.47
Mo,6/28/2021,47.842,50.63,51.738,53.575
,,,,,
Fr,6/25/2021,47.215,50.679,51.773,53.666
Th,6/24/2021,47.99,50.735,51.827,53.775
We,6/23/2021,48.756,50.798,51.875,53.869
Tu,6/22/2021,49.055,50.847,51.937,53.954
Mo,6/21/2021,49.51,50.886,52.007,54.019
,,,,,
Fr,6/18/2021,50.932,50.913,52.066,54.082
Th,6/17/2021,49.646,50.914,52.114,54.152
We,6/16/2021,49.323,50.957,52.144,54.237
Tu,6/15/2021,48.662,51.003,52.169,54.328
Mo,6/14/2021,48.62,51.056,52.193,54.418
,,,,,
Fr,6/11/2021,48.287,51.098,52.214,54.505
Th,6/10/2021,48.912,51.157,52.239,54.594
We,6/9/2021,50.225,51.258,52.255,54.687
Tu,6/8/2021,50.447,51.384,52.273,54.774
Mo,6/7/2021,50.421,51.498,52.269,54.86
,,,,,
Fr,6/4/2021,50.174,51.616,52.263,54.938
Th,6/3/2021,50.899,51.766,52.277,55.02
We,6/2/2021,50.078,51.909,52.28,55.104
Tu,6/1/2021,50.06,52.067,52.275,55.189
,,,,,
Fr,5/28/2021,50.621,52.216,52.276,55.265
Th,5/27/2021,50.939,52.245,52.286,55.345
We,5/26/2021,51.65,52.276,52.294,55.42
Tu,5/25/2021,51.993,52.261,52.302,55.486
Mo,5/24/2021,51.371,52.26,52.281,55.549
,,,,,
Fr,5/21/2021,52.44,52.265,52.279,55.617
Th,5/20/2021,52.265,52.27,52.276,55.686
We,5/19/2021,52.941,52.276,52.275,55.764
Tu,5/18/2021,52.536,52.276,52.285,55.845
Mo,5/17/2021,51.532,52.328,52.302,55.933
,,,,,
Fr,5/14/2021,50.67,52.42,52.344,56.023
Th,5/13/2021,52.303,52.48,52.39,56.129
We,5/12/2021,53.792,52.563,52.399,56.218
Tu,5/11/2021,52.27,52.58,52.386,56.302
Mo,5/10/2021,51.861,52.601,52.393,56.388
,,,,,
Fr,5/7/2021,50.362,52.618,52.401,56.474
Th,5/6/2021,51.279,52.729,52.439,56.573
We,5/5/2021,51.072,52.828,52.465,56.667
Tu,5/4/2021,50.789,52.84,52.484,56.769
Mo,5/3/2021,50.263,52.881,52.498,56.879
,,,,,
Fr,4/30/2021,50.432,52.952,52.505,56.987
Th,4/29/2021,50.039,52.975,52.509,57.106
We,4/28/2021,50.806,52.995,52.508,57.23
Tu,4/27/2021,51.534,52.984,52.499,57.344
Mo,4/26/2021,51.143,52.965,52.485,57.462
,,,,,
Fr,4/23/2021,51.163,52.95,52.473,57.568
Th,4/22/2021,52.047,52.932,52.462,57.684
We,4/21/2021,51.505,52.897,52.454,57.781
Tu,4/20/2021,52.091,52.882,52.461,57.895
Mo,4/19/2021,50.72,52.845,52.456,58.009
,,,,,
Fr,4/16/2021,50.32,52.846,52.492,58.135
Th,4/15/2021,49.995,52.867,52.552,58.278
We,4/14/2021,51.146,52.919,52.59,58.432
Tu,4/13/2021,51.224,52.952,52.624,58.568
Mo,4/12/2021,50.98,53.027,52.639,58.704
,,,,,
Fr,4/9/2021,50.879,53.128,52.65,58.824
Th,4/8/2021,50.985,53.22,52.686,58.95
We,4/7/2021,51.798,53.314,52.726,59.088
Tu,4/6/2021,51.619,53.332,52.737,59.202
Mo,4/5/2021,51.289,53.334,52.743,59.301
,,,,,
Fr,4/2/2021,50.713,53.33,52.764,59.39
Th,4/1/2021,51.236,53.331,52.792,59.486
We,3/31/2021,53.985,53.321,52.854,59.625
Tu,3/30/2021,56.508,53.252,52.913,59.763
Mo,3/29/2021,56.168,53.162,52.979,59.853
,,,,,
Fr,3/26/2021,56.334,53.04,53.072,59.934
Th,3/25/2021,57.644,52.91,53.16,59.985
We,3/24/2021,58.086,52.788,53.222,60.022
Tu,3/23/2021,57.967,52.65,53.241,60.094
Mo,3/22/2021,57.475,52.483,53.249,60.169
,,,,,
Fr,3/19/2021,52.106,52.336,53.24,60.26
Th,3/18/2021,52.47,52.326,53.291,60.394
We,3/17/2021,50.892,52.312,53.337,60.518
Tu,3/16/2021,51.975,52.343,53.406,60.654
Mo,3/15/2021,51.607,52.302,53.471,60.789
,,,,,
Fr,3/12/2021,52.689,52.292,53.521,60.946
Th,3/11/2021,52.569,52.282,53.56,61.119
We,3/10/2021,52.933,52.273,53.596,61.286
Tu,3/9/2021,55.12,52.293,53.615,61.441
Mo,3/8/2021,56.155,52.276,53.596,61.615
,,,,,
Fr,3/5/2021,53.645,52.268,53.583,61.786
Th,3/4/2021,56.494,52.299,53.605,61.997
We,3/3/2021,54.595,52.235,53.624,62.191
Tu,3/2/2021,53.369,52.193,53.644,62.402
Mo,3/1/2021,52.711,52.185,53.709,62.602
,,,,,
Fr,2/26/2021,55.873,52.183,53.769,62.801
Th,2/25/2021,56.225,52.15,53.802,62.977
We,2/24/2021,51.708,52.102,53.843,63.156
Tu,2/23/2021,52.821,52.127,53.903,63.364
Mo,2/22/2021,53.8,52.115,53.966,63.55
,,,,,
Fr,2/19/2021,51.621,52.059,54.011,63.736
Th,2/18/2021,50.998,52.043,54.07,63.93
We,2/17/2021,50.279,52.022,54.085,64.109
Tu,2/16/2021,50.565,52.013,54.106,64.292
,,,,,
Fr,2/12/2021,50.42,52.005,54.314,64.499
Th,2/11/2021,50.256,51.995,54.507,64.712
We,2/10/2021,50.287,51.992,54.682,64.932
Tu,2/9/2021,50.78,52.01,54.857,65.149
Mo,2/8/2021,50.205,52.039,55.036,65.367
,,,,,
Fr,2/5/2021,50.804,52.068,55.232,65.607
Th,2/4/2021,51.342,52.137,55.412,65.82
We,2/3/2021,52.619,52.237,55.559,65.998
Tu,2/2/2021,52.77,52.262,55.724,66.175
Mo,2/1/2021,54.986,52.297,55.863,66.348
,,,,,
Fr,1/29/2021,56.051,52.251,55.971,66.486
Th,1/28/2021,55.436,52.171,56.031,66.621
We,1/27/2021,55.695,52.152,56.097,66.753
Tu,1/26/2021,52.686,52.138,56.191,66.999
Mo,1/25/2021,51.75,52.143,56.329,67.298
,,,,,
Fr,1/22/2021,51.078,52.153,56.488,67.625
Th,1/21/2021,50.751,52.198,56.643,68.007
We,1/20/2021,50.758,52.253,56.795,68.37
Tu,1/19/2021,50.539,52.387,56.95,68.747
,,,,,
Fr,1/15/2021,51.981,52.574,57.12,69.059
Th,1/14/2021,50.073,52.796,57.275,69.339
We,1/13/2021,49.836,53.104,57.45,69.648
Tu,1/12/2021,51.549,53.411,57.613,69.882
Mo,1/11/2021,51.17,53.657,57.763,70.14
,,,,,
Fr,1/8/2021,49.653,53.832,57.929,70.424
Th,1/7/2021,50.118,54.014,58.103,70.783
We,1/6/2021,51.612,54.143,58.254,71.292
Tu,1/5/2021,51.737,54.255,58.405,71.743
Mo,1/4/2021,52.465,54.362,58.545,72.189
,,,,,
Th,12/31/2020,49.896,54.47,58.67,72.543
We,12/30/2020,51.138,54.641,58.816,72.915
Tu,12/29/2020,52.184,54.75,58.955,73.196
Mo,12/28/2020,52.126,54.838,59.096,73.63
,,,,,
Th,12/24/2020,53.935,54.918,59.253,73.956
We,12/23/2020,54.248,54.937,59.406,74.22
Tu,12/22/2020,55.78,54.916,59.563,74.504
Mo,12/21/2020,55.2,54.897,59.702,74.641
,,,,,
Fr,12/18/2020,53.278,54.91,59.868,74.731
Th,12/17/2020,52.515,55.012,60.038,74.794
We,12/16/2020,52.944,55.094,60.217,74.888
Tu,12/15/2020,52.619,55.234,60.382,74.946
Mo,12/14/2020,54.193,55.354,60.547,75.015
,,,,,
Fr,12/11/2020,53.846,55.454,60.707,75.067
Th,12/10/2020,52.974,55.584,60.869,75.087
We,12/9/2020,52.202,55.678,61.054,75.099
Tu,12/8/2020,50.99,55.816,61.259,75.103
Mo,12/7/2020,50.855,55.963,61.47,75.081
,,,,,
Fr,12/4/2020,49.936,56.096,61.703,75.053
Th,12/3/2020,49.823,56.147,61.951,75.026
We,12/2/2020,50.141,56.198,62.19,75.001
Tu,12/1/2020,49.959,56.623,62.438,74.971
Mo,11/30/2020,50.106,57.018,62.663,74.94
,,,,,
Fr,11/27/2020,51.175,57.372,62.906,74.909
We,11/25/2020,52.205,57.703,63.109,74.877
Tu,11/24/2020,51.669,58.033,63.329,74.842
Mo,11/23/2020,54.283,58.396,63.561,74.815
,,,,,
Fr,11/20/2020,56.344,58.686,63.777,74.77
Th,11/19/2020,53.829,58.88,64.003,74.712
We,11/18/2020,54.513,59.185,64.274,74.679
Tu,11/17/2020,52.7,59.429,64.511,74.656
Mo,11/16/2020,52.078,59.692,64.769,74.644
,,,,,
Fr,11/13/2020,54.476,59.891,64.998,74.621
Th,11/12/2020,54.964,60.042,65.214,74.589
Tu,11/10/2020,52.976,60.244,65.45,74.547
Mo,11/9/2020,52.222,60.515,65.666,74.529
,,,,,
Fr,11/6/2020,53.359,60.822,65.858,74.503
Th,11/5/2020,53.463,61.087,66.016,74.466
We,11/4/2020,57.464,61.337,66.181,74.424
Tu,11/3/2020,59.913,61.513,66.396,74.366
Mo,11/2/2020,63.091,61.665,66.613,74.286
,,,,,
Fr,10/30/2020,65.463,61.754,66.727,74.191
Th,10/29/2020,65.158,61.797,66.796,74.087
We,10/28/2020,63.845,61.815,66.811,73.985
Tu,10/27/2020,59.918,61.87,66.822,73.887
Mo,10/26/2020,58.775,62.027,66.947,73.808
,,,,,
Fr,10/23/2020,56.566,62.193,67.09,73.733
Th,10/22/2020,57.202,62.366,67.281,73.676
We,10/21/2020,57.115,62.554,67.497,73.623
Tu,10/20/2020,57.84,62.728,67.7,73.568
Mo,10/19/2020,58.469,62.869,67.901,73.508
,,,,,
Fr,10/16/2020,56.591,62.992,68.106,73.436
Th,10/15/2020,56.568,63.16,68.371,73.38
We,10/14/2020,56.145,63.354,68.677,73.322
Tu,10/13/2020,54.874,63.587,68.975,73.261
,,,,,
Fr,10/9/2020,53.205,63.875,69.266,73.206
Th,10/8/2020,54.835,64.21,69.634,73.163
We,10/7/2020,55.853,64.507,69.99,73.114
Tu,10/6/2020,58.362,64.825,70.39,73.061
Mo,10/5/2020,56.63,65.063,70.759,72.997
,,,,,
Fr,10/2/2020,59.901,65.339,71.16,72.943
Th,10/1/2020,58.643,65.53,71.494,72.873
We,9/30/2020,59.214,65.741,71.834,72.81
Tu,9/29/2020,60.319,65.959,72.151,72.753
Mo,9/28/2020,57.674,66.154,72.47,72.691
,,,,,
Fr,9/25/2020,59.118,66.43,72.825,72.648
Th,9/24/2020,58.308,66.702,73.135,72.602
We,9/23/2020,57.519,66.977,73.461,72.561
Tu,9/22/2020,52.5,67.31,73.789,72.52
Mo,9/21/2020,52.383,67.755,74.134,72.51
,,,,,
Fr,9/18/2020,71.371,68.181,74.479,72.5
Th,9/17/2020,69.725,68.254,74.683,72.404
We,9/16/2020,67.785,68.308,74.918,72.313
Tu,9/15/2020,67.735,68.441,75.181,72.224
Mo,9/14/2020,68.702,68.516,75.441,72.133
,,,,,
Fr,9/11/2020,69.82,68.624,75.699,72.036
Th,9/10/2020,68.788,68.727,75.981,71.937
We,9/9/2020,66.039,68.868,76.228,71.85
Tu,9/8/2020,69.1,69.127,76.437,71.784
,,,,,
Fr,9/4/2020,66.702,69.362,76.626,71.703
Th,9/3/2020,65.841,69.593,76.833,71.63
We,9/2/2020,62.001,69.846,77,71.557
Tu,9/1/2020,62.033,70.105,77.212,71.503
Mo,8/31/2020,65.061,70.387,77.41,71.455
,,,,,
Fr,8/28/2020,66.523,70.657,77.808,71.391
Th,8/27/2020,67.62,70.818,78.268,71.317
We,8/26/2020,66.576,70.894,78.761,71.235
Tu,8/25/2020,65.981,70.946,79.371,
Mo,8/24/2020,66.246,71.024,79.944,
,,,,,
Fr,8/21/2020,67.538,71.278,80.543,
Th,8/20/2020,67.518,71.56,80.999,
We,8/19/2020,67.594,71.7,81.402,
Tu,8/18/2020,66.101,71.795,81.845,
Mo,8/17/2020,66.561,71.806,82.151,
,,,,,
Fr,8/14/2020,67.8,71.774,82.517,
Th,8/13/2020,67.044,71.867,82.918,
We,8/12/2020,65.218,71.987,83.464,
Tu,8/11/2020,66.635,72.195,84.329,
Mo,8/10/2020,65.809,72.44,85.081,
,,,,,
Fr,8/7/2020,64.896,72.671,85.833,
Th,8/6/2020,64.576,72.932,86.416,
We,8/5/2020,64.998,73.22,87.013,
Tu,8/4/2020,66.29,73.582,87.438,
Mo,8/3/2020,67.8,74.001,88.164,
,,,,,
Fr,7/31/2020,69.283,74.364,88.66,
Th,7/30/2020,69.949,74.657,89.035,
We,7/29/2020,69.649,75.058,89.444,
Tu,7/28/2020,71.763,75.473,89.58,
Mo,7/27/2020,70.286,75.954,89.594,
,,,,,
Fr,7/24/2020,70.4,76.455,89.55,
Th,7/23/2020,69.485,76.981,89.559,
We,7/22/2020,69.169,77.458,89.51,
Tu,7/21/2020,70.125,77.926,89.483,
Mo,7/20/2020,70.063,78.344,89.428,
,,,,,
Fr,7/17/2020,71.459,78.786,89.304,
Th,7/16/2020,72.731,79.221,89.144,
We,7/15/2020,72.05,79.568,88.947,
Tu,7/14/2020,74.16,79.945,88.692,
Mo,7/13/2020,74.789,80.269,88.404,
,,,,,
Fr,7/10/2020,73.688,80.513,88.101,
Th,7/9/2020,74.989,80.777,87.811,
We,7/8/2020,72.448,81.113,87.504,
Tu,7/7/2020,74.4,81.527,87.217,
Mo,7/6/2020,71.498,81.922,86.911,
,,,,,
Th,7/2/2020,74.131,82.366,86.644,
We,7/1/2020,74.928,82.773,86.356,
Tu,6/30/2020,75.879,83.236,86.068,
Mo,6/29/2020,78.949,83.588,85.762,
,,,,,
Fr,6/26/2020,80.886,83.748,85.421,
Th,6/25/2020,78.226,83.889,85.083,
We,6/24/2020,78.508,84.073,84.802,
Tu,6/23/2020,74.946,84.155,84.518,
Mo,6/22/2020,76.13,84.319,84.244,
,,,,,
Fr,6/19/2020,78.551,84.433,83.963,
Th,6/18/2020,74.561,84.96,83.644,
We,6/17/2020,71.435,85.718,83.391,
Tu,6/16/2020,69.184,86.629,83.147,
Mo,6/15/2020,69.889,87.796,82.916,
,,,,,
Fr,6/12/2020,78.957,88.865,82.667,
Th,6/11/2020,81.615,89.808,82.335,
We,6/10/2020,74.522,90.437,81.96,
Tu,6/9/2020,72.357,91.104,81.655,
Mo,6/8/2020,66.636,91.895,81.379,
,,,,,
Fr,6/5/2020,64.961,92.495,81.16,
Th,6/4/2020,72.445,93.259,80.951,
We,6/3/2020,73.04,93.97,80.669,
Tu,6/2/2020,75.641,94.94,80.377,
Mo,6/1/2020,78.851,96.464,80.071,
,,,,,
Fr,5/29/2020,77.4,97.723,79.75,
Th,5/28/2020,77.946,98.995,79.436,
We,5/27/2020,78.942,99.9,79.115,
Tu,5/26/2020,83.124,100.806,78.767,
,,,,,
Fr,5/22/2020,87.206,101.293,78.389,
Th,5/21/2020,85.957,102.327,77.966,
We,5/20/2020,83.95,102.956,77.546,
Tu,5/19/2020,90,103.412,77.146,
Mo,5/18/2020,90.416,103.831,76.692,
,,,,,
Fr,5/15/2020,95.806,103.686,76.239,
Th,5/14/2020,95.324,103.234,75.732,
We,5/13/2020,96.709,102.645,75.236,
Tu,5/12/2020,93.303,102.137,74.726,
Mo,5/11/2020,92.61,101.563,74.251,
,,,,,
Fr,5/8/2020,90.98,101.04,73.787,
Th,5/7/2020,92.169,100.512,73.355,
We,5/6/2020,93.224,99.823,72.912,
Tu,5/5/2020,90.065,99.066,72.471,
Mo,5/4/2020,90.896,98.327,72.069,
,,,,,
Fr,5/1/2020,90.4,97.44,71.662,
Th,4/30/2020,86.979,96.539,71.25,
We,4/29/2020,86.885,95.689,70.885,
Tu,4/28/2020,91.781,94.845,70.52,
Mo,4/27/2020,93.168,93.895,70.124,
,,,,,
Fr,4/24/2020,94.144,92.907,69.708,
Th,4/23/2020,93.689,91.9,69.267,
We,4/22/2020,94.481,90.923,68.826,
Tu,4/21/2020,98.063,89.939,68.373,
Mo,4/20/2020,93.474,88.9,67.892,
,,,,,
Fr,4/17/2020,86.967,87.937,67.472,
Th,4/16/2020,87.928,87.095,67.132,
We,4/15/2020,87.416,86.278,66.78,
Tu,4/14/2020,82.607,85.531,66.427,
Mo,4/13/2020,83.14,84.882,66.114,
,,,,,
Th,4/9/2020,81.849,84.17,65.795,
We,4/8/2020,104.886,83.493,65.501,
Tu,4/7/2020,112.493,82.328,64.974,
Mo,4/6/2020,116.969,81.064,64.366,
,,,,,
Fr,4/3/2020,127.55,79.666,63.71,
Th,4/2/2020,123.313,78.035,,
We,4/1/2020,126.144,76.47,,
Tu,3/31/2020,113.051,74.862,,
Mo,3/30/2020,107.875,73.482,,
,,,,,
Fr,3/27/2020,111.889,72.206,,
Th,3/26/2020,96.658,70.863,,
We,3/25/2020,103.168,69.824,,
Tu,3/24/2020,107.974,68.643,,
Mo,3/23/2020,121.563,67.367,,
,,,,,
Fr,3/20/2020,151.798,65.813,,
Th,3/19/2020,141.838,63.679,,
We,3/18/2020,140.969,61.776,,
Tu,3/17/2020,123.232,59.878,,
Mo,3/16/2020,124.226,58.33,,
,,,,,
Fr,3/13/2020,107.488,56.728,,
Th,3/12/2020,138.875,55.484,,
We,3/11/2020,117.418,53.606,,
Tu,3/10/2020,106.75,52.136,,
Mo,3/9/2020,110.94,50.881,,
,,,,,
Fr,3/6/2020,83.157,49.554,,
Th,3/5/2020,73.253,48.792,,
We,3/4/2020,65.835,48.229,,
Tu,3/3/2020,71.326,47.827,,
Mo,3/2/2020,64.6,47.315,,
,,,,,
Fr,2/28/2020,66.478,46.94,,
Th,2/27/2020,64.581,46.533,,
We,2/26/2020,57.685,46.198,,
Tu,2/25/2020,55.409,46.001,,
Mo,2/24/2020,53.071,45.876,,
,,,,,
Fr,2/21/2020,46.546,45.812,,
Th,2/20/2020,45.356,45.885,,
We,2/19/2020,44.518,45.962,,
Tu,2/18/2020,44.674,46.081,,
,,,,,
Fr,2/14/2020,44.266,46.195,,
Th,2/13/2020,43.75,46.354,,
We,2/12/2020,43.81,46.51,,
Tu,2/11/2020,44.834,46.634,,
Mo,2/10/2020,45.271,46.729,,
,,,,,
Fr,2/7/2020,46.129,46.807,,
Th,2/6/2020,45.335,46.885,,
We,2/5/2020,44.855,47.008,,
Tu,2/4/2020,47.061,47.168,,
Mo,2/3/2020,50.075,47.282,,
,,,,,
Fr,1/31/2020,50.155,47.324,,
Th,1/30/2020,47.535,47.346,,
We,1/29/2020,48.016,47.42,,
Tu,1/28/2020,46.646,47.508,,
Mo,1/27/2020,49.308,47.62,,
,,,,,
Fr,1/24/2020,47.025,47.668,,
Th,1/23/2020,46.02,47.754,,
We,1/22/2020,45.071,,,
Tu,1/21/2020,45.763,,,
,,,,,
Fr,1/17/2020,44.053,,,
Th,1/16/2020,44.054,,,
We,1/15/2020,44.715,,,
Tu,1/14/2020,44.716,,,
Mo,1/13/2020,44.133,,,
,,,,,
Fr,1/10/2020,44.195,,,
Th,1/9/2020,43.844,,,
We,1/8/2020,45.113,,,
Tu,1/7/2020,46.665,,,
Mo,1/6/2020,46.049,,,
,,,,,
Fr,1/3/2020,45.835,,,
Th,1/2/2020,44.155,,,
Tu,12/31/2019,45.266,,,
Mo,12/30/2019,44.975,,,
,,,,,
Fr,12/27/2019,43.948,,,
Th,12/26/2019,43.978,,,
Tu,12/24/2019,44.599,,,
Mo,12/23/2019,45.041,,,
,,,,,
Fr,12/20/2019,45.116,,,
Th,12/19/2019,45.708,,,
We,12/18/2019,45.773,,,
Tu,12/17/2019,45.814,,,
Mo,12/16/2019,46.135,,,
,,,,,
Fr,12/13/2019,47.86,,,
Th,12/12/2019,47.802,,,
We,12/11/2019,49.175,,,
Tu,12/10/2019,49.875,,,
Mo,12/9/2019,50.183,,,
,,,,,
Fr,12/6/2019,49.205,,,
Th,12/5/2019,50.463,,,
We,12/4/2019,50.395,,,
Tu,12/3/2019,52.192,,,
Mo,12/2/2019,51.546,,,
,,,,,
Fr,11/29/2019,50.03,,,
We,11/27/2019,49.565,,,
Tu,11/26/2019,49.19,,,
Mo,11/25/2019,50.028,,,
,,,,,
Fr,11/22/2019,51.461,,,
Th,11/21/2019,52.891,,,
We,11/20/2019,52.77,,,
Tu,11/19/2019,52.143,,,
Mo,11/18/2019,51.252,,,
,,,,,
Fr,11/15/2019,51.26,,,
Th,11/14/2019,52.421,,,
We,11/13/2019,52.221,,,
Tu,11/12/2019,51.724,,,
,,,,,
Fr,11/8/2019,51.299,,,
