,Date,Last Px,SMAVG (50),SMAVG (100),SMAVG (200)
Tu,8/26/2025,,,,
Mo,8/25/2025,315.982,323.387,354.312,332.659
,,,,,
Fr,8/22/2025,312.607,323.832,354.906,332.759
Th,8/21/2025,328.044,324.3,355.543,332.858
We,8/20/2025,323.629,324.451,356.036,332.897
Tu,8/19/2025,321.234,324.772,356.427,332.928
Mo,8/18/2025,318.808,325.14,356.636,332.957
,,,,,
Fr,8/15/2025,318.709,325.728,356.795,332.996
Th,8/14/2025,317.571,326.262,356.969,333.063
We,8/13/2025,316.066,326.808,357.287,333.125
Tu,8/12/2025,318.785,327.429,357.554,333.208
Mo,8/11/2025,325.637,328.075,357.738,333.252
,,,,,
Fr,8/8/2025,323.291,328.597,357.957,333.251
Th,8/7/2025,328.079,329.205,358.154,333.246
We,8/6/2025,327.882,329.68,358.338,333.237
Tu,8/5/2025,329.856,330.504,358.612,333.215
Mo,8/4/2025,326.223,331.168,358.746,333.201
,,,,,
Fr,8/1/2025,336.351,331.955,358.918,333.208
Th,7/31/2025,323.145,332.199,358.959,333.177
We,7/30/2025,320.92,332.716,358.992,333.208
Tu,7/29/2025,318.878,333.246,359.07,333.257
Mo,7/28/2025,314.832,333.857,359.047,333.335
,,,,,
Fr,7/25/2025,313.938,334.613,359.044,333.411
Th,7/24/2025,314.134,335.201,359.077,333.525
We,7/23/2025,312.115,335.968,359.023,333.618
Tu,7/22/2025,317.778,337.459,359.037,333.74
Mo,7/21/2025,317.087,338.783,358.912,333.797
,,,,,
Fr,7/18/2025,316.27,340.252,358.793,333.861
Th,7/17/2025,316.431,341.862,358.679,333.812
We,7/16/2025,324.827,343.34,358.541,333.792
Tu,7/15/2025,325.299,344.691,358.217,333.722
Mo,7/14/2025,318.743,346.375,357.882,333.662
,,,,,
Fr,7/11/2025,316.821,348.15,357.6,333.613
Th,7/10/2025,311.461,349.911,357.346,333.577
We,7/9/2025,312.252,351.837,357.148,333.611
Tu,7/8/2025,318.775,353.693,356.976,333.652
Mo,7/7/2025,317.293,355.411,356.754,333.669
,,,,,
Th,7/3/2025,308.167,357.369,356.544,333.708
We,7/2/2025,314.215,359.872,356.458,333.826
Tu,7/1/2025,316.456,362.426,356.283,333.94
Mo,6/30/2025,318.045,364.581,356.078,334.077
,,,,,
Fr,6/27/2025,325.238,366.917,355.867,334.176
Th,6/26/2025,329.434,368.884,355.623,334.296
We,6/25/2025,334.252,370.812,355.332,334.341
Tu,6/24/2025,331.138,372.739,354.96,334.362
Mo,6/23/2025,341.367,374.996,354.649,334.4
,,,,,
Fr,6/20/2025,346.83,376.304,354.21,334.302
We,6/18/2025,347.633,378.885,353.747,334.191
Tu,6/17/2025,351.016,381.131,353.239,334.085
Mo,6/16/2025,338.448,382.888,352.677,333.935
,,,,,
Fr,6/13/2025,347.335,384.422,352.267,333.852
Th,6/12/2025,338.262,385.237,351.746,333.716
We,6/11/2025,336.003,385.98,351.396,333.69
Tu,6/10/2025,335.588,386.786,351.105,333.661
Mo,6/9/2025,339.691,387.62,350.773,333.646
,,,,,
Fr,6/6/2025,339.632,388.082,350.534,333.601
Th,6/5/2025,348.176,388.131,350.348,333.56
We,6/4/2025,345.447,387.863,350.073,333.511
Tu,6/3/2025,344.844,387.675,349.766,333.554
Mo,6/2/2025,347.114,387.766,349.441,333.647
,,,,,
Fr,5/30/2025,351.11,387.68,349.056,333.772
Th,5/29/2025,351.709,387.4,348.568,333.835
We,5/28/2025,353.705,387.317,348.093,333.901
Tu,5/27/2025,351.811,387.104,347.639,334.042
,,,,,
Fr,5/23/2025,369.118,386.996,347.236,334.188
Th,5/22/2025,363.048,386.721,346.678,334.25
We,5/21/2025,365.588,386.324,346.108,334.284
Tu,5/20/2025,348.539,385.88,345.461,334.194
Mo,5/19/2025,348.963,385.718,345.024,334.104
,,,,,
Fr,5/16/2025,347.419,385.268,344.629,334.047
Th,5/15/2025,349.437,384.895,344.224,333.987
We,5/14/2025,352.659,384.238,343.914,333.9
Tu,5/13/2025,343.316,383.474,343.529,333.82
Mo,5/12/2025,352.486,382.953,343.063,333.772
,,,,,
Fr,5/9/2025,386.657,382.078,342.491,333.633
Th,5/8/2025,383.999,380.616,341.596,333.319
We,5/7/2025,390.545,379.041,340.703,333.063
Tu,5/6/2025,396.776,377.333,339.71,332.757
Mo,5/5/2025,390.31,375.495,338.668,332.389
,,,,,
Fr,5/2/2025,392.395,373.743,337.694,332.019
Th,5/1/2025,409.458,371.743,336.664,331.667
We,4/30/2025,407.511,369.389,335.469,331.226
Tu,4/29/2025,404.86,367.05,334.298,330.81
Mo,4/28/2025,407.801,364.782,333.167,330.424
,,,,,
Fr,4/25/2025,405.038,362.459,332.011,330.039
Th,4/24/2025,404.685,360.259,330.911,329.659
We,4/23/2025,415.179,358.096,329.838,329.301
Tu,4/22/2025,433.323,355.72,328.66,328.891
Mo,4/21/2025,441.923,353.044,327.293,328.404
,,,,,
Th,4/17/2025,424.194,350.14,325.88,327.9
We,4/16/2025,434.823,347.574,324.649,327.499
Tu,4/15/2025,423.603,344.817,323.351,327.038
Mo,4/14/2025,425.821,342.363,322.174,326.642
,,,,,
Fr,4/11/2025,430.626,339.852,320.995,326.231
Th,4/10/2025,443.956,337.18,319.793,325.793
We,4/9/2025,406.799,334.302,318.446,325.284
Tu,4/8/2025,475.852,332.116,317.425,324.967
Mo,4/7/2025,459.938,328.61,315.7,324.281
,,,,,
Fr,4/4/2025,438.885,325.347,314.086,323.693
Th,4/3/2025,415.163,322.465,312.715,323.233
We,4/2/2025,388.071,320.113,311.631,322.844
Tu,4/1/2025,375.384,318.255,311.006,322.551
Mo,3/31/2025,376.31,316.813,310.612,322.354
,,,,,
Fr,3/28/2025,377.328,315.425,310.173,322.144
Th,3/27/2025,362.781,313.925,309.758,321.932
We,3/26/2025,342.076,312.985,309.43,321.79
Tu,3/25/2025,334.745,312.565,309.279,321.743
Mo,3/24/2025,336.085,312.284,309.197,321.76
,,,,,
Fr,3/21/2025,349.361,311.856,309.157,321.74
Th,3/20/2025,342.808,311.116,308.963,321.657
We,3/19/2025,337.128,310.432,308.862,321.629
Tu,3/18/2025,347.555,309.736,308.767,321.636
Mo,3/17/2025,343.059,308.868,308.545,321.556
,,,,,
Fr,3/14/2025,346.429,308.174,308.337,321.482
Th,3/13/2025,355.34,307.475,308.135,321.421
We,3/12/2025,343.208,306.635,307.818,321.292
Tu,3/11/2025,343.4,305.893,307.655,321.208
Mo,3/10/2025,340.458,305.042,307.498,321.118
,,,,,
Fr,3/7/2025,326.415,304.33,307.395,321.051
Th,3/6/2025,328.777,303.991,307.425,321.068
We,3/5/2025,316.591,303.553,307.444,321.059
Tu,3/4/2025,314.473,303.59,307.623,321.156
Mo,3/3/2025,317.253,303.583,307.779,321.273
,,,,,
Fr,2/28/2025,308.76,303.173,307.974,321.368
Th,2/27/2025,313.53,302.904,308.214,321.496
We,2/26/2025,305.259,302.577,308.442,321.609
Tu,2/25/2025,305.139,302.366,308.682,321.757
Mo,2/24/2025,304.871,302.086,308.93,321.906
,,,,,
Fr,2/21/2025,302.71,301.842,308.945,322.076
Th,2/20/2025,292.425,301.645,309.042,322.288
We,2/19/2025,291.72,301.584,309.227,322.595
Tu,2/18/2025,290.603,301.548,309.442,322.923
,,,,,
Fr,2/14/2025,291.425,301.547,309.625,323.192
Th,2/13/2025,291.677,301.552,309.809,323.468
We,2/12/2025,295.011,301.564,310.073,323.785
Tu,2/11/2025,296.546,301.563,310.329,324.083
Mo,2/10/2025,296.374,301.58,310.584,324.339
,,,,,
Fr,2/7/2025,299.542,301.599,310.871,324.643
Th,2/6/2025,296.709,301.543,311.193,324.988
We,2/5/2025,295.908,301.621,311.597,325.362
Tu,2/4/2025,296.962,301.723,312.076,325.748
Mo,2/3/2025,300.885,301.885,312.486,326.129
,,,,,
Fr,1/31/2025,300.279,301.986,312.969,326.474
Th,1/30/2025,297.057,302.139,313.351,326.751
We,1/29/2025,300.018,302.405,313.764,327.011
Tu,1/28/2025,297.543,302.59,314.151,327.246
Mo,1/27/2025,300.517,302.733,314.395,327.427
,,,,,
Fr,1/24/2025,296.784,302.79,314.635,327.592
Th,1/23/2025,294.805,302.825,314.93,327.804
We,1/22/2025,297.535,302.964,315.193,328.05
Tu,1/21/2025,295.179,303.15,315.437,328.246
,,,,,
Fr,1/17/2025,303.281,303.756,315.685,328.466
Th,1/16/2025,306.918,304.411,315.983,328.619
We,1/15/2025,302.334,304.921,316.217,328.736
Tu,1/14/2025,315.782,305.59,316.519,328.866
Mo,1/13/2025,321.091,305.875,316.668,328.897
,,,,,
Fr,1/10/2025,320.677,305.993,316.772,328.892
Th,1/9/2025,314.697,306.11,316.95,328.889
We,1/8/2025,312.359,306.457,317.343,328.879
Tu,1/7/2025,308.616,306.809,317.853,328.894
Mo,1/6/2025,302.333,307.291,318.489,328.971
,,,,,
Fr,1/3/2025,304.153,307.797,319.103,329.105
Th,1/2/2025,308.346,308.222,319.71,329.25
Tu,12/31/2024,311.486,308.499,320.446,329.355
Mo,12/30/2024,313.328,308.795,321.14,329.407
,,,,,
Fr,12/27/2024,306.093,309.001,321.822,329.455
Th,12/26/2024,300.859,309.418,322.46,329.568
Tu,12/24/2024,304.854,309.953,322.927,329.711
Mo,12/23/2024,309.454,310.46,323.184,329.838
,,,,,
Fr,12/20/2024,306.883,310.858,323.465,329.953
Th,12/19/2024,318.432,311.335,323.75,330.104
We,12/18/2024,314.168,311.657,323.886,330.177
Tu,12/17/2024,296.748,311.974,324.112,330.278
Mo,12/16/2024,295.281,312.774,324.481,330.493
,,,,,
Fr,12/13/2024,297.166,313.524,324.775,330.729
Th,12/12/2024,294.731,314.308,325.042,330.93
We,12/11/2024,291.152,314.998,325.422,331.164
Tu,12/10/2024,292.649,315.773,325.804,331.402
Mo,12/9/2024,292.861,316.049,326.11,331.621
,,,,,
Fr,12/6/2024,289.389,316.44,326.345,331.883
Th,12/5/2024,289.938,316.869,326.671,332.166
We,12/4/2024,290.509,317.336,326.984,332.449
Tu,12/3/2024,291.677,317.704,327.322,332.705
Mo,12/2/2024,292.274,318.066,327.681,332.999
,,,,,
Fr,11/29/2024,295.006,318.582,328.066,333.31
We,11/27/2024,297.398,319.094,328.408,333.561
Tu,11/26/2024,297.32,319.587,328.764,333.813
Mo,11/25/2024,296.705,320.144,329.121,334.096
,,,,,
Fr,11/22/2024,300.629,320.843,329.514,334.39
Th,11/21/2024,301.017,321.573,329.919,334.671
We,11/20/2024,305.036,322.429,330.348,334.946
Tu,11/19/2024,305.925,323.088,330.725,335.178
Mo,11/18/2024,307.94,323.953,331.109,335.419
,,,,,
Fr,11/15/2024,310.353,324.563,331.467,335.685
Th,11/14/2024,309.29,325.124,331.794,335.886
We,11/13/2024,304.701,325.713,332.122,336.072
Tu,11/12/2024,303.338,326.056,332.509,336.3
,,,,,
Fr,11/8/2024,298.529,326.48,332.862,336.535
Th,11/7/2024,301.774,327.036,333.301,336.829
We,11/6/2024,306.819,327.423,333.751,337.096
Tu,11/5/2024,325.52,327.725,334.057,337.337
Mo,11/4/2024,336.028,327.614,334.097,337.485
,,,,,
Fr,11/1/2024,332.391,327.555,334.096,337.604
Th,10/31/2024,335.806,327.514,334.115,337.769
We,10/30/2024,329.998,327.447,334.106,337.897
Tu,10/29/2024,327.022,327.461,334.151,338.012
Mo,10/28/2024,326.529,327.551,334.206,338.132
,,,,,
Fr,10/25/2024,332.041,327.789,334.322,338.263
Th,10/24/2024,329.975,328.228,334.323,338.399
We,10/23/2024,332.687,328.896,334.351,338.542
Tu,10/22/2024,327.629,329.687,334.396,338.736
Mo,10/21/2024,325.394,330.409,334.504,338.975
,,,,,
Fr,10/18/2024,322.225,331.198,334.567,339.227
Th,10/17/2024,326.286,332.392,334.628,339.438
We,10/16/2024,323.634,333.485,334.707,339.589
Tu,10/15/2024,326.923,334.643,334.766,339.741
,,,,,
Fr,10/11/2024,327.626,335.502,334.761,339.867
Th,10/10/2024,330.188,335.901,334.738,339.998
We,10/9/2024,329.383,335.908,334.706,340.133
Tu,10/8/2024,330.703,336.071,334.712,340.267
Mo,10/7/2024,334.554,336.166,334.674,340.471
,,,,,
Fr,10/4/2024,330.012,336.114,334.689,340.614
Th,10/3/2024,336.748,336.249,334.768,340.797
We,10/2/2024,332.771,336.187,334.762,340.95
Tu,10/1/2024,336.376,336.026,334.778,341.112
Mo,9/30/2024,329.215,335.776,334.775,341.255
,,,,,
Fr,9/27/2024,329.898,335.846,334.832,341.571
Th,9/26/2024,306.471,335.836,334.883,341.924
We,9/25/2024,312.4,336.17,335.207,342.401
Tu,9/24/2024,310.846,336.249,335.534,342.866
Mo,9/23/2024,313.287,336.473,335.964,343.35
,,,,,
Fr,9/20/2024,308.896,336.631,336.404,343.797
Th,9/19/2024,309.786,336.939,336.759,344.252
We,9/18/2024,318.074,337.297,337.126,344.682
Tu,9/17/2024,320.617,337.55,337.497,345.104
Mo,9/16/2024,322.016,337.721,337.837,345.525
,,,,,
Fr,9/13/2024,325.166,337.942,338.095,345.939
Th,9/12/2024,331.679,338.099,338.414,346.353
We,9/11/2024,337.13,338.185,338.784,346.715
Tu,9/10/2024,343.835,338.266,339.128,347.042
Mo,9/9/2024,337.943,338.267,339.419,347.369
,,,,,
Fr,9/6/2024,349.177,338.362,339.772,347.727
Th,9/5/2024,338.444,338.266,339.979,348.057
We,9/4/2024,338.413,338.372,340.151,348.463
Tu,9/3/2024,338.74,338.464,340.258,348.877
,,,,,
Fr,8/30/2024,321.855,338.531,340.34,349.271
Th,8/29/2024,324.565,338.962,340.459,349.832
We,8/28/2024,326.328,339.243,340.549,350.39
Tu,8/27/2024,321.086,339.565,340.678,350.998
Mo,8/26/2024,321.942,340.08,340.907,351.728
,,,,,
Fr,8/23/2024,319.978,340.389,341.054,352.447
Th,8/22/2024,333.052,340.58,341.247,353.206
We,8/21/2024,330.341,340.636,341.256,353.863
Tu,8/20/2024,332.479,340.716,341.255,354.604
Mo,8/19/2024,330.688,340.765,341.213,355.448
,,,,,
Fr,8/16/2024,331.524,340.841,341.127,356.378
Th,8/15/2024,338.415,340.861,341.011,357.34
We,8/14/2024,354,340.856,340.829,358.284
Tu,8/13/2024,363.376,340.417,340.416,359.13
Mo,8/12/2024,372.229,339.807,339.936,359.926
,,,,,
Fr,8/9/2024,363.725,339.105,339.453,360.606
Th,8/8/2024,364.87,338.6,339.108,361.374
We,8/7/2024,381.911,337.937,338.789,362.179
Tu,8/6/2024,380.949,336.864,338.265,362.898
Mo,8/5/2024,381.496,335.928,337.673,363.544
,,,,,
Fr,8/2/2024,369.905,334.889,337.088,364.106
Th,8/1/2024,347.587,334.019,336.676,364.704
We,7/31/2024,330.519,333.576,336.494,365.459
Tu,7/30/2024,337.527,333.504,336.491,366.255
Mo,7/29/2024,335.455,333.354,336.441,366.97
,,,,,
Fr,7/26/2024,331.975,333.183,336.458,367.714
Th,7/25/2024,336.738,333.263,336.468,368.514
We,7/24/2024,333.675,333.286,336.445,369.357
Tu,7/23/2024,324.703,333.337,336.506,370.183
Mo,7/22/2024,323.864,333.529,336.683,371.091
,,,,,
Fr,7/19/2024,332.728,333.774,336.818,371.903
Th,7/18/2024,329.396,333.819,336.907,372.643
We,7/17/2024,323.176,333.931,336.999,373.359
Tu,7/16/2024,316.345,334.244,337.132,374.124
Mo,7/15/2024,322.019,334.819,337.421,374.821
,,,,,
Fr,7/12/2024,321.207,335.455,337.661,375.442
Th,7/11/2024,324.322,336.177,337.915,376.061
We,7/10/2024,327.655,336.579,338.089,376.661
Tu,7/9/2024,330.714,336.956,338.316,377.188
Mo,7/8/2024,329.19,337.445,338.554,377.666
,,,,,
Fr,7/5/2024,333.071,337.953,338.715,378.144
We,7/3/2024,333.021,338.247,338.862,378.599
Tu,7/2/2024,335.981,338.728,339.07,379.033
Mo,7/1/2024,341.164,339.382,339.266,379.48
,,,,,
Fr,6/28/2024,343.898,339.989,339.423,379.92
Th,6/27/2024,342.681,340.572,339.544,380.326
We,6/26/2024,344.386,341.182,339.631,380.765
Tu,6/25/2024,343.733,341.691,339.728,381.197
Mo,6/24/2024,343.039,341.931,339.903,381.649
,,,,,
Fr,6/21/2024,342.073,342.051,339.979,382.089
Th,6/20/2024,343.404,342.148,340.022,382.489
Tu,6/18/2024,338.609,341.956,340.091,382.899
Mo,6/17/2024,342.426,341.856,340.209,383.31
,,,,,
Fr,6/14/2024,346.823,341.79,340.357,383.712
Th,6/13/2024,337.42,341.735,340.441,384.134
We,6/12/2024,329.532,341.718,340.618,384.638
Tu,6/11/2024,335.853,341.914,340.872,385.231
Mo,6/10/2024,334.338,341.875,341.112,385.707
,,,,,
Fr,6/7/2024,334.904,341.794,341.424,386.285
Th,6/6/2024,334.491,341.66,341.687,386.865
We,6/5/2024,332.537,341.413,341.872,387.467
Tu,6/4/2024,338.142,341.161,342.058,388.078
Mo,6/3/2024,332.082,340.803,342.205,388.618
,,,,,
Fr,5/31/2024,332.838,340.414,342.476,389.145
Th,5/30/2024,337.13,340.065,342.733,389.618
We,5/29/2024,338.504,339.802,343.076,390.083
Tu,5/28/2024,331.695,339.616,343.446,390.549
,,,,,
Fr,5/24/2024,328.299,339.642,343.887,391.061
Th,5/23/2024,334.149,339.666,344.248,391.593
We,5/22/2024,329.506,339.419,344.47,392.067
Tu,5/21/2024,326.428,339.288,344.717,392.598
Mo,5/20/2024,325.415,339.333,344.974,393.119
,,,,,
Fr,5/17/2024,326.96,339.412,345.258,393.636
Th,5/16/2024,329.992,339.478,345.56,394.089
We,5/15/2024,326.913,339.528,345.822,394.484
Tu,5/14/2024,335.998,339.732,346.268,394.891
Mo,5/13/2024,337.885,339.672,346.539,395.317
,,,,,
Fr,5/10/2024,336.203,339.603,346.827,395.701
Th,5/9/2024,334.335,339.675,347.137,396.121
We,5/8/2024,336.115,339.836,347.446,396.541
Tu,5/7/2024,334.935,339.862,347.734,396.959
Mo,5/6/2024,335.012,339.995,348.31,397.39
,,,,,
Fr,5/3/2024,338.828,340.068,348.965,397.809
Th,5/2/2024,345.098,340.019,349.596,398.21
We,5/1/2024,353.796,340.023,350.198,398.606
Tu,4/30/2024,357.323,339.867,350.735,398.987
Mo,4/29/2024,344.446,339.654,351.19,399.302
,,,,,
Fr,4/26/2024,346.49,339.598,351.744,399.657
Th,4/25/2024,355.139,339.676,352.238,400.072
We,4/24/2024,354.601,339.663,352.711,400.507
Tu,4/23/2024,347.772,339.477,353.213,400.999
Mo,4/22/2024,357.076,339.478,353.783,401.532
,,,,,
Fr,4/19/2024,368.701,339.412,354.293,401.958
Th,4/18/2024,371.5,339.15,354.646,402.282
We,4/17/2024,373.027,338.857,354.957,402.573
Tu,4/16/2024,373.182,338.517,355.318,402.939
Mo,4/15/2024,369.867,338.081,355.683,403.34
,,,,,
Fr,4/12/2024,355.697,337.765,356.136,403.782
Th,4/11/2024,349.043,337.876,356.775,404.36
We,4/10/2024,346.954,337.907,357.496,404.932
Tu,4/9/2024,333.797,337.896,358.202,405.46
Mo,4/8/2024,333.581,338.226,359.204,406.037
,,,,,
Fr,4/5/2024,339.151,338.562,360.23,406.574
Th,4/4/2024,344.066,338.924,361.318,407.058
We,4/3/2024,336.594,339.146,362.549,407.538
Tu,4/2/2024,339.32,339.517,363.84,408.074
Mo,4/1/2024,333.883,339.83,365.164,408.574
,,,,,
Th,3/28/2024,330.284,340.35,366.47,409.113
We,3/27/2024,328.242,341.054,367.952,409.667
Tu,3/26/2024,322.129,341.714,369.683,410.236
Mo,3/25/2024,319.914,342.332,371.63,410.872
,,,,,
Fr,3/22/2024,320.236,342.955,373.669,411.513
Th,3/21/2024,312.643,343.607,375.74,412.179
We,3/20/2024,315.396,344.538,377.844,412.868
Tu,3/19/2024,323.971,345.401,379.916,413.617
Mo,3/18/2024,329.202,346.35,381.758,414.373
,,,,,
Fr,3/15/2024,333.014,347.276,383.64,415.067
Th,3/14/2024,329.503,348.132,385.569,415.777
We,3/13/2024,321.764,348.83,387.531,416.552
Tu,3/12/2024,322.974,349.522,389.414,417.421
Mo,3/11/2024,328.708,350.146,391.123,418.245
,,,,,
Fr,3/8/2024,329.352,350.614,392.731,419.001
Th,3/7/2024,330.246,351.104,394.425,419.819
We,3/6/2024,332.494,351.641,396.018,420.638
Tu,3/5/2024,337.122,352.115,397.498,421.466
Mo,3/4/2024,333.001,352.805,398.97,422.335
,,,,,
Fr,3/1/2024,334.444,353.405,400.561,423.151
Th,2/29/2024,339.801,354.05,402.27,423.963
We,2/28/2024,342.387,354.599,403.859,424.749
Tu,2/27/2024,337.377,355.055,405.499,425.498
Mo,2/26/2024,341.624,355.607,406.989,426.312
,,,,,
Fr,2/23/2024,338.632,356.624,408.378,427.08
Th,2/22/2024,336.386,357.862,409.72,427.849
We,2/21/2024,345.313,359.173,411.116,428.706
Tu,2/20/2024,345.963,360.373,412.221,429.47
,,,,,
Fr,2/16/2024,346.692,361.604,413.223,430.189
Th,2/15/2024,341.624,362.727,414.206,430.839
We,2/14/2024,350.427,363.891,415.234,431.461
Tu,2/13/2024,354.456,364.799,416.059,432.064
Mo,2/12/2024,345.338,365.76,416.778,432.709
,,,,,
Fr,2/9/2024,347.803,366.948,417.572,433.388
Th,2/8/2024,353.763,368.088,418.336,433.988
We,2/7/2024,355.622,369.175,418.997,434.558
Tu,2/6/2024,356.835,370.142,419.694,435.158
Mo,2/5/2024,356.035,371.057,420.417,435.717
,,,,,
Fr,2/2/2024,351.361,372.119,421.108,436.245
Th,2/1/2024,354.109,373.285,421.899,436.779
We,1/31/2024,361.226,374.506,422.667,437.304
Tu,1/30/2024,350.577,375.675,423.396,437.818
Mo,1/29/2024,346.399,377.085,424.199,438.462
,,,,,
Fr,1/26/2024,350.333,378.508,424.955,439.098
Th,1/25/2024,350.379,380.182,425.706,439.753
We,1/24/2024,357.256,381.897,426.41,440.402
Tu,1/23/2024,355.156,383.711,427.067,441.064
Mo,1/22/2024,355.135,385.952,427.827,441.759
,,,,,
Fr,1/19/2024,354.986,388.163,428.658,442.385
Th,1/18/2024,359.854,390.498,429.591,442.956
We,1/17/2024,365.495,392.59,430.302,443.474
Tu,1/16/2024,361.252,394.851,431.147,444.034
,,,,,
Fr,1/12/2024,353.001,397.651,432.043,444.659
Th,1/11/2024,351.081,400.928,433.061,445.441
We,1/10/2024,352.815,404.384,434.099,446.203
Tu,1/9/2024,359.222,407.873,435.031,447.027
Mo,1/8/2024,358.527,411.15,435.815,447.864
,,,,,
Fr,1/5/2024,371.425,414.43,436.504,448.626
Th,1/4/2024,375.516,417.167,437.091,449.219
We,1/3/2024,375.816,420.003,437.652,449.995
Tu,1/2/2024,364.393,423.006,438.236,450.764
,,,,,
Fr,12/29/2023,356.355,426.232,438.939,451.457
Th,12/28/2023,354.169,429.306,439.664,452.32
We,12/27/2023,352.11,432.1,440.478,453.097
Tu,12/26/2023,353.847,434.849,441.264,454.009
,,,,,
Fr,12/22/2023,357.122,437.746,442.014,454.731
Th,12/21/2023,356.197,440.395,442.618,455.337
We,12/20/2023,371.595,442.882,443.147,455.829
Tu,12/19/2023,363.035,445.134,443.514,456.206
Mo,12/18/2023,366.68,447.716,444.095,456.543
,,,,,
Fr,12/15/2023,367.234,450.49,444.576,456.873
Th,12/14/2023,365.182,453.12,445.104,457.315
We,12/13/2023,365.002,455.944,445.637,457.775
Tu,12/12/2023,392.485,458.37,446.184,458.263
Mo,12/11/2023,400.524,460.132,446.469,458.592
,,,,,
Fr,12/8/2023,401.906,461.577,446.652,458.916
Th,12/7/2023,405.322,463.06,446.824,459.169
We,12/6/2023,407.54,464.068,447.014,459.45
Tu,12/5/2023,402.819,464.842,447.238,459.747
Mo,12/4/2023,399.846,465.684,447.414,459.955
,,,,,
Fr,12/1/2023,395.807,466.576,447.57,460.197
Th,11/30/2023,402.488,467.32,447.907,460.388
We,11/29/2023,404.761,467.796,448.303,460.547
Tu,11/28/2023,404.801,468.197,448.785,460.681
Mo,11/27/2023,408.103,468.584,449.282,460.868
,,,,,
Fr,11/24/2023,403.958,468.819,449.624,460.982
We,11/22/2023,402.62,469.246,449.918,461.084
Tu,11/21/2023,409.127,469.778,450.188,461.15
Mo,11/20/2023,409.639,470.097,450.56,461.233
,,,,,
Fr,11/17/2023,415.169,470.513,450.998,461.278
Th,11/16/2023,419.669,470.827,451.428,461.242
We,11/15/2023,421.11,471.116,451.945,461.223
Tu,11/14/2023,417.551,471.312,452.369,461.268
Mo,11/13/2023,434.041,471.402,452.718,461.399
,,,,,
Fr,11/10/2023,436.123,471.229,452.87,461.389
Th,11/9/2023,447.938,470.923,452.918,461.363
We,11/8/2023,467.207,470.423,452.797,461.291
Tu,11/7/2023,465.66,469.702,452.526,461.115
Mo,11/6/2023,471.772,469.154,452.308,460.96
,,,,,
Fr,11/3/2023,464.417,468.683,451.983,460.832
Th,11/2/2023,478.555,468.015,451.756,460.802
We,11/1/2023,501.289,467.444,451.383,460.633
Tu,10/31/2023,516.838,466.435,450.788,460.293
Mo,10/30/2023,523.858,465.194,450.114,459.83
,,,,,
Fr,10/27/2023,527.252,463.814,449.356,459.333
Th,10/26/2023,523.108,462.19,448.618,458.876
We,10/25/2023,522.539,460.479,447.891,458.521
Tu,10/24/2023,508.246,458.577,447.319,458.165
Mo,10/23/2023,517.327,457.015,446.988,457.872
,,,,,
Fr,10/20/2023,525.958,455.301,446.494,457.659
Th,10/19/2023,525.696,453.466,445.986,457.379
We,10/18/2023,510.057,451.645,445.574,457.141
Tu,10/17/2023,493.864,450.021,445.427,457.011
Mo,10/16/2023,489.551,448.857,445.367,456.957
,,,,,
Fr,10/13/2023,498.723,447.679,445.271,457.021
Th,10/12/2023,489.583,446.282,445.213,456.916
We,10/11/2023,480.508,444.841,445.257,456.849
Tu,10/10/2023,484.234,443.412,445.434,456.871
,,,,,
Fr,10/6/2023,492.123,441.894,445.701,456.836
Th,10/5/2023,505.363,440.473,445.742,456.89
We,10/4/2023,498.724,438.662,445.655,456.845
Tu,10/3/2023,506.388,437.089,445.638,456.795
Mo,10/2/2023,486.328,435.331,445.496,456.636
,,,,,
Fr,9/29/2023,480.564,433.997,445.635,456.455
Th,9/28/2023,472.78,432.807,445.782,456.301
We,9/27/2023,476.071,431.728,445.979,456.269
Tu,9/26/2023,455.724,430.588,446.296,456.285
Mo,9/25/2023,446.222,429.96,446.719,456.435
,,,,,
Fr,9/22/2023,444.932,429.633,447.154,456.654
Th,9/21/2023,444.457,429.144,447.473,456.901
We,9/20/2023,432.984,428.564,447.688,457.07
Tu,9/19/2023,426.291,428.494,448.068,457.222
Mo,9/18/2023,424.787,428.809,448.641,457.385
,,,,,
Fr,9/15/2023,424.174,429.374,449.203,457.523
Th,9/14/2023,419.862,429.979,449.64,457.79
We,9/13/2023,425.286,430.428,450.119,458.1
Tu,9/12/2023,429.208,430.589,450.622,458.277
Mo,9/11/2023,425.105,430.599,451.017,458.412
,,,,,
Fr,9/8/2023,430.431,431.022,451.382,458.632
Th,9/7/2023,430.886,431.484,451.66,458.879
We,9/6/2023,434.128,432.029,451.941,459.127
Tu,9/5/2023,430.875,432.774,452.24,459.404
,,,,,
Fr,9/1/2023,422.083,433.426,452.726,459.69
Th,8/31/2023,425.384,434.034,453.24,460.016
We,8/30/2023,420.812,434.51,453.801,460.346
Tu,8/29/2023,422.931,434.912,454.393,460.674
Mo,8/28/2023,431.151,435.172,455.06,461.261
,,,,,
Fr,8/25/2023,438.28,435.35,455.692,461.705
Th,8/24/2023,448.21,435.462,456.112,462.086
We,8/23/2023,431.028,435.283,456.322,462.461
Tu,8/22/2023,449.979,435.497,456.646,463.021
Mo,8/21/2023,450.858,435.322,456.921,463.409
,,,,,
Fr,8/18/2023,454.813,435.142,457.274,463.704
Th,8/17/2023,454.819,435.034,457.821,464.032
We,8/16/2023,446.065,434.898,458.307,464.261
Tu,8/15/2023,437.562,435.045,459.023,464.695
Mo,8/14/2023,427.422,435.303,459.914,465.169
,,,,,
Fr,8/11/2023,430.186,436.061,460.748,465.706
Th,8/10/2023,431.59,436.96,461.347,466.258
We,8/9/2023,434.206,437.688,462.338,466.811
Tu,8/8/2023,434.672,438.505,463.293,467.478
Mo,8/7/2023,428.849,439.502,463.975,468.076
,,,,,
Fr,8/4/2023,435.646,440.833,464.976,468.64
Th,8/3/2023,430.652,441.877,465.716,469.271
We,8/2/2023,428.865,442.864,466.755,470.094
Tu,8/1/2023,417.571,444.145,467.447,470.862
Mo,7/31/2023,409.036,445.672,468.056,471.737
,,,,,
Fr,7/28/2023,408.326,447.456,468.512,472.667
Th,7/27/2023,421.111,449.507,468.897,473.535
We,7/26/2023,414.788,451.01,468.991,474.257
Tu,7/25/2023,420.089,452.649,469.17,474.966
Mo,7/24/2023,418.474,454.186,469.525,475.655
,,,,,
Fr,7/21/2023,419.615,455.661,469.913,476.538
Th,7/20/2023,421.059,457.274,470.342,477.488
We,7/19/2023,418.827,458.757,470.714,478.397
Tu,7/18/2023,419.089,460.231,471.179,479.282
Mo,7/17/2023,424.331,462.005,471.513,480.321
,,,,,
Fr,7/14/2023,429.888,463.478,471.886,481.141
Th,7/13/2023,420.442,464.674,472.257,481.833
We,7/12/2023,415.47,465.802,472.497,482.489
Tu,7/11/2023,429.501,466.811,472.823,483.121
Mo,7/10/2023,442.03,467.641,472.869,483.613
,,,,,
Fr,7/7/2023,453.041,468.472,472.79,483.968
Th,7/6/2023,454.432,469.032,472.577,484.341
We,7/5/2023,442.29,469.301,472.453,484.693
Mo,7/3/2023,433.363,469.81,472.34,484.973
,,,,,
Fr,6/30/2023,429.709,470.654,472.251,485.333
Th,6/29/2023,446.236,471.434,472.111,485.496
We,6/28/2023,453.52,471.741,471.906,485.619
Tu,6/27/2023,458.154,471.836,471.557,485.793
Mo,6/26/2023,471.37,471.852,471.057,485.987
,,,,,
Fr,6/23/2023,463.487,471.706,470.501,486.257
Th,6/22/2023,452.451,472.025,470.166,486.582
We,6/21/2023,449.206,472.447,470.081,486.931
Tu,6/20/2023,440.921,473.092,469.909,487.35
,,,,,
Fr,6/16/2023,435.92,473.874,469.808,487.786
Th,6/15/2023,440.053,474.949,469.785,488.175
We,6/14/2023,443.856,476.034,469.704,488.468
Tu,6/13/2023,439.282,476.762,469.612,488.596
Mo,6/12/2023,441.741,477.361,469.681,488.809
,,,,,
Fr,6/9/2023,441.193,477.794,469.848,489.055
Th,6/8/2023,441.871,478.521,469.884,489.308
We,6/7/2023,449.438,479.407,469.798,489.455
Tu,6/6/2023,447.987,480.607,469.545,489.446
Mo,6/5/2023,453.445,481.716,469.31,489.459
,,,,,
Fr,6/2/2023,450.455,483.001,469.134,489.367
Th,6/1/2023,465.342,484.525,469.151,489.234
We,5/31/2023,475.107,485.434,469.012,489.013
Tu,5/30/2023,467.976,485.734,468.756,488.844
,,,,,
Fr,5/26/2023,475.092,486.988,468.823,488.688
Th,5/25/2023,484.504,488.08,468.773,488.687
We,5/24/2023,495.419,488.449,468.708,488.563
Tu,5/23/2023,487.815,489.118,468.594,488.406
Mo,5/22/2023,480.016,489.556,468.548,488.311
,,,,,
Fr,5/19/2023,492.904,490.646,468.771,488.283
Th,5/18/2023,493.935,490.75,468.618,488.263
We,5/17/2023,498.232,490.44,468.44,488.182
Tu,5/16/2023,510.891,489.568,468.309,488.046
Mo,5/15/2023,496.222,488.287,467.972,487.851
,,,,,
Fr,5/12/2023,496.736,486.973,468.038,487.796
Th,5/11/2023,496.987,485.691,468.035,487.857
We,5/10/2023,492.208,484.863,467.952,487.868
Tu,5/9/2023,500.252,484.164,467.776,487.906
Mo,5/8/2023,495.232,483.41,467.276,487.825
,,,,,
Fr,5/5/2023,492.509,482.671,466.819,487.811
Th,5/4/2023,507.788,482.127,466.558,487.86
We,5/3/2023,497.992,481.021,466.274,487.99
Tu,5/2/2023,489.696,480.294,466.151,488.152
Mo,5/1/2023,476.811,479.84,466.154,488.489
,,,,,
Fr,4/28/2023,465.955,479.192,466.33,488.85
Th,4/27/2023,470.974,478.835,466.452,489.201
We,4/26/2023,483.59,478.096,466.376,489.503
Tu,4/25/2023,481.028,477.109,466.129,489.668
Mo,4/24/2023,467.91,476.122,465.843,489.903
,,,,,
Fr,4/21/2023,467.734,475.605,465.94,490.358
Th,4/20/2023,475.56,474.871,466.082,490.845
We,4/19/2023,468.695,473.848,465.932,491.352
Tu,4/18/2023,461.592,472.787,465.808,491.904
Mo,4/17/2023,458.287,472.07,465.882,492.453
,,,,,
Fr,4/14/2023,458.936,471.278,466.098,492.979
Th,4/13/2023,464.059,470.261,466.313,493.346
We,4/12/2023,479.437,469.297,466.569,493.67
Tu,4/11/2023,473.558,468.308,466.655,494.052
Mo,4/10/2023,481.438,467.715,466.792,494.517
,,,,,
Fr,4/7/2023,480.058,466.726,466.891,494.927
Th,4/6/2023,489.635,465.741,466.956,495.406
We,4/5/2023,494.313,464.62,467.462,495.896
Tu,4/4/2023,480.255,463.375,467.718,496.175
Mo,4/3/2023,469.233,462.463,468.06,496.637
,,,,,
Fr,3/31/2023,463.388,462,468.6,497.155
Th,3/30/2023,477.542,461.903,469.397,497.496
We,3/29/2023,486.158,461.247,469.898,497.609
Tu,3/28/2023,509.456,460.19,470.133,497.588
Mo,3/27/2023,503.459,458.483,470.244,497.419
,,,,,
Fr,3/24/2023,517.68,456.903,470.214,497.286
Th,3/23/2023,526.658,455.266,470.366,497.062
We,3/22/2023,510.765,453.777,470.424,496.726
Tu,3/21/2023,490.153,452.59,470.664,496.502
Mo,3/20/2023,530.656,451.777,471.17,496.356
,,,,,
Fr,3/17/2023,529.688,450.658,471.285,495.988
Th,3/16/2023,502.931,449.466,471.664,495.665
We,3/15/2023,528.898,448.968,472.176,495.553
Tu,3/14/2023,509.705,448.07,472.304,495.418
Mo,3/13/2023,534.519,447.539,472.825,495.401
,,,,,
Fr,3/10/2023,498.109,446.896,473.433,495.343
Th,3/9/2023,478.457,446.486,474.276,495.433
We,3/8/2023,454.61,446.44,475.417,495.633
Tu,3/7/2023,446.851,447.05,476.821,495.778
Mo,3/6/2023,430.514,447.657,478.173,496.008
,,,,,
Fr,3/3/2023,432.619,449.104,479.524,496.277
Th,3/2/2023,455.594,450.379,480.763,496.582
We,3/1/2023,457.271,451.042,481.786,496.753
Tu,2/28/2023,462.528,451.387,483.162,496.901
Mo,2/27/2023,458.322,451.141,484.634,497.074
,,,,,
Fr,2/24/2023,465.296,450.967,486.079,497.182
Th,2/23/2023,452.494,450.989,487.384,497.155
We,2/22/2023,461.634,451.526,489.129,497.043
Tu,2/21/2023,466.967,452.008,490.397,496.953
,,,,,
Fr,2/17/2023,444.447,452.469,491.408,496.892
Th,2/16/2023,448.094,453.467,492.482,496.976
We,2/15/2023,434.03,454.069,493.419,496.968
Tu,2/14/2023,434.224,454.656,494.356,497.049
Mo,2/13/2023,431.708,455.148,495.146,497.113
,,,,,
Fr,2/10/2023,442.057,455.564,496.106,497.071
Th,2/9/2023,430.993,456.275,496.932,497.035
We,2/8/2023,424.432,457.293,497.606,496.968
Tu,2/7/2023,415.658,458.015,498.415,496.864
Mo,2/6/2023,425.73,458.828,498.882,496.835
,,,,,
Fr,2/3/2023,418.677,459.694,499.332,496.749
Th,2/2/2023,408.093,460.918,500.029,496.694
We,2/1/2023,415.862,462.366,500.917,496.667
Tu,1/31/2023,429.973,463.84,502.013,496.629
Mo,1/30/2023,443.92,465.002,502.997,496.533
,,,,,
Fr,1/27/2023,431.977,465.87,503.78,496.315
Th,1/26/2023,430.836,467.057,504.792,496.095
We,1/25/2023,433.586,468.17,505.764,495.859
Tu,1/24/2023,432.044,470.304,506.565,495.568
Mo,1/23/2023,434.659,472.061,507.231,495.219
,,,,,
Fr,1/20/2023,446.101,473.657,507.579,494.916
Th,1/19/2023,458.497,475.2,507.937,494.565
We,1/18/2023,444.782,476.892,508.261,494.126
Tu,1/17/2023,433.273,478.548,508.733,493.735
,,,,,
Fr,1/13/2023,424.097,480.077,509.112,493.495
Th,1/12/2023,424.464,482.005,509.348,493.213
We,1/11/2023,435.854,483.526,509.609,492.899
Tu,1/10/2023,452.196,485.466,509.6,492.546
Mo,1/9/2023,451.411,487.07,509.316,492.061
,,,,,
Fr,1/6/2023,449.508,488.738,509.014,491.636
Th,1/5/2023,474.722,490.563,508.932,491.178
We,1/4/2023,470.101,491.911,508.553,490.608
Tu,1/3/2023,478.006,493.861,508.601,490.098
,,,,,
Fr,12/30/2022,483.975,495.384,508.417,489.685
Th,12/29/2022,483.203,496.538,508.218,489.301
We,12/28/2022,502.338,498.111,508.074,488.887
Tu,12/27/2022,477.619,499.971,507.796,488.328
,,,,,
Fr,12/23/2022,476.158,502.066,507.908,487.845
Th,12/22/2022,485.105,504.395,507.924,487.487
We,12/21/2022,477.206,506.592,507.782,487.118
Tu,12/20/2022,502.838,508.689,507.73,486.693
Mo,12/19/2022,496.403,509.944,507.554,486.062
,,,,,
Fr,12/16/2022,488.736,511.146,507.679,485.429
Th,12/15/2022,474.537,512.529,507.784,484.89
We,12/14/2022,450.226,514.937,508.036,484.344
Tu,12/13/2022,449.586,518.127,508.374,483.888
Mo,12/12/2022,466.412,521.191,508.804,483.486
,,,,,
Fr,12/9/2022,479.353,523.779,509.163,483.055
Th,12/8/2022,485.727,526.731,509.707,482.531
We,12/7/2022,490.027,528.785,510.154,481.953
Tu,12/6/2022,494.36,530.348,510.824,481.333
Mo,12/5/2022,478.161,531.496,511.371,480.639
,,,,,
Fr,12/2/2022,463.402,532.769,511.95,480.051
Th,12/1/2022,458.831,534.057,512.629,479.584
We,11/30/2022,452.486,535.143,513.207,479.137
Tu,11/29/2022,477.589,536.647,513.963,478.676
Mo,11/28/2022,481.892,537.589,514.776,477.993
,,,,,
Fr,11/25/2022,460.555,537.92,515.608,477.338
We,11/23/2022,456.313,538.815,516.773,476.8
Tu,11/22/2022,469.025,538.936,518.001,476.298
Mo,11/21/2022,479.886,538.969,519.025,475.685
,,,,,
Fr,11/18/2022,480.46,539.141,519.861,474.962
Th,11/17/2022,489.593,539.468,520.379,474.205
We,11/16/2022,488.072,540.185,520.771,473.453
Tu,11/15/2022,487.289,540.992,521.45,472.73
Mo,11/14/2022,491.357,541.691,522.241,472.036
,,,,,
Th,11/10/2022,486.485,542.526,522.963,471.271
We,11/9/2022,540.291,543.357,523.856,470.503
Tu,11/8/2022,519.908,542.825,524.329,469.429
Mo,11/7/2022,514.436,542.401,524.632,468.48
,,,,,
Fr,11/4/2022,523.253,541.502,525.213,467.53
Th,11/3/2022,543.073,540.674,525.709,466.501
We,11/2/2022,527.584,539.63,525.595,465.355
Tu,11/1/2022,509.725,538.918,525.321,464.251
Mo,10/31/2022,520.505,538.148,525.043,463.239
,,,,,
Fr,10/28/2022,500.507,536.692,524.595,462.134
Th,10/27/2022,532.88,535.693,524.357,461.137
We,10/26/2022,532.394,533.735,523.757,460.009
Tu,10/25/2022,534.787,531.563,523.028,458.888
Mo,10/24/2022,540.758,529.291,522.34,457.733
,,,,,
Fr,10/21/2022,542.136,527.301,521.543,456.552
Th,10/20/2022,567.6,525.195,520.691,455.314
We,10/19/2022,554.173,523.342,519.666,453.942
Tu,10/18/2022,541.641,521.45,518.931,452.637
Mo,10/17/2022,561.869,519.898,518.532,451.403
,,,,,
Fr,10/14/2022,595.319,518.036,517.977,450.059
Th,10/13/2022,582.372,515.621,517.253,448.545
We,10/12/2022,592.606,513.75,516.591,447.072
Tu,10/11/2022,594.968,511.452,515.849,445.571
,,,,,
Fr,10/7/2022,582.073,508.973,514.735,444.082
Th,10/6/2022,565.556,506.77,513.843,442.683
We,10/5/2022,556.526,505.164,513.031,441.408
Tu,10/4/2022,557.879,504.213,512.402,440.17
Mo,10/3/2022,594.96,503.04,511.72,438.919
,,,,,
Fr,9/30/2022,609.706,501.136,510.64,437.469
Th,9/29/2022,602.807,498.621,509.514,435.977
We,9/28/2022,595.808,496.416,508.285,434.505
Tu,9/27/2022,626.932,494.546,506.927,433.053
Mo,9/26/2022,588.447,492.683,504.957,431.471
,,,,,
Fr,9/23/2022,568.144,491.522,503.51,430.059
Th,9/22/2022,551.789,491.3,502.376,428.744
We,9/21/2022,541.791,491.246,501.471,427.575
Tu,9/20/2022,527.792,491.13,500.517,426.519
Mo,9/19/2022,513.136,491.202,499.742,425.497
,,,,,
Fr,9/16/2022,527.72,491.271,499.08,424.596
Th,9/15/2022,524.687,491.279,498.037,423.594
We,9/14/2022,498.406,491.964,497.137,422.556
Tu,9/13/2022,505.303,493.296,496.33,421.7
Mo,9/12/2022,462.359,494.731,495.314,420.705
,,,,,
Fr,9/9/2022,470.717,497.066,494.787,419.925
Th,9/8/2022,488.451,499.08,494.167,419.102
We,9/7/2022,496.838,500.581,493.359,418.162
Tu,9/6/2022,525.453,501.289,492.417,417.16
,,,,,
Fr,9/2/2022,528.405,501.357,491.246,416.016
Th,9/1/2022,522.218,501.908,490.069,414.843
We,8/31/2022,533.142,502.792,488.85,413.706
Tu,8/30/2022,528.033,503.4,487.398,412.517
Mo,8/29/2022,513.667,504.355,485.954,411.361
,,,,,
Fr,8/26/2022,498.695,505.834,484.572,410.248
Th,8/25/2022,469.484,506.863,483.207,409.198
We,8/24/2022,481.851,508.924,482.252,408.288
Tu,8/23/2022,490.903,510.744,481.192,407.344
Mo,8/22/2022,491.96,511.559,479.992,406.375
,,,,,
Fr,8/19/2022,471.224,511.725,478.738,405.423
Th,8/18/2022,447.704,511.938,477.877,404.597
We,8/17/2022,450.588,512.498,477.078,403.881
Tu,8/16/2022,434.954,513.021,476.188,403.126
Mo,8/15/2022,423.787,513.779,475.491,402.459
,,,,,
Fr,8/12/2022,421.183,514.494,474.805,401.832
Th,8/11/2022,441.287,515.388,474.258,401.232
We,8/10/2022,436.813,515.785,473.423,400.535
Tu,8/9/2022,474.964,516.187,472.662,399.844
Mo,8/8/2022,459.553,515.99,471.595,398.948
,,,,,
Fr,8/5/2022,464.056,516.412,470.953,398.134
Th,8/4/2022,468.783,517.165,470.384,397.317
We,8/3/2022,474.579,517.918,469.7,396.473
Tu,8/2/2022,488.817,518.885,468.859,395.601
Mo,8/1/2022,477.718,519.431,467.781,394.713
,,,,,
Fr,7/29/2022,470.996,520.245,467.05,393.9
Th,7/28/2022,471.933,520.497,466.454,393.087
We,7/27/2022,485.258,520.916,465.656,392.247
Tu,7/26/2022,508.956,520.897,464.57,391.346
Mo,7/25/2022,499.236,520.59,463.178,390.326
,,,,,
Fr,7/22/2022,499.745,520.399,461.996,389.344
Th,7/21/2022,483.956,520.145,460.651,388.336
We,7/20/2022,492.599,520.406,459.402,387.426
Tu,7/19/2022,502.3,520.153,458.167,386.451
Mo,7/18/2022,533.785,519.307,456.946,385.434
,,,,,
Fr,7/15/2022,530.382,517.231,455.354,384.226
Th,7/14/2022,557.053,515.498,453.751,382.952
We,7/13/2022,549.067,513.451,451.842,381.538
Tu,7/12/2022,536.025,511.696,449.907,380.176
Mo,7/11/2022,531.385,509.904,448.152,378.918
,,,,,
Fr,7/8/2022,516.585,508.283,446.539,377.691
Th,7/7/2022,528.115,506.889,445.068,376.497
We,7/6/2022,558.91,504.795,443.389,375.221
Tu,7/5/2022,565.027,502.311,441.21,373.79
,,,,,
Fr,7/1/2022,577.049,499.365,439.069,372.343
Th,6/30/2022,579.087,495.897,436.827,370.833
We,6/29/2022,571.457,492.509,434.596,369.323
Tu,6/28/2022,563.479,489.253,432.346,367.847
Mo,6/27/2022,532.257,486.136,430.064,366.403
,,,,,
Fr,6/24/2022,528.835,483.545,428.032,365.129
Th,6/23/2022,555.941,481.135,426.136,363.858
We,6/22/2022,566.448,478.229,424.01,362.448
Tu,6/21/2022,563.54,474.907,421.83,360.989
,,,,,
Fr,6/17/2022,575.765,471.395,419.578,359.551
Th,6/16/2022,587.611,467.554,417.15,358.048
We,6/15/2022,550.175,463.311,414.528,356.488
Tu,6/14/2022,572.538,459.551,412.328,355.165
Mo,6/13/2022,572.843,455.581,409.847,353.711
,,,,,
Fr,6/10/2022,531.65,451.641,407.293,352.268
Th,6/9/2022,500.25,448.425,405.116,351.037
We,6/8/2022,481.867,445.752,403.181,350
Tu,6/7/2022,475.705,443.817,401.435,349.078
Mo,6/6/2022,476.741,441.658,399.674,348.18
,,,,,
Fr,6/3/2022,472.875,439.355,397.918,347.261
Th,6/2/2022,459.512,437.202,396.26,346.329
We,6/1/2022,465.917,435.117,394.749,345.452
Tu,5/31/2022,461.124,433.128,393.127,344.551
,,,,,
Fr,5/27/2022,456.911,431.061,391.561,343.697
Th,5/26/2022,465.122,429.137,389.937,342.881
We,5/25/2022,480.628,427.2,388.218,342.005
Tu,5/24/2022,501.733,425.494,386.343,341.033
Mo,5/23/2022,506.436,423.602,384.273,339.968
,,,,,
Fr,5/20/2022,522.891,421.481,382.142,338.915
Th,5/19/2022,516.151,418.834,379.838,337.767
We,5/18/2022,518.412,416.131,377.554,336.657
Tu,5/17/2022,483.582,413.854,375.293,335.524
Mo,5/16/2022,492.866,412.41,373.429,334.538
,,,,,
Fr,5/13/2022,484.341,410.396,371.522,333.51
Th,5/12/2022,493.609,408.242,369.786,332.532
We,5/11/2022,489.692,405.766,367.939,331.478
Tu,5/10/2022,487.012,403.593,366.119,330.436
Mo,5/9/2022,497.04,401.156,364.299,329.423
,,,,,
Fr,5/6/2022,479.932,398.398,362.441,328.357
Th,5/5/2022,459.985,396.181,360.724,327.416
We,5/4/2022,429.991,394.586,359.179,326.6
Tu,5/3/2022,443.712,393.477,357.986,325.883
Mo,5/2/2022,454.724,392.005,356.607,325.08
,,,,,
Fr,4/29/2022,461.311,390.232,355.112,324.199
Th,4/28/2022,446.441,388.119,353.679,323.295
We,4/27/2022,450.304,386.4,352.52,322.445
Tu,4/26/2022,446.912,384.795,351.252,321.574
Mo,4/25/2022,423.4,383.246,350.112,320.749
,,,,,
Fr,4/22/2022,434.706,381.983,349.152,320.007
Th,4/21/2022,417.721,380.109,347.975,319.2
We,4/20/2022,403.664,378.774,347.069,318.456
Tu,4/19/2022,409.709,377.757,346.096,317.801
Mo,4/18/2022,408.631,376.682,345.062,317.12
,,,,,
Th,4/14/2022,407.655,375.439,344.038,316.444
We,4/13/2022,402.679,373.991,342.966,315.77
Tu,4/12/2022,408.335,372.519,341.902,315.106
Mo,4/11/2022,410.674,371.137,340.786,314.432
,,,,,
Fr,4/8/2022,400.32,369.79,339.617,313.761
Th,4/7/2022,387.945,368.752,338.562,313.145
We,4/6/2022,383.698,367.76,337.636,312.606
Tu,4/5/2022,375.459,366.746,336.768,312.12
Mo,4/4/2022,362.205,365.746,335.924,311.65
,,,,,
Fr,4/1/2022,374.005,365.104,335.188,311.247
Th,3/31/2022,375.844,364.113,334.324,310.762
We,3/30/2022,370.861,362.945,333.496,310.266
Tu,3/29/2022,366.589,361.806,332.757,309.789
Mo,3/28/2022,385.125,360.611,332.107,309.347
,,,,,
Fr,3/25/2022,367.781,359.054,331.316,308.836
Th,3/24/2022,361.574,357.69,330.683,308.413
We,3/23/2022,365.237,356.48,330.065,308.023
Tu,3/22/2022,355.252,355.318,329.428,307.613
Mo,3/21/2022,366.494,354.38,328.858,307.276
,,,,,
Fr,3/18/2022,357.751,353.125,328.206,306.865
Th,3/17/2022,360.724,352.06,327.646,306.502
We,3/16/2022,368.26,350.736,327.026,306.138
Tu,3/15/2022,395.321,349.236,326.3,305.743
Mo,3/14/2022,407.137,347.192,325.314,305.221
,,,,,
Fr,3/11/2022,400.387,344.945,324.25,304.65
Th,3/10/2022,390.537,342.802,323.245,304.101
We,3/9/2022,381.03,340.842,322.342,303.617
Tu,3/8/2022,404.545,338.977,321.644,303.186
Mo,3/7/2022,411.387,336.732,320.75,302.66
,,,,,
Fr,3/4/2022,392.142,334.448,319.72,302.088
Th,3/3/2022,376.662,332.649,318.839,301.597
We,3/2/2022,369.783,331.33,318.122,301.154
Tu,3/1/2022,381.047,330.112,317.474,300.782
Mo,2/28/2022,365.194,328.645,316.693,300.385
,,,,,
Fr,2/25/2022,359.143,327.441,316.022,300.026
Th,2/24/2022,369.074,326.484,315.449,299.687
We,2/23/2022,380.221,325.268,314.734,299.273
Tu,2/22/2022,374.564,323.773,313.921,298.82
,,,,,
Fr,2/18/2022,370.093,322.494,313.098,298.394
Th,2/17/2022,366.092,321.21,312.152,297.984
We,2/16/2022,355.616,319.991,311.235,297.579
Tu,2/15/2022,360.513,319.24,310.446,297.233
Mo,2/14/2022,370.065,318.639,309.685,296.851
,,,,,
Fr,2/11/2022,369.454,317.709,308.843,296.438
Th,2/10/2022,360.23,316.979,307.927,296.047
We,2/9/2022,341.01,316.321,307.052,295.696
Tu,2/8/2022,350.961,315.842,306.371,295.449
Mo,2/7/2022,352.851,315.364,305.617,295.177
,,,,,
Fr,2/4/2022,355.948,314.435,304.838,294.889
Th,2/3/2022,346.473,313.442,304.05,294.595
We,2/2/2022,335.268,312.636,303.348,294.317
Tu,2/1/2022,329.089,311.94,302.742,294.081
Mo,1/31/2022,339.198,311.286,302.226,293.868
,,,,,
Fr,1/28/2022,343.346,310.436,301.581,293.636
Th,1/27/2022,348.435,309.445,300.887,293.386
We,1/26/2022,338.349,308.372,300.149,293.118
Tu,1/25/2022,332.966,307.512,299.524,292.893
Mo,1/24/2022,325.453,306.79,298.947,292.684
,,,,,
Fr,1/21/2022,330.127,306.103,298.449,292.525
Th,1/20/2022,324.465,305.273,298.003,292.345
We,1/19/2022,317.417,304.534,297.575,292.201
Tu,1/18/2022,313.942,304.048,297.243,292.095
,,,,,
Fr,1/14/2022,306.824,303.708,296.958,292.021
Th,1/13/2022,307.258,303.603,296.819,292.028
We,1/12/2022,299.58,303.579,296.721,292.075
Tu,1/11/2022,301.096,303.677,296.687,292.148
Mo,1/10/2022,307.14,303.649,296.605,292.108
,,,,,
Fr,1/7/2022,308.357,303.538,296.398,292.078
Th,1/6/2022,303.735,303.336,296.156,292.059
We,1/5/2022,304.511,303.287,295.976,292.06
Tu,1/4/2022,294.525,303.232,295.833,292.023
Mo,1/3/2022,293.242,303.315,295.826,292.057
,,,,,
Fr,12/31/2021,293.102,303.364,295.791,292.118
Th,12/30/2021,294.797,303.437,295.724,292.121
We,12/29/2021,293.265,303.554,295.662,292.145
Tu,12/28/2021,292.489,303.688,295.689,292.163
Mo,12/27/2021,287.788,303.843,295.697,292.189
,,,,,
Th,12/23/2021,292.286,304.311,295.759,292.226
We,12/22/2021,297.228,304.769,295.756,292.262
Tu,12/21/2021,302.178,304.991,295.646,292.327
Mo,12/20/2021,310.7,305.029,295.498,292.379
,,,,,
Fr,12/17/2021,308.887,304.915,295.278,292.329
Th,12/16/2021,307.701,304.837,295.018,292.345
We,12/15/2021,304.993,304.74,294.753,292.319
Tu,12/14/2021,311.315,304.603,294.548,292.278
Mo,12/13/2021,308.236,304.413,294.272,292.184
,,,,,
Fr,12/10/2021,305.472,304.2,294.107,292.195
Th,12/9/2021,310.634,304.069,294.02,292.225
We,12/8/2021,305.886,303.702,293.78,292.126
Tu,12/7/2021,305.133,303.094,293.552,292.084
Mo,12/6/2021,318.078,302.479,293.287,292.076
,,,,,
Fr,12/3/2021,330.495,301.652,292.91,291.962
Th,12/2/2021,323.542,300.73,292.371,291.773
We,12/1/2021,332.947,299.977,291.896,291.595
Tu,11/30/2021,327.31,298.875,291.386,291.367
Mo,11/29/2021,317.091,297.784,290.863,291.162
,,,,,
Fr,11/26/2021,327.072,296.9,290.425,291.007
We,11/24/2021,306.366,295.869,289.844,290.797
Tu,11/23/2021,306.315,295.242,289.507,290.701
Mo,11/22/2021,306.178,294.657,289.177,290.588
,,,,,
Fr,11/19/2021,300.466,294.06,288.85,290.486
Th,11/18/2021,296.366,293.544,288.574,290.43
We,11/17/2021,296.733,293.166,288.31,290.431
Tu,11/16/2021,293.762,292.726,288.078,290.452
Mo,11/15/2021,294.785,292.329,287.904,290.541
,,,,,
Fr,11/12/2021,295.343,291.927,287.727,290.661
We,11/10/2021,296.892,291.537,287.575,290.77
Tu,11/9/2021,291.095,291.104,287.473,290.877
Mo,11/8/2021,288.609,290.795,287.376,290.973
,,,,,
Fr,11/5/2021,287.545,290.734,287.307,291.066
Th,11/4/2021,293.11,290.617,287.2,291.154
We,11/3/2021,296.952,290.439,287.036,291.182
Tu,11/2/2021,301.58,290.207,286.821,291.183
Mo,11/1/2021,306.042,290.034,286.587,291.165
,,,,,
Fr,10/29/2021,304.473,289.864,286.355,291.155
Th,10/28/2021,299.71,289.697,286.143,291.112
We,10/27/2021,301.575,289.56,285.982,291.091
Tu,10/26/2021,298.242,289.258,285.799,291.091
Mo,10/25/2021,301.3,288.976,285.695,291.1
,,,,,
Fr,10/22/2021,301.772,288.665,285.524,291.054
Th,10/21/2021,298.683,288.434,285.357,291.016
We,10/20/2021,295.679,288.337,285.25,291.033
Tu,10/19/2021,296.751,288.218,285.187,291.071
Mo,10/18/2021,300.674,288.011,285.128,291.108
,,,,,
Fr,10/15/2021,299.964,287.769,285.049,291.07
Th,10/14/2021,300.217,287.689,284.956,291.051
We,10/13/2021,311.168,287.55,284.892,291.046
Tu,10/12/2021,315.22,287.208,284.728,290.968
,,,,,
Fr,10/8/2021,308.304,286.743,284.569,290.883
Th,10/7/2021,304.075,286.301,284.457,290.855
We,10/6/2021,305.012,285.967,284.356,290.883
Tu,10/5/2021,304.982,285.641,284.187,290.904
Mo,10/4/2021,302.867,285.199,284.089,290.877
,,,,,
Fr,10/1/2021,298.129,284.765,284.078,290.851
Th,9/30/2021,301.807,284.493,284.03,290.87
We,9/29/2021,297.599,284.132,283.925,290.851
Tu,9/28/2021,298.91,284.014,283.812,290.885
Mo,9/27/2021,292.305,283.972,283.72,290.915
,,,,,
Fr,9/24/2021,275.498,283.858,283.689,290.966
Th,9/23/2021,274.347,284.009,283.815,291.086
We,9/22/2021,276.718,284.096,283.923,291.201
Tu,9/21/2021,284.399,284.169,284.02,291.28
Mo,9/20/2021,285.899,284.012,284.017,291.311
,,,,,
Fr,9/17/2021,277.872,283.815,284.033,291.386
Th,9/16/2021,272.762,283.897,284.166,291.498
We,9/15/2021,272.895,283.942,284.34,291.653
Tu,9/14/2021,275.525,283.949,284.528,291.802
Mo,9/13/2021,274.975,283.818,284.736,291.959
,,,,,
Fr,9/10/2021,277.101,283.772,284.939,292.137
Th,9/9/2021,276.31,283.697,285.14,292.318
We,9/8/2021,274.678,283.64,285.285,292.583
Tu,9/7/2021,277.47,283.603,285.42,292.911
,,,,,
Fr,9/3/2021,274.697,283.453,285.509,293.164
Th,9/2/2021,273.939,283.431,285.691,293.464
We,9/1/2021,274.673,283.479,285.885,293.737
Tu,8/31/2021,275.864,283.528,286.088,293.997
Mo,8/30/2021,275.24,283.613,286.262,294.324
,,,,,
Fr,8/27/2021,275.617,283.841,286.42,294.705
Th,8/26/2021,285.552,283.957,286.601,294.989
We,8/25/2021,281.704,283.88,286.687,295.244
Tu,8/24/2021,284.221,283.783,286.826,295.667
Mo,8/23/2021,285.353,283.633,286.947,296.058
,,,,,
Fr,8/20/2021,292.933,283.435,287.085,296.547
Th,8/19/2021,297.521,283.14,287.237,297.087
We,8/18/2021,296.143,282.846,287.429,297.691
Tu,8/17/2021,292.859,282.589,287.609,298.316
Mo,8/16/2021,286.471,282.403,287.611,298.944
,,,,,
Fr,8/13/2021,284.127,282.34,287.758,299.575
Th,8/12/2021,285.776,282.414,287.963,300.106
We,8/11/2021,290.233,282.382,288.144,300.613
Tu,8/10/2021,293.818,282.28,288.212,301.028
Mo,8/9/2021,289.737,282.163,288.287,301.432
,,,,,
Fr,8/6/2021,286.394,282.155,288.446,301.862
Th,8/5/2021,288.584,282.244,288.518,302.314
We,8/4/2021,295.966,282.33,288.628,302.779
Tu,8/3/2021,293.262,282.223,288.637,303.166
Mo,8/2/2021,294.064,282.234,288.681,303.56
,,,,,
Fr,7/30/2021,291.95,282.249,288.692,303.931
Th,7/29/2021,286.22,282.395,288.768,304.297
We,7/28/2021,287.385,282.613,289.007,304.671
Tu,7/27/2021,288.678,282.744,289.261,305.105
Mo,7/26/2021,282.921,282.733,289.381,305.567
,,,,,
Fr,7/23/2021,281.16,282.978,289.672,306.136
Th,7/22/2021,284.519,283.391,289.885,306.67
We,7/21/2021,283.732,283.568,290.008,307.269
Tu,7/20/2021,291.728,283.718,290.095,307.866
Mo,7/19/2021,296.788,283.61,290.283,308.454
,,,,,
Fr,7/16/2021,286.6,283.468,290.43,309.032
Th,7/15/2021,283.09,283.521,290.472,309.619
We,7/14/2021,278.657,283.622,290.616,310.198
Tu,7/13/2021,280.372,283.751,290.864,310.769
Mo,7/12/2021,276.572,283.872,291.014,311.318
,,,,,
Fr,7/9/2021,276.042,284.023,291.174,311.775
Th,7/8/2021,281.986,284.252,291.294,312.208
We,7/7/2021,274.985,284.435,291.348,312.535
Tu,7/6/2021,273.249,284.739,291.46,312.871
,,,,,
Fr,7/2/2021,268.971,285.107,291.589,313.2
Th,7/1/2021,272.664,285.655,291.751,313.566
We,6/30/2021,273.364,286.107,291.896,313.966
Tu,6/29/2021,273.454,286.584,291.998,314.389
Mo,6/28/2021,272.858,286.931,292.122,314.907
,,,,,
Fr,6/25/2021,269.963,287.237,292.287,315.395
Th,6/24/2021,273.601,287.565,292.551,315.968
We,6/23/2021,276.315,287.951,292.825,316.432
Tu,6/22/2021,277.124,288.291,293.178,316.873
Mo,6/21/2021,280.133,288.647,293.594,317.236
,,,,,
Fr,6/18/2021,286.639,288.91,293.964,317.598
Th,6/17/2021,281.398,289,294.281,317.997
We,6/16/2021,281.691,289.245,294.57,318.432
Tu,6/15/2021,276.887,289.495,294.825,318.881
Mo,6/14/2021,276.698,289.869,295.107,319.352
,,,,,
Fr,6/11/2021,275.482,290.261,295.328,319.849
Th,6/10/2021,278.146,290.735,295.545,320.386
We,6/9/2021,282.841,291.335,295.744,320.939
Tu,6/8/2021,283.273,292.013,295.956,321.486
Mo,6/7/2021,283.587,292.63,296.081,322.051
,,,,,
Fr,6/4/2021,283.312,292.818,296.201,322.573
Th,6/3/2021,287.818,293.177,296.384,323.13
We,6/2/2021,284.186,293.512,296.506,323.72
Tu,6/1/2021,285.159,293.905,296.585,324.304
,,,,,
Fr,5/28/2021,287.958,294.144,296.675,324.828
Th,5/27/2021,289.323,294.411,296.817,325.376
We,5/26/2021,290.849,294.737,296.956,325.884
Tu,5/25/2021,292.862,294.793,297.089,326.366
Mo,5/24/2021,290.638,294.927,297.09,326.844
,,,,,
Fr,5/21/2021,293.803,295.05,297.146,327.355
Th,5/20/2021,294.798,295.127,297.2,328.036
We,5/19/2021,299.29,295.136,297.208,328.728
Tu,5/18/2021,297.102,295.141,297.197,329.395
Mo,5/17/2021,293.934,295.401,297.252,330.075
,,,,,
Fr,5/14/2021,288.107,295.777,297.411,330.784
Th,5/13/2021,295.194,296.029,297.621,331.616
We,5/12/2021,301.799,296.366,297.666,332.392
Tu,5/11/2021,293.364,296.379,297.625,333.191
Mo,5/10/2021,291.237,296.447,297.709,334.027
,,,,,
Fr,5/7/2021,286.35,296.473,297.777,334.837
Th,5/6/2021,289.658,296.956,297.959,335.695
We,5/5/2021,289.273,297.392,298.111,336.561
Tu,5/4/2021,288.113,297.423,298.242,337.473
Mo,5/3/2021,285.14,297.611,298.357,338.446
,,,,,
Fr,4/30/2021,286.406,297.977,298.478,339.404
Th,4/29/2021,284.103,298.156,298.54,340.497
We,4/28/2021,287.511,298.326,298.605,341.611
Tu,4/27/2021,291.132,298.336,298.739,342.672
Mo,4/26/2021,290.17,298.261,298.83,343.74
,,,,,
Fr,4/23/2021,291.647,298.182,298.966,344.695
Th,4/22/2021,296.383,298.072,299.076,345.788
We,4/21/2021,295.26,297.846,299.182,346.743
Tu,4/20/2021,297.229,297.686,299.334,347.791
Mo,4/19/2021,290.821,297.413,299.496,348.858
,,,,,
Fr,4/16/2021,288.146,297.312,299.881,349.986
Th,4/15/2021,286.37,297.337,300.401,351.224
We,4/14/2021,292.896,297.537,300.82,352.425
Tu,4/13/2021,293.312,297.699,301.236,353.472
Mo,4/12/2021,294.937,298.065,301.59,354.588
,,,,,
Fr,4/9/2021,293.266,298.541,301.906,355.579
Th,4/8/2021,291.127,299.018,302.386,356.605
We,4/7/2021,293.662,299.563,302.99,357.654
Tu,4/6/2021,294.202,299.895,303.376,358.591
Mo,4/5/2021,295.563,300.155,303.801,359.469
,,,,,
Fr,4/2/2021,296.317,300.346,304.507,360.302
Th,4/1/2021,299.171,300.396,305.169,361.119
We,3/31/2021,308.148,300.355,306.009,362.053
Tu,3/30/2021,316.733,300.153,306.937,363.037
Mo,3/29/2021,314.146,299.899,307.952,363.709
,,,,,
Fr,3/26/2021,292.973,299.531,309.022,364.449
Th,3/25/2021,301.264,299.585,310.277,365.104
We,3/24/2021,304.565,299.59,311.392,365.666
Tu,3/23/2021,303.855,299.5,312.249,366.456
Mo,3/22/2021,297.079,299.266,313.083,367.245
,,,,,
Fr,3/19/2021,301.315,299.206,313.845,368.173
Th,3/18/2021,305.617,299.223,314.578,369.242
We,3/17/2021,293.636,299.175,315.277,370.413
Tu,3/16/2021,299.578,299.385,316.109,371.712
Mo,3/15/2021,296.81,299.253,316.929,373.014
,,,,,
Fr,3/12/2021,297.663,299.242,317.696,374.43
Th,3/11/2021,295.214,299.273,318.439,376.063
We,3/10/2021,299.53,299.279,319.171,377.669
Tu,3/9/2021,310.144,299.254,319.825,379.221
Mo,3/8/2021,312.716,299.104,320.334,380.907
,,,,,
Fr,3/5/2021,300.709,299.044,320.949,382.546
Th,3/4/2021,312.018,299.212,321.753,384.47
We,3/3/2021,302.482,298.966,322.6,386.292
Tu,3/2/2021,296.766,298.87,323.454,388.158
Mo,3/1/2021,292.503,298.971,324.53,389.897
,,,,,
Fr,2/26/2021,310.497,299.081,325.638,391.637
Th,2/25/2021,311.487,298.962,326.625,393.253
We,2/24/2021,290.813,298.829,327.634,394.915
Tu,2/23/2021,297.528,299.061,328.765,396.85
Mo,2/22/2021,303.413,299.102,329.78,398.638
,,,,,
Fr,2/19/2021,295.388,298.979,330.674,400.428
Th,2/18/2021,292.613,298.924,331.622,402.209
We,2/17/2021,288.006,298.884,332.375,403.874
Tu,2/16/2021,287.351,299.142,333.121,405.572
,,,,,
Fr,2/12/2021,286.221,299.398,333.723,407.427
Th,2/11/2021,286.171,299.751,334.282,409.309
We,2/10/2021,285.093,300.081,334.81,411.251
Tu,2/9/2021,287.243,300.517,335.382,413.125
Mo,2/8/2021,283.569,300.982,336.036,414.982
,,,,,
Fr,2/5/2021,285.791,301.578,336.779,416.91
Th,2/4/2021,289.399,302.45,337.691,418.705
We,2/3/2021,296.37,303.464,338.503,420.199
Tu,2/2/2021,300.989,304.102,339.385,421.737
Mo,2/1/2021,311.594,304.773,340.039,423.251
,,,,,
Fr,1/29/2021,318.73,305.115,340.568,424.485
Th,1/28/2021,317.116,305.272,340.877,425.64
We,1/27/2021,318.396,305.754,341.231,426.723
Tu,1/26/2021,310.239,306.417,341.713,428.214
Mo,1/25/2021,307.198,306.858,342.295,430.089
,,,,,
Fr,1/22/2021,305.117,307.448,342.938,432.049
Th,1/21/2021,298.815,308.669,343.597,434.395
We,1/20/2021,297.123,309.942,344.37,436.619
Tu,1/19/2021,298.077,311.664,345.227,438.809
,,,,,
Fr,1/15/2021,304.03,313.721,346.135,440.603
Th,1/14/2021,295.738,316.005,347.017,442.174
We,1/13/2021,295.655,318.512,348.021,443.811
Tu,1/12/2021,301.532,320.97,348.945,445.186
Mo,1/11/2021,300.056,323.193,349.877,446.966
,,,,,
Fr,1/8/2021,292.141,324.998,350.934,449.052
Th,1/7/2021,294.084,326.9,352.023,451.946
We,1/6/2021,302.171,328.484,352.982,454.726
Tu,1/5/2021,303.214,329.932,353.935,457.132
Mo,1/4/2021,304.156,331.38,354.813,459.252
,,,,,
Th,12/31/2020,292.977,332.834,355.643,460.972
We,12/30/2020,296.233,334.605,356.599,462.871
Tu,12/29/2020,299.219,336.151,357.563,464.191
Mo,12/28/2020,295.546,337.604,358.871,466.121
,,,,,
Th,12/24/2020,298.281,339.062,360.249,467.608
We,12/23/2020,302.605,340.396,361.593,468.797
Tu,12/22/2020,309.757,341.564,362.897,470.039
Mo,12/21/2020,309.109,342.854,364.158,470.704
,,,,,
Fr,12/18/2020,299.717,344.293,365.612,471.195
Th,12/17/2020,297.662,346.233,367.119,471.539
We,12/16/2020,301.839,348.039,368.757,471.986
Tu,12/15/2020,297.997,350.088,370.344,472.301
Mo,12/14/2020,304.51,352.194,371.898,472.66
,,,,,
Fr,12/11/2020,304.867,354.289,373.432,473.003
Th,12/10/2020,302.408,356.44,375.012,473.199
We,12/9/2020,299.597,358.469,376.705,473.38
Tu,12/8/2020,297.251,360.457,378.535,473.514
Mo,12/7/2020,292.623,362.369,380.329,473.502
,,,,,
Fr,12/4/2020,290.614,364.32,382.454,473.482
Th,12/3/2020,300.905,365.867,384.616,473.464
We,12/2/2020,300.172,367.1,386.604,473.399
Tu,12/1/2020,303.861,368.047,388.65,473.32
Mo,11/30/2020,302.64,368.813,390.424,473.206
,,,,,
Fr,11/27/2020,306.91,369.54,392.501,473.095
We,11/25/2020,310.497,370.247,394.305,472.979
Tu,11/24/2020,313.389,371.089,396.247,472.866
Mo,11/23/2020,329.363,371.98,398.221,472.749
,,,,,
Fr,11/20/2020,340.125,372.933,400.09,472.526
Th,11/19/2020,328.248,373.542,402.047,472.242
We,11/18/2020,334.555,374.667,404.031,472.07
Tu,11/17/2020,328.69,375.305,405.708,471.928
Mo,11/16/2020,326.561,376.021,407.586,471.809
,,,,,
Fr,11/13/2020,341.216,376.483,409.251,471.663
Th,11/12/2020,351.556,376.709,410.825,471.469
Tu,11/10/2020,332.289,377.009,412.318,471.195
Mo,11/9/2020,336.72,377.732,413.805,471.082
,,,,,
Fr,11/6/2020,366.143,378.427,415.137,470.876
Th,11/5/2020,362.48,378.526,416.096,470.493
We,11/4/2020,383.226,378.799,417.069,470.104
Tu,11/3/2020,400.907,378.789,418.096,469.611
Mo,11/2/2020,418.254,378.548,419.137,468.999
,,,,,
Fr,10/30/2020,421.084,378.028,419.465,468.306
Th,10/29/2020,418.549,377.53,419.877,467.609
We,10/28/2020,412.696,376.92,419.93,466.921
Tu,10/27/2020,390.284,376.561,419.941,466.251
Mo,10/26/2020,387.247,376.871,420.664,465.693
,,,,,
Fr,10/23/2020,373.257,377.146,421.407,465.141
Th,10/22/2020,374.609,377.48,422.502,464.679
We,10/21/2020,375.609,377.938,423.906,464.226
Tu,10/20/2020,376.839,378.246,425.548,463.752
Mo,10/19/2020,381.552,378.452,427.315,463.272
,,,,,
Fr,10/16/2020,373.511,378.592,429.098,462.737
Th,10/15/2020,371.892,378.976,431.165,462.268
We,10/14/2020,368.417,380.138,433.687,461.802
Tu,10/13/2020,364.996,381.436,436.168,461.344
,,,,,
Fr,10/9/2020,360.997,382.79,438.616,460.91
Th,10/8/2020,374.283,384.229,441.481,460.511
We,10/7/2020,381.047,385.462,444.142,460.052
Tu,10/6/2020,396.715,386.93,447.187,459.564
Mo,10/5/2020,387.94,388.004,449.985,459.009
,,,,,
Fr,10/2/2020,404.307,389.475,452.862,458.493
Th,10/1/2020,403.295,390.6,455.264,457.913
We,9/30/2020,409.256,391.602,457.636,457.344
Tu,9/29/2020,412.401,392.574,459.881,456.778
Mo,9/28/2020,403.888,393.584,462.195,456.207
,,,,,
Fr,9/25/2020,399.007,394.941,464.935,455.701
Th,9/24/2020,392.853,396.612,467.496,455.342
We,9/23/2020,390.16,398.29,470.181,455.014
Tu,9/22/2020,367.955,400.587,472.795,454.673
Mo,9/21/2020,362.569,403.365,475.372,454.469
,,,,,
Fr,9/18/2020,347.531,406.108,478.023,454.289
Th,9/17/2020,342.126,409.253,481.131,454.21
We,9/16/2020,339.018,412.036,484.337,454.145
Tu,9/15/2020,342.256,415.461,487.691,454.078
Mo,9/14/2020,352.598,418.363,490.868,453.988
,,,,,
Fr,9/11/2020,357.91,421.405,493.928,453.855
Th,9/10/2020,377.023,424.461,497.041,453.715
We,9/9/2020,370.59,427.247,499.719,453.519
Tu,9/8/2020,384.502,430.552,501.896,453.389
,,,,,
Fr,9/4/2020,366.454,433.394,504.09,453.186
Th,9/3/2020,364.464,436.11,506.463,453.049
We,9/2/2020,349.652,439.151,508.403,452.895
Tu,9/1/2020,352.524,442.02,510.403,452.806
Mo,8/31/2020,366.575,444.942,512.215,452.719
,,,,,
Fr,8/28/2020,368.429,447.626,514.715,452.551
Th,8/27/2020,371.496,449.878,517.884,452.355
We,8/26/2020,371.073,451.846,521.161,452.132
Tu,8/25/2020,376.113,453.665,525.192,
Mo,8/24/2020,382.729,455.339,528.867,
,,,,,
Fr,8/21/2020,388.887,457.403,532.392,
Th,8/20/2020,392.237,459.726,535.072,
We,8/19/2020,396.159,460.902,537.331,
Tu,8/18/2020,388.063,462.225,539.601,
Mo,8/17/2020,394.743,462.941,541.428,
,,,,,
Fr,8/14/2020,405.777,463.322,544.055,
Th,8/13/2020,401.009,464.457,547.169,
We,8/12/2020,389.965,465.668,551.87,
Tu,8/11/2020,397.517,467.524,556.47,
Mo,8/10/2020,391.013,469.873,560.328,
,,,,,
Fr,8/7/2020,387.121,472.85,563.691,
Th,8/6/2020,388.571,476.178,566.3,
We,8/5/2020,392.678,479.604,569.143,
Tu,8/4/2020,430.02,483.354,570.818,
Mo,8/3/2020,433.311,487.236,573.371,
,,,,,
Fr,7/31/2020,432.7,490.899,574.967,
Th,7/30/2020,432.956,494.443,576.002,
We,7/29/2020,435.902,498.732,577.182,
Tu,7/28/2020,454.48,502.822,577.249,
Mo,7/27/2020,450.405,507.444,576.779,
,,,,,
Fr,7/24/2020,461.458,511.966,575.96,
Th,7/23/2020,460.589,516.249,575.216,
We,7/22/2020,453.362,519.927,574.259,
Tu,7/21/2020,457.889,523.67,573.421,
Mo,7/20/2020,462.868,527.188,572.573,
,,,,,
Fr,7/17/2020,471.738,530.806,571.387,
Th,7/16/2020,482.594,534.93,570.054,
We,7/15/2020,476.714,538.381,568.493,
Tu,7/14/2020,505.031,542.073,566.674,
Mo,7/13/2020,506.875,545.004,564.51,
,,,,,
Fr,7/10/2020,499.687,547.38,562.311,
Th,7/9/2020,504.78,549.937,560.194,
We,7/8/2020,481.276,553.009,557.989,
Tu,7/7/2020,510.275,556.638,555.988,
Mo,7/6/2020,487.347,559.921,553.689,
,,,,,
Th,7/2/2020,504.737,563.373,551.654,
We,7/1/2020,510.711,566.452,549.484,
Tu,6/30/2020,516.327,569.62,547.278,
Mo,6/29/2020,535.797,572.19,544.961,
,,,,,
Fr,6/26/2020,526.626,573.24,542.436,
Th,6/25/2020,502.257,574.786,540.11,
We,6/24/2020,516.492,576.815,538.148,
Tu,6/23/2020,493.123,577.655,536.032,
Mo,6/22/2020,498.608,578.785,534.074,
,,,,,
Fr,6/19/2020,500.799,579.489,532.112,
Th,6/18/2020,481.027,581.805,530.073,
We,6/17/2020,469.876,585.889,528.359,
Tu,6/16/2020,462.05,590.476,526.615,
Mo,6/15/2020,459.781,596.719,524.891,
,,,,,
Fr,6/12/2020,485.949,602.396,523.139,
Th,6/11/2020,505.023,607.38,521.125,
We,6/10/2020,451.05,610.418,518.861,
Tu,6/9/2020,462.286,613.759,517.146,
Mo,6/8/2020,423.863,616.978,515.341,
,,,,,
Fr,6/5/2020,413.784,619.915,513.912,
Th,6/4/2020,462.535,624.788,512.561,
We,6/3/2020,461.561,629.881,510.723,
Tu,6/2/2020,482.775,638.072,508.874,
Mo,6/1/2020,514.99,645.416,506.856,
,,,,,
Fr,5/29/2020,539.858,650.782,504.545,
Th,5/28/2020,553.512,654.531,501.956,
We,5/27/2020,559.89,656.422,499.228,
Tu,5/26/2020,580.147,658.682,496.376,
,,,,,
Fr,5/22/2020,624.122,658.282,493.372,
Th,5/21/2020,616.489,659.506,489.918,
We,5/20/2020,609.868,659.035,486.519,
Tu,5/19/2020,647.427,657.56,483.204,
Mo,5/18/2020,640.414,655.632,479.542,
,,,,,
Fr,5/15/2020,685.573,651.676,475.963,
Th,5/14/2020,676.475,646.113,471.941,
We,5/13/2020,675.619,639.954,468.033,
Tu,5/12/2020,644.502,634.183,464.125,
Mo,5/11/2020,640.491,628.59,460.563,
,,,,,
Fr,5/8/2020,633.806,623.173,457.053,
Th,5/7/2020,643.767,617.959,453.675,
We,5/6/2020,677.924,611.967,450.22,
Tu,5/5/2020,655.138,605.179,446.466,
Mo,5/4/2020,661.352,598.605,443.188,
,,,,,
Fr,5/1/2020,651.549,591.274,439.847,
Th,4/30/2020,625.662,584.017,436.55,
We,4/29/2020,627.579,577.243,433.565,
Tu,4/28/2020,658.382,570.45,430.556,
Mo,4/27/2020,662.688,562.969,427.289,
,,,,,
Fr,4/24/2020,674.462,555.338,423.953,
Th,4/23/2020,659.912,547.456,420.466,
We,4/22/2020,658.678,539.935,417.108,
Tu,4/21/2020,669.153,532.516,413.782,
Mo,4/20/2020,644.782,524.935,410.39,
,,,,,
Fr,4/17/2020,588.301,517.732,407.32,
Th,4/16/2020,603.927,511.633,404.882,
We,4/15/2020,603.733,505.433,402.281,
Tu,4/14/2020,558.47,499.48,399.636,
Mo,4/13/2020,549.648,494.41,397.387,
,,,,,
Th,4/9/2020,533.8,489.364,395.21,
We,4/8/2020,616.577,484.736,393.222,
Tu,4/7/2020,685.241,478.341,390.387,
Mo,4/6/2020,699.224,470.829,386.827,
,,,,,
Fr,4/3/2020,774.193,462.753,383.103,
Th,4/2/2020,743.623,453.063,,
We,4/1/2020,735.167,443.883,,
Tu,3/31/2020,656.92,434.871,,
Mo,3/30/2020,618.124,427.304,,
,,,,,
Fr,3/27/2020,623.208,420.533,,
Th,3/26/2020,570.711,413.705,,
We,3/25/2020,657.451,407.91,,
Tu,3/24/2020,717.175,400.333,,
Mo,3/23/2020,871.112,391.564,,
,,,,,
Fr,3/20/2020,849.958,379.677,,
Th,3/19/2020,783.322,368.296,,
We,3/18/2020,727.297,358.309,,
Tu,3/17/2020,648.084,349.381,,
Mo,3/16/2020,672.889,342.034,,
,,,,,
Fr,3/13/2020,560.108,334.069,,
Th,3/12/2020,685.36,328.462,,
We,3/11/2020,592.905,320.329,,
Tu,3/10/2020,536.143,314.004,,
Mo,3/9/2020,551,308.848,,
,,,,,
Fr,3/6/2020,442.611,303.451,,
Th,3/5/2020,407.458,300.249,,
We,3/4/2020,368.518,297.769,,
Tu,3/3/2020,387.048,296.111,,
Mo,3/2/2020,364.881,294.067,,
,,,,,
Fr,2/28/2020,369.607,292.536,,
Th,2/27/2020,373.115,290.934,,
We,2/26/2020,344.184,289.39,,
Tu,2/25/2020,338.51,288.473,,
Mo,2/24/2020,326.43,287.754,,
,,,,,
Fr,2/21/2020,294.801,287.771,,
Th,2/20/2020,288.724,288.42,,
We,2/19/2020,286.955,289.083,,
Tu,2/18/2020,287.935,289.886,,
,,,,,
Fr,2/14/2020,284.339,290.661,,
Th,2/13/2020,281.128,291.61,,
We,2/12/2020,280.343,292.569,,
Tu,2/11/2020,283.851,293.476,,
Mo,2/10/2020,287.748,294.282,,
,,,,,
Fr,2/7/2020,290.097,295.049,,
Th,2/6/2020,284.665,295.845,,
We,2/5/2020,283.314,296.908,,
Tu,2/4/2020,293.967,298.132,,
Mo,2/3/2020,306.075,299.129,,
,,,,,
Fr,1/31/2020,304.934,299.792,,
Th,1/30/2020,297.35,300.365,,
We,1/29/2020,302.407,301.056,,
Tu,1/28/2020,296.834,301.708,,
Mo,1/27/2020,309.661,302.434,,
,,,,,
Fr,1/24/2020,295.412,302.824,,
Th,1/23/2020,289.707,303.453,,
We,1/22/2020,284.624,,,
Tu,1/21/2020,284.546,,,
,,,,,
Fr,1/17/2020,278.559,,,
Th,1/16/2020,279.581,,,
We,1/15/2020,281.826,,,
Tu,1/14/2020,280.957,,,
Mo,1/13/2020,278.612,,,
,,,,,
Fr,1/10/2020,278.729,,,
Th,1/9/2020,276.717,,,
We,1/8/2020,280.907,,,
Tu,1/7/2020,283.981,,,
Mo,1/6/2020,280.888,,,
,,,,,
Fr,1/3/2020,280.752,,,
Th,1/2/2020,274.642,,,
Tu,12/31/2019,279.751,,,
Mo,12/30/2019,278.701,,,
,,,,,
Fr,12/27/2019,276.674,,,
Th,12/26/2019,278.346,,,
Tu,12/24/2019,281.165,,,
Mo,12/23/2019,282.515,,,
,,,,,
Fr,12/20/2019,283.424,,,
Th,12/19/2019,285.638,,,
We,12/18/2019,284.846,,,
Tu,12/17/2019,288.323,,,
Mo,12/16/2019,289.502,,,
,,,,,
Fr,12/13/2019,295.937,,,
Th,12/12/2019,298.295,,,
We,12/11/2019,302.578,,,
Tu,12/10/2019,327.262,,,
Mo,12/9/2019,327.276,,,
,,,,,
Fr,12/6/2019,321.888,,,
Th,12/5/2019,327.098,,,
We,12/4/2019,326.694,,,
Tu,12/3/2019,331.756,,,
Mo,12/2/2019,329.074,,,
,,,,,
Fr,11/29/2019,325.689,,,
We,11/27/2019,324.181,,,
Tu,11/26/2019,326.089,,,
Mo,11/25/2019,329.904,,,
,,,,,
Fr,11/22/2019,337.831,,,
Th,11/21/2019,344.489,,,
We,11/20/2019,343.837,,,
Tu,11/19/2019,339.195,,,
Mo,11/18/2019,333.589,,,
,,,,,
Fr,11/15/2019,331.902,,,
Th,11/14/2019,335.029,,,
We,11/13/2019,333.098,,,
Tu,11/12/2019,329.182,,,
,,,,,
Fr,11/8/2019,326.845,,,
