,Date,Last Px,SMAVG (50) ,SMAVG (100) ,SMAVG (200) 
Mo,8/25/2025,77.56,85.7214,96.4339,96.3921
,,,,,
Fr,8/22/2025,78.1,85.95,96.7056,96.6855
Th,8/21/2025,80.52,86.1752,96.9381,96.9579
We,8/20/2025,80.75,86.3892,97.1012,97.2312
Tu,8/19/2025,82.15,86.6266,97.204,97.4815
Mo,8/18/2025,81.82,86.7766,97.2966,97.73
,,,,,
Fr,8/15/2025,76.66,87.0332,97.4141,97.9755
Th,8/14/2025,76.77,87.4396,97.5997,98.2343
We,8/13/2025,77.31,87.9042,97.7774,98.4878
Tu,8/12/2025,77.42,88.2732,97.9617,98.7465
Mo,8/11/2025,81.76,88.567,98.1015,99.0057
,,,,,
Fr,8/8/2025,79.2,88.7852,98.2507,99.2417
Th,8/7/2025,80.15,89.0652,98.4565,99.4613
We,8/6/2025,83.89,89.4208,98.6651,99.6712
Tu,8/5/2025,89.2,89.7612,98.8881,99.8611
Mo,8/4/2025,87.95,89.9666,99.0372,100.0512
,,,,,
Fr,8/1/2025,83.83,90.2496,99.3037,100.2038
Th,7/31/2025,79.84,90.6004,99.5904,100.3675
We,7/30/2025,81.88,91.0798,99.8361,100.5803
Tu,7/29/2025,85.07,91.3762,100.1068,100.7897
Mo,7/28/2025,83.73,91.6478,100.2993,100.9855
,,,,,
Fr,7/25/2025,82.09,91.9878,100.5507,101.0676
Th,7/24/2025,82.75,92.3486,100.7863,101.1629
We,7/23/2025,85.95,92.7516,101.0034,101.26
Tu,7/22/2025,89.89,93.0406,101.1066,101.351
Mo,7/21/2025,86.62,93.216,101.1829,101.3746
,,,,,
Fr,7/18/2025,83.29,93.481,101.2828,101.4042
Th,7/17/2025,85.57,93.9388,101.3343,101.4384
We,7/16/2025,89.52,94.3164,101.3969,101.4688
Tu,7/15/2025,88.95,94.554,101.3643,101.4876
Mo,7/14/2025,90.73,94.9216,101.3134,101.5123
,,,,,
Fr,7/11/2025,85.48,95.3566,101.2512,101.5136
Th,7/10/2025,81.58,95.8924,101.2431,101.5494
We,7/9/2025,84.31,96.461,101.273,101.6346
Tu,7/8/2025,88.05,96.8906,101.2957,101.7209
Mo,7/7/2025,88.53,97.2952,101.271,101.7868
,,,,,
Th,7/3/2025,86.09,97.8566,101.2625,101.8471
We,7/2/2025,91.37,98.5018,101.3329,101.9068
Tu,7/1/2025,93.48,99.2456,101.3582,101.9689
Mo,6/30/2025,90.26,99.6688,101.3702,102.0433
,,,,,
Fr,6/27/2025,87.93,100.2516,101.3704,102.1151
Th,6/26/2025,89.47,100.9442,101.4326,102.2116
We,6/25/2025,91.24,101.804,101.4555,102.3383
Tu,6/24/2025,92.62,102.7244,101.4485,102.4779
Mo,6/23/2025,95.03,103.439,101.4296,102.5857
,,,,,
Fr,6/20/2025,90.1,104.115,101.4076,102.6495
We,6/18/2025,93.64,105.1106,101.4571,102.7325
Tu,6/17/2025,97.18,105.9838,101.3882,102.8081
Mo,6/16/2025,93.48,106.5544,101.3015,102.8682
,,,,,
Fr,6/13/2025,95.31,106.9248,101.2657,102.9342
Th,6/12/2025,88.99,107.1464,101.2804,102.9857
We,6/11/2025,89.36,107.4612,101.3465,103.0833
Tu,6/10/2025,91.22,107.701,101.3801,103.1934
Mo,6/9/2025,92.62,107.8132,101.3989,103.2952
,,,,,
Fr,6/6/2025,89.65,107.7814,101.4926,103.3827
Th,6/5/2025,94.65,107.8166,101.6312,103.4485
We,6/4/2025,96.98,107.795,101.6504,103.4939
Tu,6/3/2025,100,107.7598,101.6779,103.5407
Mo,6/2/2025,95.76,107.6506,101.6855,103.6329
,,,,,
Fr,5/30/2025,92.11,107.6502,101.7557,103.7455
Th,5/29/2025,92.67,107.636,101.8135,103.8262
We,5/28/2025,93.2,107.7162,101.8203,103.9149
Tu,5/27/2025,97.93,107.8478,101.855,104.0124
,,,,,
Fr,5/23/2025,100.91,107.9094,101.8637,104.1189
Th,5/22/2025,99.47,108.015,101.8454,104.2205
We,5/21/2025,102.1,108.1078,101.7987,104.2844
Tu,5/20/2025,101.37,108.3578,101.7297,104.2831
Mo,5/19/2025,103.81,108.5804,101.6855,104.2732
,,,,,
Fr,5/16/2025,96.7,108.5924,101.6059,104.2563
Th,5/15/2025,98.65,108.8374,101.5564,104.2661
We,5/14/2025,100.73,108.9508,101.474,104.2616
Tu,5/13/2025,100.13,109.1136,101.3388,104.2533
Mo,5/12/2025,102.9,109.224,101.2417,104.2268
,,,,,
Fr,5/9/2025,100.4,109.2552,101.1215,104.1874
Th,5/8/2025,98.66,109.1726,100.9741,104.1577
We,5/7/2025,99.87,109.1498,100.8141,104.1358
Tu,5/6/2025,106.18,109.0846,100.6394,104.0964
Mo,5/5/2025,104.45,108.7298,100.4786,104.0204
,,,,,
Fr,5/2/2025,101.4,108.4774,100.2904,103.9676
Th,5/1/2025,107.33,108.1746,100.1084,103.9331
We,4/30/2025,112.48,107.7052,99.9499,103.8304
Tu,4/29/2025,112.27,107.1458,99.7476,103.7163
Mo,4/28/2025,110.01,106.5938,99.5809,103.6198
,,,,,
Fr,4/25/2025,105.79,106.085,99.4589,103.5479
Th,4/24/2025,108.28,105.7008,99.3532,103.5087
We,4/23/2025,116.6,105.2468,99.2478,103.4612
Tu,4/22/2025,118.35,104.6684,99.0736,103.3923
Mo,4/21/2025,128.56,104.164,98.8897,103.3382
,,,,,
Th,4/17/2025,114.64,103.4708,98.5955,103.2265
We,4/16/2025,119.4,103.0716,98.4681,103.1462
Tu,4/15/2025,122.56,102.4892,98.341,103.0277
Mo,4/14/2025,132.46,101.921,98.1666,102.9044
,,,,,
Fr,4/11/2025,137.26,101.107,97.8621,102.727
Th,4/10/2025,128.35,100.1726,97.5142,102.5167
We,4/9/2025,128.83,99.4202,97.225,102.3454
Tu,4/8/2025,139.88,98.7002,96.9575,102.172
Mo,4/7/2025,137.3,97.8036,96.6442,101.9625
,,,,,
Fr,4/4/2025,125.71,96.7926,96.2697,101.7713
Th,4/3/2025,112,96.0486,96.0534,101.6436
We,4/2/2025,106.39,95.6066,96.1098,101.5433
Tu,4/1/2025,104.73,95.4144,96.3502,101.4699
Mo,3/31/2025,101.35,95.2318,96.6654,101.4326
,,,,,
Fr,3/28/2025,96.83,95.0592,96.9777,101.3967
Th,3/27/2025,91.03,94.9846,97.3612,101.3717
We,3/26/2025,91.41,95.2038,97.7589,101.4214
Tu,3/25/2025,93.57,95.4458,98.1635,101.4765
Mo,3/24/2025,95.22,95.5058,98.537,101.5092
,,,,,
Fr,3/21/2025,94.54,95.596,98.8688,101.5027
Th,3/20/2025,95.74,95.7204,99.1982,101.4857
We,3/19/2025,91.4,95.8612,99.5313,101.4625
Tu,3/18/2025,96.68,95.991,99.9099,101.4727
Mo,3/17/2025,99.78,95.9244,100.2326,101.4377
,,,,,
Fr,3/14/2025,101.01,95.8622,100.4661,101.3567
Th,3/13/2025,106.19,95.818,100.6774,101.2823
We,3/12/2025,104.11,95.6758,100.8341,101.1638
Tu,3/11/2025,114.6,95.4896,101.0653,101.07
Mo,3/10/2025,112.5,95.1016,101.104,100.9377
,,,,,
Fr,3/7/2025,104.41,94.7906,101.1446,100.8219
Th,3/6/2025,108.95,94.6194,101.3244,100.759
We,3/5/2025,104.32,94.2754,101.4726,100.6832
Tu,3/4/2025,108.87,93.9972,101.6717,100.6943
Mo,3/3/2025,105.65,93.564,101.5845,100.6767
,,,,,
Fr,2/28/2025,104.46,93.2594,101.5396,100.6196
Th,2/27/2025,96.27,92.9878,101.5167,100.5666
We,2/26/2025,97.52,92.7756,101.5954,100.5631
Tu,2/25/2025,96.61,92.4784,101.5663,100.5657
Mo,2/24/2025,88.44,92.1942,101.5255,100.5552
,,,,,
Fr,2/21/2025,91.83,92.2274,101.5425,100.5928
Th,2/20/2025,86.26,92.1034,101.5406,100.6371
We,2/19/2025,83.86,92.0422,101.611,100.709
Tu,2/18/2025,84.51,92.1946,101.7111,100.827
,,,,,
Fr,2/14/2025,84.67,92.3494,101.776,100.9315
Th,2/13/2025,84.57,92.568,101.8557,101.0302
We,2/12/2025,86.58,92.8328,101.9961,101.1501
Tu,2/11/2025,85.58,93.0056,102.1461,101.2682
Mo,2/10/2025,87.68,93.2488,102.3025,101.3746
,,,,,
Fr,2/7/2025,93.13,93.4788,102.4317,101.479
Th,2/6/2025,93.9,93.6154,102.4807,101.5696
We,2/5/2025,94.68,93.7202,102.5796,101.6434
Tu,2/4/2025,90.28,93.8646,102.7164,101.7365
Mo,2/3/2025,94.15,94.1928,102.8597,101.883
,,,,,
Fr,1/31/2025,91.76,94.4122,102.9906,102.0181
Th,1/30/2025,90.54,94.6172,103.2211,102.1234
We,1/29/2025,90.73,94.8558,103.5072,102.215
Tu,1/28/2025,92.83,95.0298,103.7419,102.3092
Mo,1/27/2025,95.05,95.2148,103.8913,102.3388
,,,,,
Fr,1/24/2025,86.75,95.4848,104.0078,102.3604
Th,1/23/2025,88.51,95.7468,104.2279,102.3981
We,1/22/2025,89.9,96.0582,104.435,102.4362
Tu,1/21/2025,96.78,96.613,104.6026,102.4762
,,,,,
Fr,1/17/2025,95.6,97.286,104.6911,102.4751
Th,1/16/2025,92.72,98.099,104.8201,102.4681
We,1/15/2025,93.1,98.8962,105.0067,102.4364
Tu,1/14/2025,101.99,99.7378,105.1914,102.4023
Mo,1/13/2025,103.51,100.314,105.2728,102.3455
,,,,,
Fr,1/10/2025,96.57,100.8812,105.2658,102.2891
Th,1/9/2025,99.73,101.5682,105.3375,102.2615
We,1/8/2025,100.76,102.1416,105.4036,102.2169
Tu,1/7/2025,102.78,102.676,105.5804,102.1768
Mo,1/6/2025,97.89,103.2014,105.7352,102.1628
,,,,,
Fr,1/3/2025,93.35,103.8288,105.8389,102.1877
Th,1/2/2025,96.67,104.5408,106.0096,102.2101
Tu,12/31/2024,98.8,105.07,106.1698,102.22
Mo,12/30/2024,99.08,105.5368,106.3742,102.2112
,,,,,
Fr,12/27/2024,94.8,105.9924,106.5956,102.2226
Th,12/26/2024,95.2,106.641,106.7702,102.2818
Tu,12/24/2024,96.95,107.1064,106.8364,102.3102
Mo,12/23/2024,95.85,107.4986,106.861,102.3527
,,,,,
Fr,12/20/2024,91.75,108.0294,106.9067,102.4
Th,12/19/2024,90.41,108.6698,106.9757,102.493
We,12/18/2024,87.21,109.3462,107.0492,102.5888
Tu,12/17/2024,90.42,109.605,107.1679,102.6851
Mo,12/16/2024,90.88,109.8198,107.2118,102.7785
,,,,,
Fr,12/13/2024,85.66,110.0456,107.2534,102.8677
Th,12/12/2024,82.66,110.4152,107.3413,102.9933
We,12/11/2024,82.4,110.6542,107.4576,103.1339
Tu,12/10/2024,90.1,110.8568,107.5533,103.2635
Mo,12/9/2024,85.63,110.8576,107.5623,103.3909
,,,,,
Fr,12/6/2024,83.2,110.9778,107.6447,103.5341
Th,12/5/2024,91.48,111.1798,107.7577,103.6732
We,12/4/2024,92.25,111.2276,107.7108,103.7618
Tu,12/3/2024,95.6,111.2026,107.685,103.861
Mo,12/2/2024,97.81,111.1434,107.6587,103.9428
,,,,,
Fr,11/29/2024,95.22,111.1594,107.6368,104.0199
We,11/27/2024,97.74,111.2866,107.6642,104.0927
Tu,11/26/2024,99.18,111.3562,107.6746,104.135
Mo,11/25/2024,99.96,111.3846,107.7111,104.1822
,,,,,
Fr,11/22/2024,99.14,111.346,107.7866,104.2216
Th,11/21/2024,101.9,111.439,107.8575,104.2789
We,11/20/2024,106.69,111.5682,107.8244,104.3129
Tu,11/19/2024,105.12,111.5266,107.7144,104.313
Mo,11/18/2024,102.01,111.569,107.6423,104.357
,,,,,
Fr,11/15/2024,102.47,111.825,107.5919,104.3833
Th,11/14/2024,99.43,112.1586,107.5192,104.3923
We,11/13/2024,102.08,112.454,107.4658,104.4268
Tu,11/12/2024,108.55,112.5678,107.3864,104.4176
,,,,,
Fr,11/8/2024,99.85,112.5308,107.2808,104.4043
Th,11/7/2024,104.08,112.709,107.273,104.434
We,11/6/2024,117.64,112.8118,107.2338,104.452
Tu,11/5/2024,130.43,112.5922,106.9767,104.3982
Mo,11/4/2024,136.25,112.0962,106.5897,104.2709
,,,,,
Fr,11/1/2024,132.58,111.5412,106.1999,104.1257
Th,10/31/2024,135.18,111.1172,105.8157,103.9921
We,10/30/2024,130.8,110.645,105.3821,103.8835
Tu,10/29/2024,131.87,110.2316,105.084,103.762
Mo,10/28/2024,130.92,109.6504,104.7896,103.6199
,,,,,
Fr,10/25/2024,128.4,109.1068,104.4815,103.5135
Th,10/24/2024,127.48,108.6656,104.1367,103.4461
We,10/23/2024,129.05,108.4848,103.7733,103.3972
Tu,10/22/2024,129.26,108.269,103.3937,103.3329
Mo,10/21/2024,128.95,107.849,103.0356,103.2923
,,,,,
Fr,10/18/2024,123.13,107.4784,102.6428,103.2703
Th,10/17/2024,122.14,107.2696,102.2472,103.2898
We,10/16/2024,121.86,107.2116,101.8873,103.2522
Tu,10/15/2024,127.23,107.1988,101.4936,103.2118
,,,,,
Fr,10/11/2024,118.47,106.8994,101.0747,103.1483
Th,10/10/2024,116.56,106.5664,100.7713,103.1359
We,10/9/2024,122.39,106.2234,100.4992,103.11
Tu,10/8/2024,123.77,105.784,100.1936,103.0577
Mo,10/7/2024,124.23,105.2816,99.8937,102.9983
,,,,,
Fr,10/4/2024,100.15,104.7522,99.7169,102.9522
Th,10/3/2024,101.16,104.7308,99.7689,103.0438
We,10/2/2024,102.17,104.6038,99.6996,103.1168
Tu,10/1/2024,104.14,104.4612,99.6164,103.1961
Mo,9/30/2024,94.61,104.2674,99.5308,103.2442
,,,,,
Fr,9/27/2024,92.53,104.261,99.5651,103.3643
Th,9/26/2024,90.14,104.2498,99.5848,103.535
We,9/25/2024,91.64,104.267,99.643,103.6925
Tu,9/24/2024,93.3,104.3116,99.7336,103.883
Mo,9/23/2024,93.87,104.3356,99.807,104.0414
,,,,,
Fr,9/20/2024,91,104.194,99.9429,104.2081
Th,9/19/2024,92.64,104.1674,100.0871,104.3443
We,9/18/2024,98.61,104.174,100.2047,104.4387
Tu,9/17/2024,101.58,104.1142,100.3041,104.5222
Mo,9/16/2024,101.22,104.0418,100.3904,104.5872
,,,,,
Fr,9/13/2024,100.6,103.993,100.4467,104.6314
Th,9/12/2024,98.03,104.0376,100.5263,104.675
We,9/11/2024,103.79,104.2272,100.6586,104.722
Tu,9/10/2024,108.36,104.276,100.7073,104.7609
Mo,9/9/2024,104.61,104.0806,100.7566,104.7831
,,,,,
Fr,9/6/2024,107.24,103.9022,100.9064,104.8354
Th,9/5/2024,114.81,103.7156,101.0455,104.8648
We,9/4/2024,119.15,103.3588,101.0256,104.8711
Tu,9/3/2024,114.2,102.8798,100.9227,104.8864
,,,,,
Fr,8/30/2024,107.77,102.4776,100.8766,104.9359
Th,8/29/2024,106.7,102.205,100.7862,105.0194
We,8/28/2024,108.76,102.0308,100.7129,105.0698
Tu,8/27/2024,109.22,101.837,100.5684,105.1113
Mo,8/26/2024,106.66,101.6558,100.4375,105.1507
,,,,,
Fr,8/23/2024,105.63,101.3612,100.3497,105.2178
Th,8/22/2024,108.5,101.0832,100.2591,105.2984
We,8/21/2024,111.38,100.8586,100.1161,105.3496
Tu,8/20/2024,111.57,100.5142,99.8661,105.3859
Mo,8/19/2024,110.13,100.1192,99.6132,105.4308
,,,,,
Fr,8/16/2024,102.81,99.9364,99.4182,105.5145
Th,8/15/2024,103.74,99.9288,99.3125,105.6599
We,8/14/2024,106.34,99.8562,99.1855,105.787
Tu,8/13/2024,118.44,99.6078,99.0303,105.91
Mo,8/12/2024,118.26,99.0618,98.7731,105.9738
,,,,,
Fr,8/9/2024,108.26,98.5184,98.5904,106.0232
Th,8/8/2024,110.42,98.2222,98.5365,106.1411
We,8/7/2024,112.69,97.8072,98.4105,106.2662
Tu,8/6/2024,119.24,97.2248,98.2703,106.3758
Mo,8/5/2024,121.22,96.563,98.0482,106.4255
,,,,,
Fr,8/2/2024,112.26,95.7884,97.8496,106.4703
Th,8/1/2024,101.82,95.25,97.7933,106.5598
We,7/31/2024,99.41,94.9762,97.7839,106.6923
Tu,7/30/2024,100.42,94.775,97.8443,106.8271
Mo,7/29/2024,98.65,94.6032,97.8934,106.9609
,,,,,
Fr,7/26/2024,97.76,94.5058,98.0102,107.1485
Th,7/25/2024,99.08,94.6816,98.1283,107.2929
We,7/24/2024,94.81,94.807,98.2023,107.4484
Tu,7/23/2024,95.04,94.7954,98.3452,107.6155
Mo,7/22/2024,94.45,94.7716,98.4819,107.8486
,,,,,
Fr,7/19/2024,94.29,94.7942,98.6454,108.0144
Th,7/18/2024,91.97,94.8692,98.8102,108.1106
We,7/17/2024,91,94.9198,98.9736,108.227
Tu,7/16/2024,93.87,95.019,99.2195,108.3824
Mo,7/15/2024,94.5,95.1556,99.4235,108.5017
,,,,,
Fr,7/12/2024,86.79,95.2784,99.5887,108.6159
Th,7/11/2024,89.67,95.6918,99.8128,108.6874
We,7/10/2024,92.97,96.0068,100.037,108.7691
Tu,7/9/2024,95.62,96.2354,100.227,108.7895
Mo,7/8/2024,97.96,96.494,100.403,108.8179
,,,,,
Fr,7/5/2024,98.78,96.739,100.5212,108.8247
We,7/3/2024,102.83,96.9004,100.5955,108.8139
Tu,7/2/2024,107.51,97.015,100.6532,108.7852
Mo,7/1/2024,106.23,97.09,100.6567,108.757
,,,,,
Fr,6/28/2024,98.59,97.1386,100.7004,108.7514
Th,6/27/2024,95.69,97.4326,100.8013,108.7946
We,6/26/2024,97.91,97.9106,100.9116,108.8379
Tu,6/25/2024,96.97,98.3754,101.0717,108.8743
Mo,6/24/2024,95.2,98.6924,101.1748,108.946
,,,,,
Fr,6/21/2024,94.09,98.9656,101.2654,109.0182
Th,6/20/2024,94.14,99.2756,101.3879,109.0623
Tu,6/18/2024,97.99,99.3674,101.4488,109.1313
Mo,6/17/2024,99.07,99.395,101.5278,109.1906
,,,,,
Fr,6/14/2024,100.16,99.2998,101.5949,109.2486
Th,6/13/2024,91.93,99.2192,101.6703,109.3
We,6/12/2024,91.73,99.3382,101.8197,109.3923
Tu,6/11/2024,97.27,99.435,101.9521,109.5214
Mo,6/10/2024,94.16,99.3736,102.0516,109.6271
,,,,,
Fr,6/7/2024,91.82,99.218,102.1686,109.7895
Th,6/6/2024,100.99,99.1072,102.3848,109.9838
We,6/5/2024,102.43,98.9,102.44,110.0815
Tu,6/4/2024,100.11,98.6962,102.4502,110.175
Mo,6/3/2024,93.92,98.5148,102.5454,110.2607
,,,,,
Fr,5/31/2024,91.14,98.4528,102.7554,110.4
Th,5/30/2024,91.09,98.4844,103.0212,110.5441
We,5/29/2024,93.45,98.6624,103.2722,110.6492
Tu,5/28/2024,89.67,98.8508,103.5489,110.7252
,,,,,
Fr,5/24/2024,83.57,99.0138,103.8979,110.8396
Th,5/23/2024,86.15,99.3158,104.3324,111.0154
We,5/22/2024,82.49,99.5334,104.6171,111.1894
Tu,5/21/2024,85.34,99.9108,104.93,111.3565
Mo,5/20/2024,88.13,100.3366,105.2219,111.5528
,,,,,
Fr,5/17/2024,89.35,100.5916,105.5006,111.6879
Th,5/16/2024,91.83,100.9136,105.7209,111.8231
We,5/15/2024,93.78,101.1836,105.9219,111.924
Tu,5/14/2024,106.55,101.5146,106.1028,112.004
Mo,5/13/2024,105.35,101.575,106.1876,112.0269
,,,,,
Fr,5/10/2024,94.23,101.5976,106.3187,112.0246
Th,5/9/2024,93.85,101.895,106.5339,112.1186
We,5/8/2024,95.58,102.1922,106.7758,112.1991
Tu,5/7/2024,98.04,102.4966,106.9577,112.2544
Mo,5/6/2024,94.5,102.7512,107.1635,112.3285
,,,,,
Fr,5/3/2024,95.96,103.0274,107.4851,112.392
Th,5/2/2024,100.7,103.42,107.742,112.4744
We,5/1/2024,100.64,103.6914,108.0324,112.5384
Tu,4/30/2024,107.46,103.899,108.2758,112.5976
Mo,4/29/2024,105.42,103.9338,108.4732,112.619
,,,,,
Fr,4/26/2024,104.4,104.0672,108.6015,112.6623
Th,4/25/2024,108.55,104.2186,108.6726,112.7757
We,4/24/2024,110.21,104.312,108.7403,112.8915
Tu,4/23/2024,106.85,104.3034,108.7841,112.9925
Mo,4/22/2024,108.56,104.2906,108.8162,113.1314
,,,,,
Fr,4/19/2024,111.26,104.2914,108.8237,113.1413
Th,4/18/2024,108.66,104.2234,108.7854,113.1388
We,4/17/2024,113.29,104.2622,108.8145,113.1488
Tu,4/16/2024,119.59,104.17,108.8095,113.1496
Mo,4/15/2024,121.15,103.9126,108.7645,113.0931
,,,,,
Fr,4/12/2024,112.82,103.768,108.6841,113.0416
Th,4/11/2024,108.86,103.6572,108.7167,113.0226
We,4/10/2024,109.59,103.5652,108.85,113.007
Tu,4/9/2024,98.73,103.5002,108.9952,112.9976
Mo,4/8/2024,99.37,103.5302,109.2526,113.0581
,,,,,
Fr,4/5/2024,94.31,103.6606,109.4268,113.1322
Th,4/4/2024,96.13,103.89,109.6542,113.1828
We,4/3/2024,97.88,104.1214,109.8639,113.2389
Tu,4/2/2024,96.57,104.3012,110.086,113.3213
Mo,4/1/2024,94.2,104.4692,110.3377,113.4324
,,,,,
Th,3/28/2024,86.38,104.7296,110.5831,113.5604
We,3/27/2024,86.28,105.1192,110.9057,113.7074
Tu,3/26/2024,90.63,105.6624,111.2484,113.8515
Mo,3/25/2024,92.24,105.98,111.6107,114.0009
,,,,,
Fr,3/22/2024,91.04,106.2042,112.0073,114.1118
Th,3/21/2024,90.82,106.576,112.3885,114.252
We,3/20/2024,92.72,107.058,112.7897,114.4026
Tu,3/19/2024,99.99,107.558,113.1746,114.5622
Mo,3/18/2024,102.87,107.882,113.456,114.7423
,,,,,
Fr,3/15/2024,97.82,108.247,113.7456,114.9348
Th,3/14/2024,98.67,108.782,114.1219,115.1725
We,3/13/2024,97.03,109.349,114.4814,115.3769
Tu,3/12/2024,101.36,109.7008,114.8028,115.5532
Mo,3/11/2024,106.63,109.9492,115.0909,115.7049
,,,,,
Fr,3/8/2024,100.88,110.1072,115.3262,115.8332
Th,3/7/2024,105.45,110.4096,115.6007,115.9663
We,3/6/2024,105.33,110.5282,115.8099,116.0516
Tu,3/5/2024,110.33,110.6602,116.0284,116.1289
Mo,3/4/2024,109.57,110.691,116.2868,116.2287
,,,,,
Fr,3/1/2024,106.48,110.8002,116.4575,116.3203
Th,2/29/2024,109.1,111.0398,116.6945,116.3905
We,2/28/2024,108.71,111.1728,116.8858,116.4861
Tu,2/27/2024,110.8,111.3594,117.2154,116.5705
Mo,2/26/2024,110.77,111.4188,117.3833,116.6861
,,,,,
Fr,2/23/2024,108.31,111.5758,117.4111,116.8076
Th,2/22/2024,115.59,111.9428,117.4804,116.9172
We,2/21/2024,114.27,112.064,117.5454,117.0427
Tu,2/20/2024,111.02,112.3734,117.5799,117.1439
,,,,,
Fr,2/16/2024,109.2,112.6526,117.643,117.2766
Th,2/15/2024,112.09,113.0126,117.5621,117.3715
We,2/14/2024,111.97,113.1358,117.5012,117.4233
Tu,2/13/2024,113.22,113.1266,117.3519,117.4756
Mo,2/12/2024,109.78,113.1686,117.2328,117.5614
,,,,,
Fr,2/9/2024,106.21,113.2648,117.1282,117.6982
Th,2/8/2024,108.6,113.3418,117.0322,117.7986
We,2/7/2024,107.86,113.356,116.9173,117.8597
Tu,2/6/2024,110.6,113.3474,116.8573,117.9235
Mo,2/5/2024,108.68,113.3668,116.8024,117.9906
,,,,,
Fr,2/2/2024,106.72,113.449,116.7879,118.0611
Th,2/1/2024,113.92,113.6164,116.7641,118.141
We,1/31/2024,107.28,113.6002,116.6769,118.1656
Tu,1/30/2024,104.26,113.7762,116.7172,118.2289
Mo,1/29/2024,106.34,114.1348,116.771,118.356
,,,,,
Fr,1/26/2024,100.23,114.4902,116.7368,118.5232
Th,1/25/2024,105.89,114.975,116.8138,118.7371
We,1/24/2024,105.78,115.193,116.8533,118.9036
Tu,1/23/2024,107.7,115.4184,116.9023,119.1133
Mo,1/22/2024,106.87,115.6064,116.9298,119.3444
,,,,,
Fr,1/19/2024,104.97,115.8708,116.9648,119.5488
Th,1/18/2024,107.22,116.2062,117.0907,119.7148
We,1/17/2024,105.86,116.4366,117.2025,119.8583
Tu,1/16/2024,113.44,116.6922,117.4104,120.0352
,,,,,
Fr,1/12/2024,106.51,116.8344,117.5829,120.2209
Th,1/11/2024,103.45,117.2414,117.7229,120.4681
We,1/10/2024,109.63,117.8104,117.8998,120.7592
Tu,1/9/2024,114.92,118.201,117.9759,121.0794
Mo,1/8/2024,117.72,118.5214,118.0447,121.2618
,,,,,
Fr,1/5/2024,116.19,118.7912,118.0669,121.3874
Th,1/4/2024,121.12,119.03,118.0263,121.618
We,1/3/2024,124.57,119.2442,117.9015,121.9256
Tu,1/2/2024,127.02,119.4618,117.7813,122.2033
,,,,,
Fr,12/29/2023,114.62,119.6138,117.6985,122.408
Th,12/28/2023,113.78,119.9048,117.7617,122.8285
We,12/27/2023,114.53,120.2326,117.783,123.1078
Tu,12/26/2023,116,120.5452,117.8837,123.4031
,,,,,
Fr,12/22/2023,111.38,120.7918,117.8752,123.5234
Th,12/21/2023,111.93,121.0916,117.9252,123.6129
We,12/20/2023,111.87,121.3966,117.9262,123.702
Tu,12/19/2023,115.03,121.8826,117.9051,123.8093
Mo,12/18/2023,118.46,122.1148,117.8663,123.8752
,,,,,
Fr,12/15/2023,115.75,122.3492,117.7305,123.8954
Th,12/14/2023,118.04,122.5988,117.7032,123.9373
We,12/13/2023,113.77,123.0714,117.6223,123.9525
Tu,12/12/2023,118.62,123.3478,117.5512,124.0016
Mo,12/11/2023,126.66,123.2464,117.4935,124.0087
,,,,,
Fr,12/8/2023,121.65,123.018,117.2988,123.9896
Th,12/7/2023,129.74,123.0268,117.2068,123.9686
We,12/6/2023,124.98,122.7864,117.0444,123.9109
Tu,12/5/2023,127.2,122.6334,116.9194,123.8841
Mo,12/4/2023,118.25,122.1116,116.7649,123.7987
,,,,,
Fr,12/1/2023,111.51,121.8666,116.7231,123.7625
Th,11/30/2023,115.32,121.5772,116.8787,123.7481
We,11/29/2023,114.59,121.297,117.0428,123.7245
Tu,11/28/2023,110.06,120.9916,117.201,123.7049
Mo,11/27/2023,109.31,120.7226,117.4467,123.7028
,,,,,
Fr,11/24/2023,107.43,120.4786,117.4589,123.6684
We,11/22/2023,111.57,120.3672,117.4923,123.635
Tu,11/21/2023,112.79,120.238,117.483,123.5929
Mo,11/20/2023,115.09,120.1268,117.4896,123.5572
,,,,,
Fr,11/17/2023,113.11,119.9118,117.4217,123.4766
Th,11/16/2023,116.08,119.7536,117.3991,123.3999
We,11/15/2023,122.19,119.6582,117.3285,123.3062
Tu,11/14/2023,124.11,119.4072,117.164,123.1929
Mo,11/13/2023,124.47,118.9834,116.9999,123.0912
,,,,,
Fr,11/10/2023,116.79,118.6526,116.8636,122.9724
Th,11/9/2023,117.05,118.5136,116.8376,122.9098
We,11/8/2023,117.1,118.3862,116.7114,122.8633
Tu,11/7/2023,120.09,118.2532,116.6138,122.8416
Mo,11/6/2023,121.74,118.0588,116.5566,122.8146
,,,,,
Fr,11/3/2023,118.74,117.9752,116.5272,122.7796
Th,11/2/2023,118.64,117.9684,116.5378,122.7586
We,11/1/2023,120.55,118.1286,116.5091,122.7284
Tu,10/31/2023,126.86,118.3314,116.4547,122.7371
Mo,10/30/2023,131.9,118.2044,116.3911,122.6705
,,,,,
Fr,10/27/2023,129.16,117.9892,116.2163,122.5727
Th,10/26/2023,130.94,117.7508,116.1155,122.5027
We,10/25/2023,131.21,117.568,116.0156,122.4456
Tu,10/24/2023,128.13,117.3426,115.9498,122.3729
Mo,10/23/2023,131.83,117.0226,116.0287,122.3017
,,,,,
Fr,10/20/2023,135.45,116.5588,116.124,122.2402
Th,10/19/2023,134.62,116.1008,116.2232,122.1918
We,10/18/2023,129.17,115.7832,116.2724,122.1685
Tu,10/17/2023,130.17,115.6186,116.3036,122.1308
Mo,10/16/2023,130.16,115.3334,116.3189,122.0811
,,,,,
Fr,10/13/2023,128.33,115.2222,116.3402,122.0307
Th,10/12/2023,126.37,114.9586,116.332,122.0135
We,10/11/2023,127.18,114.7588,116.2933,121.9475
Tu,10/10/2023,136.17,114.4558,116.2293,121.8718
,,,,,
Fr,10/6/2023,126.64,113.9276,116.1706,121.766
Th,10/5/2023,130.18,113.6178,116.1831,121.7324
We,10/4/2023,128.23,113.1118,116.0865,121.6731
Tu,10/3/2023,141.67,112.8076,116.0863,121.6002
Mo,10/2/2023,127.59,112.1732,115.9256,121.4482
,,,,,
Fr,9/29/2023,113.55,111.7546,115.989,121.4115
Th,9/28/2023,115.24,111.7406,116.2042,121.5191
We,9/27/2023,122.09,111.5796,116.3539,121.6526
Tu,9/26/2023,117.72,111.3868,116.5401,121.7061
Mo,9/25/2023,117.33,111.3024,116.7079,121.7652
,,,,,
Fr,9/22/2023,101.11,111.2054,116.9101,121.8341
Th,9/21/2023,106,111.4182,117.1808,121.974
We,9/20/2023,97.04,111.5796,117.3454,122.0764
Tu,9/19/2023,101.31,112.1802,117.5993,122.1843
Mo,9/18/2023,99.32,112.7886,117.8901,122.2766
,,,,,
Fr,9/15/2023,96.61,113.4104,118.2682,122.4164
Th,9/14/2023,97.11,114.1708,118.5649,122.5895
We,9/13/2023,101.86,114.4392,118.8022,122.7626
Tu,9/12/2023,105.11,114.6174,118.9897,122.9013
Mo,9/11/2023,107.23,114.728,119.1788,123.0567
,,,,,
Fr,9/8/2023,104.34,114.8524,119.3343,123.1882
Th,9/7/2023,105.2,114.9316,119.5178,123.3272
We,9/6/2023,111.31,115.0446,119.6542,123.4479
Tu,9/5/2023,109.64,114.9988,119.7406,123.5522
,,,,,
Fr,9/1/2023,102.92,114.9208,119.941,123.6581
Th,8/31/2023,107.93,115.0164,120.3096,123.7867
We,8/30/2023,109.84,115.0746,120.6603,123.8469
Tu,8/29/2023,110.68,115.1616,120.9539,123.8562
Mo,8/28/2023,110.45,115.0366,121.3244,123.9248
,,,,,
Fr,8/25/2023,110.37,114.9744,121.7589,124.0042
Th,8/24/2023,117.56,115.0544,122.1327,124.094
We,8/23/2023,118.4,115.0792,122.3388,124.1484
Tu,8/22/2023,126.65,115.1072,122.5141,124.2378
Mo,8/21/2023,130.69,114.8896,122.66,124.3104
,,,,,
Fr,8/18/2023,120.51,114.578,122.8589,124.399
Th,8/17/2023,121.14,114.5778,123.2134,124.5361
We,8/16/2023,117.24,114.4434,123.6187,124.6534
Tu,8/15/2023,121.8,114.4802,124.1829,124.7811
Mo,8/14/2023,119.94,114.4632,124.4789,124.8731
,,,,,
Fr,8/11/2023,112.13,114.557,124.7079,125.0123
Th,8/10/2023,108.64,115.0348,125.2097,125.2217
We,8/9/2023,112.55,115.6892,125.9497,125.4633
Tu,8/8/2023,118.74,116.3456,126.6253,125.6786
Mo,8/7/2023,120.94,116.7616,127.1175,125.8235
,,,,,
Fr,8/4/2023,115.91,116.9886,127.8952,125.9478
Th,8/3/2023,124.6,117.3044,128.4326,126.1203
We,8/2/2023,115.15,117.4582,128.9225,126.2618
Tu,8/1/2023,116.38,117.7054,129.1716,126.4614
Mo,7/31/2023,112.03,117.8278,129.3006,126.6832
,,,,,
Fr,7/28/2023,109.76,118.0028,129.4779,126.9008
Th,7/27/2023,111.15,118.4136,129.7136,127.0944
We,7/26/2023,104.88,118.7484,129.884,127.305
Tu,7/25/2023,113.02,119.0612,130.0604,127.5407
Mo,7/24/2023,109.95,119.365,130.1714,127.7317
,,,,,
Fr,7/21/2023,106.66,119.678,130.2827,127.9466
Th,7/20/2023,112.85,120.2234,130.4521,128.1228
We,7/19/2023,107.19,120.6678,130.5239,128.2992
Tu,7/18/2023,112.45,121.1282,130.6804,128.5582
Mo,7/17/2023,113.5,121.6934,130.7304,128.7865
,,,,,
Fr,7/14/2023,112.48,122.1134,130.7775,128.9871
Th,7/13/2023,111.75,122.6148,130.8489,129.1111
We,7/12/2023,114.07,122.9434,130.8325,129.212
Tu,7/11/2023,127.07,123.1112,130.8019,129.2943
Mo,7/10/2023,131.73,123.0184,130.6176,129.3323
,,,,,
Fr,7/7/2023,130.41,122.9916,130.4062,129.3426
Th,7/6/2023,134.63,123.126,130.2088,129.3153
We,7/5/2023,110.53,122.959,129.9588,129.2625
Mo,7/3/2023,110.77,123.1652,129.878,129.3366
,,,,,
Fr,6/30/2023,110.64,123.362,129.7778,129.4271
Th,6/29/2023,113.45,123.6296,129.7029,129.4892
We,6/28/2023,108.3,123.8162,129.6247,129.5297
Tu,6/27/2023,110.85,124.104,129.5316,129.6089
Mo,6/26/2023,109.02,124.2638,129.4007,129.7202
,,,,,
Fr,6/23/2023,105.74,124.4824,129.2838,129.8428
Th,6/22/2023,107.7,124.9612,129.2218,129.9178
We,6/21/2023,110.84,125.6028,129.1825,130.0121
Tu,6/20/2023,114.19,126.246,129.0811,130.0822
,,,,,
Fr,6/16/2023,104.43,126.7462,128.982,130.1496
Th,6/15/2023,107.34,127.6122,129.0151,130.2782
We,6/14/2023,114.37,128.5434,129.0693,130.3562
Tu,6/13/2023,118.8,129.211,129.0725,130.416
Mo,6/12/2023,119.8,129.5984,129.0321,130.4877
,,,,,
Fr,6/9/2023,115.77,129.921,128.9794,130.558
Th,6/8/2023,115.11,130.4304,128.9478,130.6586
We,6/7/2023,120.5,131.1398,129.0194,130.7021
Tu,6/6/2023,114.42,131.849,128.9499,130.7009
Mo,6/5/2023,119.08,132.794,128.9291,130.7173
,,,,,
Fr,6/2/2023,120.95,133.8856,128.89,130.706
Th,6/1/2023,124.63,134.4946,128.8757,130.6703
We,5/31/2023,136.02,134.8588,128.7961,130.5786
Tu,5/30/2023,141.36,135.3846,128.5746,130.4541
,,,,,
Fr,5/26/2023,145.37,136.2102,128.3563,130.3235
Th,5/25/2023,139.54,136.905,128.1604,130.2223
We,5/24/2023,132.29,137.4734,128.0647,130.1452
Tu,5/23/2023,131.7,138.8018,127.9579,130.0966
Mo,5/22/2023,132.29,139.5608,127.8434,130.041
,,,,,
Fr,5/19/2023,127.51,140.3868,127.7212,129.9897
Th,5/18/2023,122.5,140.6378,127.695,129.9984
We,5/17/2023,120.78,140.7734,127.6017,129.9883
Tu,5/16/2023,130.3,140.953,127.5144,129.9662
Mo,5/15/2023,127.89,141.0136,127.3614,129.9144
,,,,,
Fr,5/12/2023,120.52,141.0196,127.2817,129.8613
Th,5/11/2023,128.21,141.0596,127.2597,129.9015
We,5/10/2023,125.6,140.9778,127.1141,129.9018
Tu,5/9/2023,133.93,140.8874,126.9707,129.8923
Mo,5/8/2023,135.07,140.6808,126.834,129.8284
,,,,,
Fr,5/5/2023,130.21,140.38,126.8341,129.7675
Th,5/4/2023,140.71,140.2326,126.9513,129.74
We,5/3/2023,134.5,139.7674,126.8721,129.6749
Tu,5/2/2023,137.55,139.4416,126.8225,129.6516
Mo,5/1/2023,128.18,139.083,126.758,129.6527
,,,,,
Fr,4/28/2023,122.46,138.7216,126.7671,129.6923
Th,4/27/2023,122.43,138.4926,126.8075,129.8206
We,4/26/2023,130.39,138.2168,126.7694,129.947
Tu,4/25/2023,137.13,137.8208,126.6632,130.0213
Mo,4/24/2023,126.28,137.2916,126.5646,130.0842
,,,,,
Fr,4/21/2023,120.84,136.9586,126.6141,130.2085
Th,4/20/2023,120.61,136.5908,126.723,130.3851
We,4/19/2023,124.02,136.1936,126.8129,130.5029
Tu,4/18/2023,122.78,135.7762,126.9347,130.5603
Mo,4/17/2023,122.69,135.4332,127.0422,130.5986
,,,,,
Fr,4/14/2023,118.84,134.9592,127.1366,130.6612
Th,4/13/2023,119.95,134.5376,127.2415,130.7331
We,4/12/2023,129.68,134.0852,127.3638,130.7684
Tu,4/11/2023,139.78,133.4824,127.3753,130.7498
Mo,4/10/2023,143,132.7622,127.2637,130.7007
,,,,,
Fr,4/7/2023,139.2,131.9162,127.0336,130.6802
Th,4/6/2023,147.73,131.2178,126.7585,130.653
We,4/5/2023,153.9,130.418,126.5252,130.6048
Tu,4/4/2023,147.75,129.5952,126.2495,130.515
Mo,4/3/2023,138.17,128.934,126.0553,130.4966
,,,,,
Fr,3/31/2023,135.93,128.4658,125.958,130.5018
Th,3/30/2023,141.24,128.0378,125.9615,130.3934
We,3/29/2023,150.58,127.4652,125.9608,130.2136
Tu,3/28/2023,155.96,126.899,125.9392,129.9872
Mo,3/27/2023,161.67,126.0508,125.8588,129.7204
,,,,,
Fr,3/24/2023,173.66,125.0642,125.6881,129.4234
Th,3/23/2023,151.4,123.8944,125.3793,129.0437
We,3/22/2023,142.84,123.2568,125.2673,128.7831
Tu,3/21/2023,162.31,122.7334,125.3167,128.6158
Mo,3/20/2023,182.64,121.7646,125.2338,128.3398
,,,,,
Fr,3/17/2023,180.11,120.5024,124.9769,127.919
Th,3/16/2023,167.96,119.4158,124.7319,127.5309
We,3/15/2023,198.71,118.656,124.5296,127.2196
Tu,3/14/2023,169.65,117.114,124.0004,126.7818
Mo,3/13/2023,173.59,116.126,123.8081,126.4845
,,,,,
Fr,3/10/2023,140.06,115.0556,123.6011,126.172
Th,3/9/2023,129.28,114.7522,123.7513,126.047
We,3/8/2023,129.76,114.43,124.0657,125.9749
Tu,3/7/2023,133.33,114.0758,124.3238,125.9233
Mo,3/6/2023,128.19,113.7092,124.4751,125.8465
,,,,,
Fr,3/3/2023,122.52,113.5438,124.7261,125.7785
Th,3/2/2023,124.12,113.4598,125.021,125.7596
We,3/1/2023,121.08,113.2504,125.2919,125.7292
Tu,2/28/2023,123.6,113.054,125.6105,125.7577
Mo,2/27/2023,120.03,112.9872,125.7934,125.7657
,,,,,
Fr,2/24/2023,122.84,113.2882,126.0745,125.7727
Th,2/23/2023,117.45,113.67,126.436,125.7721
We,2/22/2023,118.21,113.9768,126.8427,125.7948
Tu,2/21/2023,119.62,114.2034,127.1967,125.8361
,,,,,
Fr,2/17/2023,110.11,114.433,127.3733,125.9138
Th,2/16/2023,111.01,114.8126,127.5915,126.0052
We,2/15/2023,108.64,115.1224,127.7868,126.0939
Tu,2/14/2023,110.59,115.322,128.047,126.2012
Mo,2/13/2023,110.67,115.5056,128.279,126.2946
,,,,,
Fr,2/10/2023,109.63,115.8376,128.4218,126.3995
Th,2/9/2023,102.45,116.2696,128.5662,126.4919
We,2/8/2023,100.75,116.8552,128.7952,126.6331
Tu,2/7/2023,103.15,117.4322,129.0764,126.755
Mo,2/6/2023,105.63,118.0932,129.2756,126.8529
,,,,,
Fr,2/3/2023,98.99,118.6512,129.4347,126.9363
Th,2/2/2023,97.76,119.314,129.6862,127.0397
We,2/1/2023,97.33,119.9454,130.0398,127.1326
Tu,1/31/2023,99.54,120.6424,130.4019,127.2348
Mo,1/30/2023,103.77,121.2682,130.6137,127.3865
,,,,,
Fr,1/27/2023,100.7,121.7652,130.8418,127.492
Th,1/26/2023,104.28,122.151,131.0832,127.6018
We,1/25/2023,107.74,122.2992,131.3173,127.7
Tu,1/24/2023,112.76,122.6324,131.5413,127.7431
Mo,1/23/2023,114.69,122.9038,131.6432,127.7212
,,,,,
Fr,1/20/2023,114.76,123.1766,131.7596,127.6895
Th,1/19/2023,114.53,123.4502,131.9433,127.65
We,1/18/2023,112.61,123.8852,132.1365,127.6423
Tu,1/17/2023,122.27,124.4564,132.3693,127.6689
,,,,,
Fr,1/13/2023,113.55,124.9794,132.3847,127.7039
Th,1/12/2023,112.34,125.6668,132.4518,127.7625
We,1/11/2023,115.17,126.312,132.5054,127.7665
Tu,1/10/2023,119.52,126.8642,132.522,127.7193
Mo,1/9/2023,116.67,127.2778,132.465,127.6486
,,,,,
Fr,1/6/2023,113.87,127.9,132.3611,127.5749
Th,1/5/2023,119.53,128.703,132.3335,127.4644
We,1/4/2023,125.78,129.4514,132.2908,127.3255
Tu,1/3/2023,129.97,130.048,132.2842,127.1995
,,,,,
Fr,12/30/2022,121.61,130.4032,132.2257,127.0548
Th,12/29/2022,120.25,130.8868,132.2354,126.9722
We,12/28/2022,120.07,131.4902,132.2386,126.8661
Tu,12/27/2022,124.89,132.1466,132.2583,126.7923
,,,,,
Fr,12/23/2022,113.17,132.7504,132.3017,126.7223
Th,12/22/2022,112.05,133.7014,132.375,126.8233
We,12/21/2022,115,134.5718,132.4181,126.9632
Tu,12/20/2022,119.92,135.241,132.4674,127.0473
Mo,12/19/2022,118.32,135.9084,132.441,127.0236
,,,,,
Fr,12/16/2022,113.65,136.5822,132.5433,126.9834
Th,12/15/2022,111.26,137.3334,132.6895,127.0064
We,12/14/2022,120.26,138.167,132.8139,126.9521
Tu,12/13/2022,135.08,138.5996,132.8228,126.8176
Mo,12/12/2022,141.93,138.8608,132.701,126.6459
,,,,,
Fr,12/9/2022,132.79,139.202,132.5287,126.412
Th,12/8/2022,129.54,139.7086,132.4777,126.2258
We,12/7/2022,131.1,140.19,132.4808,126.0499
Tu,12/6/2022,129.09,140.3136,132.5474,125.8752
Mo,12/5/2022,126.5,140.3704,132.6175,125.6935
,,,,,
Fr,12/2/2022,118.62,140.4512,132.8336,125.531
Th,12/1/2022,119.77,140.772,133.1246,125.4492
We,11/30/2022,127.27,141.0524,133.3794,125.3205
Tu,11/29/2022,131.23,141.006,133.6038,125.1268
Mo,11/28/2022,131.73,140.8628,133.8029,124.8794
,,,,,
Fr,11/25/2022,129.6,140.7352,134.0472,124.6344
We,11/23/2022,136.2,140.7206,134.1929,124.4236
Tu,11/22/2022,133.53,140.458,134.1859,124.181
Mo,11/21/2022,132.13,140.2182,134.1549,123.942
,,,,,
Fr,11/18/2022,129.33,140.0584,134.1858,123.7057
Th,11/17/2022,132.18,140.1342,134.2247,123.4851
We,11/16/2022,130.83,140.1614,134.1729,123.2499
Tu,11/15/2022,128.62,139.9592,134.1244,123.0222
Mo,11/14/2022,119.99,139.9184,134.1376,122.8072
,,,,,
Th,11/10/2022,111.69,140.0154,134.3268,122.636
We,11/9/2022,124.4,140.3354,134.5474,122.5004
Tu,11/8/2022,126.33,140.4502,134.6844,122.2972
Mo,11/7/2022,128.33,140.3826,134.7804,122.0707
,,,,,
Fr,11/4/2022,128.44,140.3426,134.938,121.8339
Th,11/3/2022,136.28,140.4364,135.0457,121.5924
We,11/2/2022,141.17,140.3878,134.8252,121.3342
Tu,11/1/2022,148.42,140.2822,134.4664,121.0113
Mo,10/31/2022,147.92,139.79,134.0351,120.632
,,,,,
Fr,10/28/2022,144.6,139.2368,133.582,120.2652
Th,10/27/2022,142.78,138.6988,133.1586,119.9314
We,10/26/2022,140.2,138.1798,132.7081,119.6081
Tu,10/25/2022,147.78,137.6522,132.2988,119.2805
Mo,10/24/2022,154.02,136.8222,131.9148,118.9303
,,,,,
Fr,10/21/2022,156.95,135.964,131.4458,118.5536
Th,10/20/2022,155.61,135.1302,130.8611,118.1844
We,10/19/2022,147.73,134.5204,130.3299,117.8268
Tu,10/18/2022,145.79,134.0482,129.9095,117.4736
Mo,10/17/2022,150.42,133.584,129.5631,117.1328
,,,,,
Fr,10/14/2022,152.89,132.987,129.1608,116.7707
Th,10/13/2022,155.08,132.37,128.7429,116.3938
We,10/12/2022,160.72,131.853,128.3426,116.019
Tu,10/11/2022,155.57,131.0486,127.884,115.6019
,,,,,
Fr,10/7/2022,148.46,130.2644,127.5229,115.2083
Th,10/6/2022,153.29,129.6938,127.2178,114.8635
We,10/5/2022,152.01,128.9736,126.831,114.4822
Tu,10/4/2022,151.21,128.5044,126.4982,114.0844
Mo,10/3/2022,152.94,128.0456,126.1666,113.6739
,,,,,
Fr,9/30/2022,141.89,127.4608,125.9048,113.2795
Th,9/29/2022,148.14,127.046,125.7381,112.965
We,9/28/2022,158.99,126.5412,125.4709,112.6063
Tu,9/27/2022,158.12,125.8554,125.1082,112.1832
Mo,9/26/2022,153.61,125.2468,124.7469,111.7903
,,,,,
Fr,9/23/2022,137.28,124.7716,124.4754,111.4237
Th,9/22/2022,131.93,124.7812,124.4543,111.1779
We,9/21/2022,130.54,124.8646,124.419,110.9577
Tu,9/20/2022,134.66,125.216,124.401,110.7008
Mo,9/19/2022,133.79,125.4772,124.3555,110.4402
,,,,,
Fr,9/16/2022,124.95,125.7064,124.3103,110.1861
Th,9/15/2022,124.07,126.2016,124.3771,109.9816
We,9/14/2022,125.35,126.743,124.4176,109.8083
Tu,9/13/2022,128.87,127.3592,124.471,109.6288
Mo,9/12/2022,123.07,127.6652,124.4335,109.4001
,,,,,
Fr,9/9/2022,121.54,127.9138,124.4302,109.1877
Th,9/8/2022,124.14,128.0916,124.438,108.976
We,9/7/2022,133.12,128.3132,124.3932,108.7223
Tu,9/6/2022,133.54,128.3152,124.2253,108.4292
,,,,,
Fr,9/2/2022,120.72,128.1844,124.0678,108.1694
Th,9/1/2022,126.58,128.2896,124.1593,107.9737
We,8/31/2022,124.84,128.3568,124.1421,107.7487
Tu,8/30/2022,127.69,128.6382,124.1204,107.5176
Mo,8/29/2022,130.14,128.7594,124.0827,107.2707
,,,,,
Fr,8/26/2022,122.95,128.9186,123.945,106.9851
Th,8/25/2022,126.33,129.1782,123.7992,106.7252
We,8/24/2022,133.13,129.5334,123.6193,106.428
Tu,8/23/2022,133.85,129.655,123.3568,106.0854
Mo,8/22/2022,135.89,129.2626,123.1481,105.7723
,,,,,
Fr,8/19/2022,123.81,128.6506,122.9684,105.4481
Th,8/18/2022,120.26,128.2802,123.0231,105.2207
We,8/17/2022,117.7,127.9272,123.0732,104.9967
Tu,8/16/2022,116.83,127.6184,123.0276,104.768
Mo,8/15/2022,113.82,127.2364,122.9165,104.5341
,,,,,
Fr,8/12/2022,106.28,126.9454,122.8321,104.2985
Th,8/11/2022,111.11,127.0074,122.7887,104.1119
We,8/10/2022,115.26,126.9276,122.5953,103.9165
Tu,8/9/2022,125.12,126.592,122.3603,103.6873
Mo,8/8/2022,124.12,126.1394,122.1148,103.3891
,,,,,
Fr,8/5/2022,122.58,125.7708,121.8839,103.1097
Th,8/4/2022,120.57,125.5422,121.7089,102.8507
We,8/3/2022,122.04,125.3346,121.4935,102.5613
Tu,8/2/2022,129.23,125.1158,121.3262,102.2479
Mo,8/1/2022,120.5,124.8322,121.1429,101.906
,,,,,
Fr,7/29/2022,116.36,124.7194,121.2716,101.6182
Th,7/28/2022,119.93,124.7814,121.5083,101.3346
We,7/27/2022,117.28,124.7418,121.6272,101.0396
Tu,7/26/2022,128.55,124.6884,121.6062,100.7564
Mo,7/25/2022,128.27,124.492,121.4235,100.4278
,,,,,
Fr,7/22/2022,123.7,124.2876,121.3234,100.0895
Th,7/21/2022,121.15,124.3488,121.0904,99.7579
We,7/20/2022,122.9,124.4302,120.8123,99.4575
Tu,7/19/2022,124.7,124.4006,120.5908,99.149
Mo,7/18/2022,127.69,124.361,120.2953,98.8391
,,,,,
Fr,7/15/2022,129.85,124.247,119.9738,98.5032
Th,7/14/2022,137.76,124.1792,119.6189,98.1462
We,7/13/2022,136.1,124.1274,119.203,97.7413
Tu,7/12/2022,148.11,123.9734,118.7694,97.3404
Mo,7/11/2022,147.72,123.586,118.2283,96.8959
,,,,,
Fr,7/8/2022,145.25,123.2338,117.7739,96.4552
Th,7/7/2022,149.71,122.9142,117.2617,96.0092
We,7/6/2022,151.14,122.5526,116.6498,95.5292
Tu,7/5/2022,156.16,122.0922,115.956,95.0432
,,,,,
Fr,7/1/2022,144.17,121.5828,115.2216,94.521
Th,6/30/2022,135.5,121.2018,114.6543,94.0657
We,6/29/2022,130.43,120.9466,114.1761,93.6468
Tu,6/28/2022,135.22,120.7844,113.7292,93.2577
Mo,6/27/2022,133.22,120.4732,113.2255,92.8667
,,,,,
Fr,6/24/2022,127,120.1354,112.7455,92.4858
Th,6/23/2022,125.98,119.9512,112.3269,92.1171
We,6/22/2022,129.94,120.029,111.92,91.7663
Tu,6/21/2022,138.91,119.9274,111.4768,91.407
,,,,,
Fr,6/17/2022,133.75,119.6026,110.9452,91.0101
Th,6/16/2022,138.1,119.406,110.4534,90.6421
We,6/15/2022,135.93,118.9714,109.9101,90.2415
Tu,6/14/2022,144.09,118.4202,109.3611,89.8789
Mo,6/13/2022,139.21,117.7052,108.7298,89.481
,,,,,
Fr,6/10/2022,114.23,117.0586,108.1391,89.1001
Th,6/9/2022,105.29,117.0336,107.8431,88.8401
We,6/8/2022,105.29,117.2862,107.5561,88.6134
Tu,6/7/2022,102.61,117.766,107.2289,88.3839
Mo,6/6/2022,102.26,118.2192,106.9483,88.161
,,,,,
Fr,6/3/2022,97.73,118.4368,106.7042,87.9511
Th,6/2/2022,99.27,118.5966,106.5081,87.7595
We,6/1/2022,109.38,118.7188,106.2623,87.5404
Tu,5/31/2022,107.12,118.57,105.9458,87.2804
,,,,,
Fr,5/27/2022,98.48,118.263,105.6614,87.0481
Th,5/26/2022,102.49,118.1286,105.5077,86.8885
We,5/25/2022,105.69,118.0902,105.3236,86.7047
Tu,5/24/2022,111.15,117.997,105.0377,86.4894
Mo,5/23/2022,110.19,117.8756,104.7024,86.2515
,,,,,
Fr,5/20/2022,111.1,117.6524,104.3805,86.0139
Th,5/19/2022,115.05,117.5366,104.0447,85.7855
We,5/18/2022,114.86,117.4536,103.6954,85.5317
Tu,5/17/2022,119.46,117.8238,103.3197,85.2634
Mo,5/16/2022,117.95,118.2352,102.8936,84.9764
,,,,,
Fr,5/13/2022,114.61,118.5126,102.5093,84.6987
Th,5/12/2022,118.73,118.524,102.1334,84.476
We,5/11/2022,118.05,118.355,101.6707,84.2275
Tu,5/10/2022,126.76,118.3592,101.1812,83.9637
Mo,5/9/2022,125.22,117.832,100.6542,83.6546
,,,,,
Fr,5/6/2022,121.42,117.1944,100.1918,83.3549
Th,5/5/2022,122.72,116.781,99.7417,83.0944
We,5/4/2022,121.99,116.2296,99.2581,82.8187
Tu,5/3/2022,126.46,115.7006,98.8336,82.4999
Mo,5/2/2022,135.17,115.0586,98.3719,82.1525
,,,,,
Fr,4/29/2022,128.4,114.2786,97.9016,81.7633
Th,4/28/2022,128.74,113.5654,97.4965,81.4252
We,4/27/2022,130.11,112.8706,97.0005,81.0854
Tu,4/26/2022,129.27,112.314,96.5249,80.7345
Mo,4/25/2022,131.63,111.6092,96.0619,80.3966
,,,,,
Fr,4/22/2022,128.12,110.747,95.586,80.0416
Th,4/21/2022,130.69,109.8198,95.1989,79.6838
We,4/20/2022,125.12,108.8604,94.7865,79.2924
Tu,4/19/2022,122.74,108.1068,94.3668,78.9544
Mo,4/18/2022,122.32,107.4056,93.9451,78.6271
,,,,,
Th,4/14/2022,119.66,106.674,93.514,78.2994
We,4/13/2022,116.33,105.9778,93.0513,77.9828
Tu,4/12/2022,117.79,105.3556,92.6331,77.679
Mo,4/11/2022,129.87,104.7026,92.271,77.3643
,,,,,
Fr,4/8/2022,124.86,103.811,91.7881,76.9929
Th,4/7/2022,122.67,103.0262,91.3554,76.6618
We,4/6/2022,123.92,102.2878,90.9148,76.3577
Tu,4/5/2022,116.37,101.5008,90.4587,76.0404
Mo,4/4/2022,108.37,100.8488,90.0252,75.7331
,,,,,
Fr,4/1/2022,108.34,100.302,89.6512,75.4626
Th,3/31/2022,106.88,99.7544,89.2368,75.1855
We,3/30/2022,112.98,99.2196,88.8141,74.9213
Tu,3/29/2022,117.92,98.6526,88.3965,74.6106
Mo,3/28/2022,129.28,97.826,87.9277,74.2624
,,,,,
Fr,3/25/2022,125.27,96.6918,87.4183,73.8801
Th,3/24/2022,113.14,95.6774,86.9201,73.5034
We,3/23/2022,105.72,94.9716,86.5083,73.1855
Tu,3/22/2022,105.38,94.4196,86.1517,72.9058
Mo,3/21/2022,101.94,93.8058,85.7649,72.6487
,,,,,
Fr,3/18/2022,91.77,93.3216,85.4351,72.415
Th,3/17/2022,91.76,93.0598,85.2378,72.2311
We,3/16/2022,100.57,92.8868,85.0144,72.0325
Tu,3/15/2022,101.03,92.557,84.6634,71.7971
Mo,3/14/2022,105.08,92.0784,84.3356,71.556
,,,,,
Fr,3/11/2022,99.03,91.5292,83.9925,71.2992
Th,3/10/2022,105.31,91.1086,83.6292,71.0788
We,3/9/2022,110.9,90.5528,83.1696,70.8251
Tu,3/8/2022,133.37,89.9372,82.669,70.5459
Mo,3/7/2022,140.03,88.8156,81.9648,70.1656
,,,,,
Fr,3/4/2022,131.82,87.552,81.161,69.7513
Th,3/3/2022,115.18,86.506,80.4519,69.3851
We,3/2/2022,110.28,85.7428,79.9066,69.0842
Tu,3/1/2022,118.26,84.9864,79.4321,68.8158
Mo,2/28/2022,100.4,84.0032,78.8556,68.5168
,,,,,
Fr,2/25/2022,93.34,83.4764,78.4254,68.3048
Th,2/24/2022,100.75,83.1892,78.1027,68.1155
We,2/23/2022,95.15,82.7024,77.7073,67.8824
Tu,2/22/2022,95.54,82.2866,77.3829,67.6954
,,,,,
Fr,2/18/2022,94.36,81.9666,77.0325,67.5024
Th,2/17/2022,96.17,81.6852,76.6735,67.3232
We,2/16/2022,92.74,81.5246,76.2797,67.129
Tu,2/15/2022,94,81.4276,75.9115,66.9559
Mo,2/14/2022,102.28,81.1304,75.5635,66.781
,,,,,
Fr,2/11/2022,94.03,80.7358,75.1365,66.5712
Th,2/10/2022,88.52,80.5146,74.7568,66.4017
We,2/9/2022,81.76,80.425,74.4086,66.2641
Tu,2/8/2022,82.72,80.578,74.1303,66.1552
Mo,2/7/2022,87.44,80.7126,73.8204,66.0396
,,,,,
Fr,2/4/2022,87.68,80.6268,73.477,65.9138
Th,2/3/2022,85.74,80.4846,73.1175,65.7971
We,2/2/2022,84.85,80.354,72.7862,65.6882
Tu,2/1/2022,85.22,80.1248,72.5079,65.5769
Mo,1/31/2022,85.14,79.9106,72.2262,65.446
,,,,,
Fr,1/28/2022,85.29,79.8394,71.9074,65.3207
Th,1/27/2022,85.62,79.7652,71.6125,65.2002
We,1/26/2022,85.75,79.6846,71.3372,65.0897
Tu,1/25/2022,84.57,79.5418,71.0751,64.9669
Mo,1/24/2022,83.77,79.4166,70.8308,64.8445
,,,,,
Fr,1/21/2022,81.03,79.2016,70.5729,64.7383
Th,1/20/2022,80.96,79.0004,70.3967,64.6347
We,1/19/2022,80.14,78.7192,70.2322,64.5388
Tu,1/18/2022,84.63,78.4086,70.0611,64.4566
,,,,,
Fr,1/14/2022,76.59,78.1404,69.8371,64.3585
Th,1/13/2022,72.57,78.0294,69.6707,64.3318
We,1/12/2022,74.55,78.1448,69.5388,64.3062
Tu,1/11/2022,77.85,78.1628,69.3738,64.2633
Mo,1/10/2022,78.12,78.045,69.1981,64.1814
,,,,,
Fr,1/7/2022,74.69,77.8838,69.0109,64.0885
Th,1/6/2022,77.73,77.724,68.8185,64.0186
We,1/5/2022,78.68,77.5486,68.6151,63.9338
Tu,1/4/2022,83.11,77.4158,68.4349,63.8786
Mo,1/3/2022,84.08,77.142,68.2693,63.807
,,,,,
Fr,12/31/2021,77.1,76.7698,68.0857,63.739
Th,12/30/2021,77.62,76.5928,67.9411,63.6872
We,12/29/2021,78,76.4558,67.8006,63.6532
Tu,12/28/2021,77.52,76.1498,67.6473,63.6171
Mo,12/27/2021,80.12,75.7864,67.5263,63.5837
,,,,,
Th,12/23/2021,77.29,75.4008,67.368,63.5026
We,12/22/2021,76.85,75.114,67.207,63.4321
Tu,12/21/2021,79.52,74.77,67.0593,63.3851
Mo,12/20/2021,77.02,74.3978,66.8881,63.3457
,,,,,
Fr,12/17/2021,72.46,74.0704,66.8186,63.3074
Th,12/16/2021,69.1,73.8778,66.7843,63.2858
We,12/15/2021,74.06,73.708,66.7461,63.2695
Tu,12/14/2021,78.98,73.3744,66.6551,63.1876
Mo,12/13/2021,76.41,73.0162,66.5181,63.1364
,,,,,
Fr,12/10/2021,74.36,72.7122,66.4471,63.1326
Th,12/9/2021,79.54,72.4792,66.3793,63.1316
We,12/8/2021,80.29,72.0984,66.1663,63.0435
Tu,12/7/2021,88.14,71.6618,65.9332,62.9507
Mo,12/6/2021,87.89,71.0348,65.6249,62.8222
,,,,,
Fr,12/3/2021,79.14,70.3954,65.354,62.6848
Th,12/2/2021,82.55,69.9966,65.1704,62.5698
We,12/1/2021,82.97,69.5372,64.9441,62.4369
Tu,11/30/2021,84.04,68.999,64.7312,62.3059
Mo,11/29/2021,89.41,68.3922,64.4973,62.1208
,,,,,
Fr,11/26/2021,89.45,67.6826,64.1687,61.9035
We,11/24/2021,83.15,66.9282,63.7983,61.6875
Tu,11/23/2021,80.57,66.3272,63.542,61.5056
Mo,11/22/2021,79.21,65.7504,63.309,61.345
,,,,,
Fr,11/19/2021,73.39,65.2184,63.0849,61.1849
Th,11/18/2021,74.51,64.891,62.9143,61.0542
We,11/17/2021,81.58,64.5418,62.725,60.9163
Tu,11/16/2021,81.58,63.9754,62.4575,60.7379
Mo,11/15/2021,81.59,63.4598,62.1977,60.5615
,,,,,
Fr,11/12/2021,78.61,62.9898,61.9682,60.3905
We,11/10/2021,78.31,62.6084,61.8007,60.2252
Tu,11/9/2021,73.02,62.245,61.6221,60.0544
Mo,11/8/2021,70.97,61.9442,61.441,59.905
,,,,,
Fr,11/5/2021,66.9,61.793,61.2741,59.7655
Th,11/4/2021,64.61,61.7452,61.1343,59.6465
We,11/3/2021,71.22,61.7136,61.0285,59.5385
Tu,11/2/2021,71.04,61.5338,60.8248,59.3951
Mo,11/1/2021,78.34,61.312,60.597,59.266
,,,,,
Fr,10/29/2021,75.45,60.9328,60.342,59.1
Th,10/28/2021,71.96,60.5848,60.0868,58.9539
We,10/27/2021,70.06,60.3512,59.8627,58.8221
Tu,10/26/2021,66.7,60.138,59.6599,58.7224
Mo,10/25/2021,68.96,59.913,59.5325,58.6278
,,,,,
Fr,10/22/2021,72.04,59.6816,59.395,58.507
Th,10/21/2021,69.42,59.454,59.2245,58.3728
We,10/20/2021,65.47,59.3966,59.0507,58.2489
Tu,10/19/2021,68.25,59.4016,58.9307,58.1663
Mo,10/18/2021,70.77,59.2894,58.7764,58.073
,,,,,
Fr,10/15/2021,62.7,59.1454,58.6059,57.9641
Th,10/14/2021,59.35,59.1448,58.5283,57.8865
We,10/13/2021,60.84,59.2662,58.4807,57.8203
Tu,10/12/2021,62.95,59.3352,58.4227,57.7424
,,,,,
Fr,10/8/2021,59.65,59.3,58.3663,57.6381
Th,10/7/2021,60.91,59.3486,58.3416,57.5536
We,10/6/2021,60.65,59.3784,58.3184,57.4669
Tu,10/5/2021,62.83,59.5668,58.2618,57.3969
Mo,10/4/2021,60.61,59.6908,58.1994,57.306
,,,,,
Fr,10/1/2021,57.38,59.7842,58.178,57.2237
Th,9/30/2021,61.07,59.9358,58.1843,57.1716
We,9/29/2021,61.21,60.02,58.1284,57.1069
Tu,9/28/2021,62.71,60.182,58.0576,57.047
Mo,9/27/2021,60.5,60.2794,58.008,56.9711
,,,,,
Fr,9/24/2021,58.46,60.2342,57.9723,56.9043
Th,9/23/2021,56.79,60.2046,57.9728,56.8544
We,9/22/2021,55.92,60.215,57.9782,56.8159
Tu,9/21/2021,59.2,60.3126,58.0003,56.7847
Mo,9/20/2021,59.58,60.3442,57.9985,56.7081
,,,,,
Fr,9/17/2021,56.06,60.351,58.0058,56.6229
Th,9/16/2021,53.7,60.4634,58.0467,56.5622
We,9/15/2021,53.93,60.6024,58.1195,56.5014
Tu,9/14/2021,51.73,60.6548,58.18,56.4359
Mo,9/13/2021,53.1,60.6684,58.2589,56.3755
,,,,,
Fr,9/10/2021,51.73,60.7568,58.3506,56.308
Th,9/9/2021,52.61,60.8676,58.4768,56.2613
We,9/8/2021,57.02,60.9514,58.5903,56.2135
Tu,9/7/2021,57.05,60.9376,58.6458,56.1399
,,,,,
Fr,9/3/2021,53.26,60.9082,58.6658,56.0723
Th,9/2/2021,55.8,60.9396,58.734,56.0241
We,9/1/2021,58.09,60.9356,58.788,55.9605
Tu,8/31/2021,59.54,60.9466,58.8421,55.8825
Mo,8/30/2021,60.14,60.993,58.8588,55.7995
,,,,,
Fr,8/27/2021,57.98,60.9992,58.8582,55.7197
Th,8/26/2021,63.41,60.9378,58.9038,55.6608
We,8/25/2021,64.51,60.7552,58.8726,55.5684
Tu,8/24/2021,63.03,60.5234,58.8454,55.4453
Mo,8/23/2021,62.23,60.3434,58.8522,55.3489
,,,,,
Fr,8/20/2021,59.95,60.1158,58.8798,55.2765
Th,8/19/2021,59.38,59.882,58.993,55.2985
We,8/18/2021,58.05,59.7512,59.0736,55.3195
Tu,8/17/2021,60.28,59.5888,59.1527,55.3387
Mo,8/16/2021,59.4,59.3742,59.1648,55.3438
,,,,,
Fr,8/13/2021,55.45,59.1818,59.1662,55.3325
Th,8/12/2021,57.39,59.152,59.2188,55.3447
We,8/11/2021,60.66,59.1084,59.2526,55.3525
Tu,8/10/2021,66.55,58.995,59.3222,55.3414
Mo,8/9/2021,65.72,58.7048,59.3447,55.3074
,,,,,
Fr,8/6/2021,62.64,58.4598,59.3923,55.2741
Th,8/5/2021,63.57,58.2634,59.4334,55.263
We,8/4/2021,62.67,58.0664,59.5058,55.2509
Tu,8/3/2021,65.42,57.9118,59.587,55.2239
Mo,8/2/2021,64.29,57.6952,59.6411,55.1749
,,,,,
Fr,7/30/2021,61.19,57.5102,59.6372,55.1209
Th,7/29/2021,62.08,57.4326,59.6572,55.0929
We,7/28/2021,62.4,57.3346,59.7108,55.0701
Tu,7/27/2021,70.07,57.2584,59.8033,55.0447
Mo,7/26/2021,69.03,56.9568,59.7963,54.9792
,,,,,
Fr,7/23/2021,65.28,56.708,59.7873,54.9228
Th,7/22/2021,64.96,56.5718,59.7928,54.7954
We,7/21/2021,65.28,56.4328,59.7202,54.6705
Tu,7/20/2021,69.31,56.2368,59.7547,54.5373
Mo,7/19/2021,67.58,55.9332,59.8182,54.3868
,,,,,
Fr,7/16/2021,58.24,55.7366,59.884,54.2321
Th,7/15/2021,56.98,55.7104,59.9208,54.1278
We,7/14/2021,57.31,55.741,59.9683,54.0278
Tu,7/13/2021,60.8,55.7414,60.0194,53.9273
Mo,7/12/2021,60.78,55.688,60.0157,53.8165
,,,,,
Fr,7/9/2021,59.92,55.6528,59.9691,53.7094
Th,7/8/2021,61.68,55.6606,59.9296,53.6029
We,7/7/2021,60.65,55.63,59.8806,53.4807
Tu,7/6/2021,56.55,55.6366,59.7442,53.3697
,,,,,
Fr,7/2/2021,52.41,55.7052,59.6382,53.2991
Th,7/1/2021,57.52,55.8494,59.5768,53.2523
We,6/30/2021,57.27,55.9444,59.4691,53.1858
Tu,6/29/2021,56.8,56.086,59.3809,53.1151
Mo,6/28/2021,56.33,56.2292,59.2849,53.0571
,,,,,
Fr,6/25/2021,55.58,56.354,59.1941,53.0196
Th,6/24/2021,54.83,56.4234,59.1076,52.995
We,6/23/2021,55.6,56.5284,59.0184,52.9561
Tu,6/22/2021,58.64,56.6404,58.9252,52.9069
Mo,6/21/2021,61.86,56.7376,58.8129,52.838
,,,,,
Fr,6/18/2021,60.45,56.7246,58.6496,52.7502
Th,6/17/2021,54.91,56.7172,58.4867,52.683
We,6/16/2021,54.28,56.8698,58.369,52.6494
Tu,6/15/2021,52.92,56.99,58.257,52.6245
Mo,6/14/2021,54.03,57.1674,58.1587,52.5998
,,,,,
Fr,6/11/2021,50.85,57.361,58.0485,52.5691
Th,6/10/2021,48.26,57.6438,57.9653,52.5466
We,6/9/2021,52.84,58.104,57.935,52.5309
Tu,6/8/2021,49.93,58.396,57.858,52.4897
Mo,6/7/2021,49.55,58.7166,57.821,52.463
,,,,,
Fr,6/4/2021,49.78,58.9554,57.7815,52.4455
Th,6/3/2021,53.96,59.1506,57.7849,52.4257
We,6/2/2021,55.21,59.2856,57.723,52.3713
Tu,6/1/2021,54.99,59.3968,57.619,52.3207
,,,,,
Fr,5/28/2021,52.04,59.6494,57.5211,52.2669
Th,5/27/2021,53.47,59.9846,57.4471,52.233
We,5/26/2021,52.82,60.3248,57.4019,52.1767
Tu,5/25/2021,53.72,60.6034,57.3696,52.1199
Mo,5/24/2021,54.94,60.9452,57.3222,52.0643
,,,,,
Fr,5/21/2021,54.59,61.2622,57.2447,51.9984
Th,5/20/2021,55.04,61.587,57.1598,51.9459
We,5/19/2021,57.31,61.7642,57.062,51.8864
Tu,5/18/2021,57.18,61.8818,56.91,51.8097
Mo,5/17/2021,58.59,62.087,56.7656,51.7271
,,,,,
Fr,5/14/2021,54.99,62.3482,56.6154,51.6423
Th,5/13/2021,56.59,62.6358,56.5321,51.5737
We,5/12/2021,58.47,62.8666,56.4126,51.5038
Tu,5/11/2021,58.01,63.0138,56.2694,51.4239
Mo,5/10/2021,55.48,63.0076,56.1589,51.3535
,,,,,
Fr,5/7/2021,54.13,63.2726,56.0855,51.3027
Th,5/6/2021,57.75,63.7032,56.0364,51.2643
We,5/5/2021,56.93,64.0314,55.9341,51.2097
Tu,5/4/2021,58.51,64.1312,55.8363,51.1534
Mo,5/3/2021,57.33,64.1956,55.736,51.093
,,,,,
Fr,4/30/2021,58.13,64.2974,55.6537,51.0418
Th,4/29/2021,59.02,64.3434,55.5691,51.0051
We,4/28/2021,60.31,64.2854,55.4178,50.9578
Tu,4/27/2021,60.15,64.1986,55.24,50.9022
Mo,4/26/2021,60.98,64.1312,55.0777,50.8518
,,,,,
Fr,4/23/2021,59.98,63.8518,54.8832,50.7959
Th,4/22/2021,59.62,63.5712,54.6918,50.7509
We,4/21/2021,62.27,63.3042,54.492,50.713
Tu,4/20/2021,64.35,62.9938,54.2655,50.6564
Mo,4/19/2021,63.96,62.6758,54.0458,50.6011
,,,,,
Fr,4/16/2021,62.57,62.3406,53.8366,50.5519
Th,4/15/2021,59.05,62.0342,53.634,50.5038
We,4/14/2021,60.08,61.7918,53.4788,50.4646
Tu,4/13/2021,61.2,61.5084,53.3142,50.4221
Mo,4/12/2021,63.5,61.21,53.133,50.3905
,,,,,
Fr,4/9/2021,61.21,60.8882,52.9229,50.3433
Th,4/8/2021,60.08,60.5746,52.7403,50.3069
We,4/7/2021,62.54,60.2562,52.5812,50.2737
Tu,4/6/2021,60.29,59.8682,52.4177,50.2368
Mo,4/5/2021,61.79,59.524,52.2642,50.2261
,,,,,
Fr,4/2/2021,63.71,59.15,52.0451,50.2196
Th,4/1/2021,64.99,58.736,51.8456,50.1915
We,3/31/2021,71.27,58.2868,51.6731,50.1456
Tu,3/30/2021,67.44,57.766,51.6041,50.0716
Mo,3/29/2021,65.96,57.32,51.5653,50.0345
,,,,,
Fr,3/26/2021,61.49,56.9254,51.5248,50.0194
Th,3/25/2021,59.54,56.6076,51.5229,50.0258
We,3/24/2021,60.71,56.4192,51.4988,50.038
Tu,3/23/2021,60.77,56.1604,51.4705,50.0403
Mo,3/22/2021,67.62,55.8412,51.4523,50.0427
,,,,,
Fr,3/19/2021,68.8,55.3928,51.3607,49.9813
Th,3/18/2021,70.48,54.9096,51.27,49.9127
We,3/17/2021,66.75,54.479,51.1559,49.818
Tu,3/16/2021,70.81,54.1358,51.0926,49.7371
Mo,3/15/2021,70.79,53.6992,50.9961,49.648
,,,,,
Fr,3/12/2021,70.83,53.2272,50.8607,49.5551
Th,3/11/2021,63.9,52.7326,50.7086,49.4593
We,3/10/2021,63.19,52.3598,50.6046,49.4179
Tu,3/9/2021,67.44,51.9382,50.5286,49.3962
Mo,3/8/2021,71.65,51.4442,50.4294,49.3595
,,,,,
Fr,3/5/2021,69.37,50.8826,50.286,49.2947
Th,3/4/2021,68.13,50.4284,50.1621,49.2305
We,3/3/2021,65.83,49.9586,50.0583,49.1851
Tu,3/2/2021,57.7,49.525,49.7981,49.1438
Mo,3/1/2021,68.73,49.3102,49.6208,49.1616
,,,,,
Fr,2/26/2021,75.66,48.8984,49.32,49.1259
Th,2/25/2021,74.16,48.3696,48.9555,49.0346
We,2/24/2021,61.92,47.8368,48.5801,48.9385
Tu,2/23/2021,61.73,47.5414,48.3349,48.8854
Mo,2/22/2021,62.42,47.2764,48.0873,48.825
,,,,,
Fr,2/19/2021,60.43,47.01,47.8353,48.7592
Th,2/18/2021,56.12,46.7948,47.6173,48.6976
We,2/17/2021,55.97,46.5502,47.4496,48.6849
Tu,2/16/2021,56.78,46.2814,47.2762,48.6908
,,,,,
Fr,2/12/2021,47.01,46.0242,47.0808,48.7014
Th,2/11/2021,45.95,45.9146,46.9952,48.7798
We,2/10/2021,46.27,45.8124,46.96,48.8805
Tu,2/9/2021,46.75,45.6798,46.9279,48.9854
Mo,2/8/2021,48.45,45.5372,46.9025,49.1131
,,,,,
Fr,2/5/2021,47.2,45.4158,46.8492,49.24
Th,2/4/2021,47.25,45.3326,46.8293,49.357
We,2/3/2021,46.93,45.2338,46.845,49.47
Tu,2/2/2021,45.91,45.1658,46.8825,49.585
Mo,2/1/2021,46.28,45.12,46.8938,49.7079
,,,,,
Fr,1/29/2021,47.41,45.056,46.8886,49.8241
Th,1/28/2021,45.53,44.9576,46.8631,49.9663
We,1/27/2021,44.16,44.906,46.8508,50.1106
Tu,1/26/2021,43.14,44.9062,46.8794,50.2684
Mo,1/25/2021,43.08,44.9672,46.9299,50.4137
,,,,,
Fr,1/22/2021,43.09,45.0044,46.992,50.5297
Th,1/21/2021,43.01,44.9402,47.041,50.6393
We,1/20/2021,42.53,44.9552,47.0898,50.7842
Tu,1/19/2021,45.23,45.0594,47.1278,50.9872
,,,,,
Fr,1/15/2021,45.14,45.4422,47.1269,51.1804
Th,1/14/2021,46.23,45.8106,47.1213,51.4082
We,1/13/2021,45.6,46.1242,47.105,51.6187
Tu,1/12/2021,50.12,46.4382,47.1096,51.8331
Mo,1/11/2021,47.77,46.5784,47.0665,52.0182
,,,,,
Fr,1/8/2021,44.81,46.7806,47.0197,52.3348
Th,1/7/2021,45.2,47.0634,47.0224,52.7877
We,1/6/2021,44.64,47.3286,47.0127,53.2285
Tu,1/5/2021,48.95,47.6304,47.0189,53.711
Mo,1/4/2021,49.59,47.8328,46.9515,54.0869
,,,,,
Th,12/31/2020,48.98,48.0494,46.8702,54.3882
We,12/30/2020,47.19,48.293,46.8064,54.766
Tu,12/29/2020,46.1,48.4942,46.752,55.222
Mo,12/28/2020,45.26,48.6846,46.7321,55.7546
,,,,,
Th,12/24/2020,42.11,48.8494,46.7108,56.1675
We,12/23/2020,42.74,49.119,46.7095,56.5756
Tu,12/22/2020,43.57,49.4146,46.6887,57.1804
Mo,12/21/2020,46.66,49.6894,46.6693,57.5886
,,,,,
Fr,12/18/2020,44.64,49.8958,46.6154,57.8401
Th,12/17/2020,44.15,50.158,46.5951,58.0648
We,12/16/2020,46.96,50.0712,46.5784,58.3589
Tu,12/15/2020,48.14,49.9314,46.5481,58.6486
Mo,12/14/2020,49.22,49.7416,46.5199,58.9562
,,,,,
Fr,12/11/2020,47.52,49.5414,46.4922,59.1731
Th,12/10/2020,47.15,49.3234,46.4852,59.3705
We,12/9/2020,48.48,49.1284,46.4705,59.5716
Tu,12/8/2020,49.1,48.8982,46.45,59.7638
Mo,12/7/2020,49.67,48.6606,46.4298,59.891
,,,,,
Fr,12/4/2020,43.89,48.4398,46.4412,59.9907
Th,12/3/2020,42.53,48.349,46.4978,60.1114
We,12/2/2020,43.92,48.271,46.5644,60.2371
Tu,12/1/2020,41.53,48.1374,46.6259,60.3294
Mo,11/30/2020,40.84,48.0758,46.7086,60.4393
,,,,,
Fr,11/27/2020,39.64,48.1076,46.81,60.5527
We,11/25/2020,39.62,48.176,46.9339,60.6789
Tu,11/24/2020,42.38,48.2678,47.0473,60.8215
Mo,11/23/2020,43.04,48.2826,47.1563,60.9375
,,,,,
Fr,11/20/2020,42.31,48.326,47.2672,61.0285
Th,11/19/2020,43.53,48.4562,47.3737,61.1373
We,11/18/2020,43.62,48.5992,47.4505,61.2605
Tu,11/17/2020,43.08,48.6676,47.53,61.4065
Mo,11/16/2020,42.49,48.7212,47.6481,61.556
,,,,,
Fr,11/13/2020,42.95,48.7686,47.7636,61.6989
Th,11/12/2020,44.17,48.7956,47.8734,61.815
Tu,11/10/2020,46.19,48.8526,47.9662,61.9221
Mo,11/9/2020,44.94,48.8926,48.0558,62.0248
,,,,,
Fr,11/6/2020,39.88,48.9796,48.188,62.0998
Th,11/5/2020,43.76,49.1418,48.3941,62.1771
We,11/4/2020,47.74,49.2244,48.5374,62.2149
Tu,11/3/2020,64.37,49.1962,48.6181,62.2433
Mo,11/2/2020,63.56,48.8116,48.5391,62.1698
,,,,,
Fr,10/30/2020,61.91,48.432,48.5037,62.1038
Th,10/29/2020,61.3,48.0858,48.514,62.047
We,10/28/2020,57.13,47.781,48.5287,62.0022
Tu,10/27/2020,57.88,47.5546,48.5771,61.9829
Mo,10/26/2020,58.95,47.2588,48.6101,61.9601
,,,,,
Fr,10/23/2020,58.46,46.9814,48.633,61.9537
Th,10/22/2020,59.73,46.6968,48.6019,61.9638
We,10/21/2020,59.07,46.4074,48.5553,61.9783
Tu,10/20/2020,60.42,46.0702,48.4801,61.9969
Mo,10/19/2020,61.16,45.691,48.3816,61.9954
,,,,,
Fr,10/16/2020,57.25,45.3198,48.2998,61.9756
Th,10/15/2020,55.62,45.0098,48.2495,61.9808
We,10/14/2020,53.5,44.7796,48.21,62.0008
Tu,10/13/2020,55.59,44.5722,48.2312,62.0098
,,,,,
Fr,10/9/2020,57.52,44.3,48.2638,62.014
Th,10/8/2020,57.31,43.9628,48.2895,62.018
We,10/7/2020,56.98,43.6492,48.3034,62.008
Tu,10/6/2020,57.75,43.335,48.2989,61.994
Mo,10/5/2020,39.81,43.0322,48.3119,61.9738
,,,,,
Fr,10/2/2020,39.97,43.0856,48.4894,62.0418
Th,10/1/2020,38.65,43.1648,48.7023,62.1188
We,9/30/2020,39.21,43.2982,48.9318,62.2062
Tu,9/29/2020,36.62,43.443,49.1137,62.2924
Mo,9/28/2020,37.4,43.647,49.2968,62.4174
,,,,,
Fr,9/25/2020,36.97,43.8126,49.4359,62.5369
Th,9/24/2020,37.22,44.0018,49.5627,62.6875
We,9/23/2020,38.63,44.199,49.683,62.8379
Tu,9/22/2020,39.35,44.4426,49.7778,62.9651
Mo,9/21/2020,38.63,44.6466,49.9202,63.087
,,,,,
Fr,9/18/2020,37.24,44.8578,50.1054,63.2089
Th,9/17/2020,38.45,45.1144,50.3219,63.3458
We,9/16/2020,42.43,45.3414,50.5644,63.4506
Tu,9/15/2020,43.06,45.5124,50.801,63.5213
Mo,9/14/2020,44.21,45.6918,51.0429,63.5941
,,,,,
Fr,9/11/2020,43.12,45.8268,51.3237,63.675
Th,9/10/2020,45.21,46.03,51.6308,63.7672
We,9/9/2020,48.82,46.2084,51.8847,63.852
Tu,9/8/2020,50.68,46.2912,52.0949,63.917
,,,,,
Fr,9/4/2020,47.04,46.3018,52.2874,63.9915
Th,9/3/2020,45.76,46.3924,52.522,64.0695
We,9/2/2020,44.86,46.575,52.7596,64.1614
Tu,9/1/2020,44.3,46.7586,53.0695,64.2456
Mo,8/31/2020,47.02,46.9512,53.3704,64.3449
,,,,,
Fr,8/28/2020,48.19,47.0799,53.6573,64.4403
Th,8/27/2020,49.29,47.2191,53.8975,64.5485
We,8/26/2020,47.99,47.3965,54.0674,64.6242
Tu,8/25/2020,47.89,47.6465,54.2376,64.7197
Mo,8/24/2020,46.33,47.8505,54.4786,
,,,,,
Fr,8/21/2020,45.14,48.0401,54.8466,
Th,8/20/2020,44.58,48.2667,55.2339,
We,8/19/2020,44.6,48.5755,55.6951,
Tu,8/18/2020,46.06,48.9423,56.1324,
Mo,8/17/2020,45.81,49.2765,56.5566,
,,,,,
Fr,8/14/2020,43.09,49.5997,56.9699,
Th,8/13/2020,45.08,49.9615,57.6499,
We,8/12/2020,44.23,50.2847,58.5529,
Tu,8/11/2020,45.26,50.5071,59.4443,
Mo,8/10/2020,42.21,50.7033,60.403,
,,,,,
Fr,8/7/2020,41.46,50.8901,61.2223,
Th,8/6/2020,42.6,51.0723,61.9062,
We,8/5/2020,41.75,51.2799,62.7255,
Tu,8/4/2020,44.11,51.4893,63.692,
Mo,8/3/2020,43.13,51.6405,64.7771,
,,,,,
Fr,7/31/2020,41.98,51.8903,65.6242,
Th,7/30/2020,40.66,52.2277,66.4416,
We,7/29/2020,41.63,52.6163,67.672,
Tu,7/28/2020,41.27,52.9577,68.5078,
Mo,7/27/2020,42.61,53.2629,69.0647,
,,,,,
Fr,7/24/2020,42.48,53.5917,69.5345,
Th,7/23/2020,43.93,53.8933,70.1394,
We,7/22/2020,45.32,54.2399,70.749,
Tu,7/21/2020,46.45,54.5655,71.3925,
Mo,7/20/2020,46.82,54.7845,71.8539,
,,,,,
Fr,7/17/2020,45.68,54.9467,72.2557,
Th,7/16/2020,46.43,55.0593,72.6727,
We,7/15/2020,47.08,55.1237,73.0776,
Tu,7/14/2020,50.81,55.1671,73.3522,
Mo,7/13/2020,49.55,55.1131,73.5401,
,,,,,
Fr,7/10/2020,49.19,55.1939,73.725,
Th,7/9/2020,50.07,55.3531,73.9097,
We,7/8/2020,49.8,55.5295,74.0328,
Tu,7/7/2020,50.98,55.7875,74.1699,
Mo,7/6/2020,52.03,56.0897,74.2953,
,,,,,
Th,7/2/2020,50.96,56.3941,74.4239,
We,7/1/2020,53.28,56.8207,74.5956,
Tu,6/30/2020,54.13,57.2317,74.7187,
Mo,6/29/2020,52.96,57.5611,74.7898,
,,,,,
Fr,6/26/2020,51.21,57.8987,74.9009,
Th,6/25/2020,51.57,58.2731,75.0705,
We,6/24/2020,54.89,58.6517,75.2829,
Tu,6/23/2020,54.04,58.9443,75.4638,
Mo,6/22/2020,53.9318,59.3805,75.6341,
,,,,,
Fr,6/19/2020,53.4523,59.7896,75.7565,
Th,6/18/2020,55.15,60.2348,75.878,
We,6/17/2020,58.16,60.576,75.9938,
Tu,6/16/2020,60.49,60.7384,76.0116,
Mo,6/15/2020,58.09,60.8288,75.9601,
,,,,,
Fr,6/12/2020,55.81,61.1068,75.8923,
Th,6/11/2020,56.47,61.6532,75.8684,
We,6/10/2020,60.02,62.2012,75.8004,
Tu,6/9/2020,62.94,62.8148,75.7039,
Mo,6/8/2020,62.77,63.3226,75.5799,
,,,,,
Fr,6/5/2020,61.97,63.8368,75.4757,
Th,6/4/2020,61.18,64.3402,75.3887,
We,6/3/2020,61.24,65.3384,75.3101,
Tu,6/2/2020,55.35,66.8212,75.2743,
Mo,6/1/2020,55.07,68.3816,75.3257,
,,,,,
Fr,5/29/2020,51.55,70.1028,75.4013,
Th,5/28/2020,50.57,71.5546,75.5137,
We,5/27/2020,52.98,72.7402,75.6092,
Tu,5/26/2020,52.22,74.1712,75.6514,
,,,,,
Fr,5/22/2020,51.67,75.8948,75.712,
Th,5/21/2020,55.62,77.9138,75.7916,
We,5/20/2020,58.85,79.3582,75.7884,
Tu,5/19/2020,60.09,80.6556,75.7641,
Mo,5/18/2020,58.7,82.7278,75.7464,
,,,,,
Fr,5/15/2020,56.53,84.058,75.7125,
Th,5/14/2020,59.05,84.8666,75.6891,
We,5/13/2020,57.56,85.4774,75.6356,
Tu,5/12/2020,61.26,86.3856,75.5941,
Mo,5/11/2020,61.6,87.2582,75.5353,
,,,,,
Fr,5/8/2020,57.4,88.2196,75.4806,
Th,5/7/2020,54.93,88.9234,75.471,
We,5/6/2020,51.31,89.5648,75.538,
Tu,5/5/2020,49.65,90.2862,75.6379,
Mo,5/4/2020,49.25,91.0316,75.8123,
,,,,,
Fr,5/1/2020,48.11,91.5374,75.9927,
Th,4/30/2020,53.59,91.9672,76.1523,
We,4/29/2020,57.15,92.2562,76.2537,
Tu,4/28/2020,58.89,92.4664,76.3123,
Mo,4/27/2020,62.7,92.5362,76.3696,
,,,,,
Fr,4/24/2020,66.09,92.5524,76.3368,
Th,4/23/2020,67.25,92.501,76.2416,
We,4/22/2020,72.29,92.4538,76.1453,
Tu,4/21/2020,73.83,92.3706,76.0263,
Mo,4/20/2020,70.6,92.2058,75.9035,
,,,,,
Fr,4/17/2020,69.84,92.0186,75.8192,
Th,4/16/2020,69.93,91.9032,75.7391,
We,4/15/2020,70.5,91.868,75.6956,
Tu,4/14/2020,69.52,91.9142,75.617,
Mo,4/13/2020,75.85,91.9834,75.5631,
,,,,,
Th,4/9/2020,74.39,91.8878,75.4216,
We,4/8/2020,75.71,91.7234,75.3194,
Tu,4/7/2020,72.21,91.5212,75.2233,
Mo,4/6/2020,66.28,91.4116,75.1994,
,,,,,
Fr,4/3/2020,65.01,91.2848,75.181,
Th,4/2/2020,71.99,91.0914,75.2017,
We,4/1/2020,83.13,90.6778,,
Tu,3/31/2020,83.87,90.0836,,
Mo,3/30/2020,90.7,89.3996,,
,,,,,
Fr,3/27/2020,88.33,88.593,,
Th,3/26/2020,88.48,87.8372,,
We,3/25/2020,87.14,87.1146,,
Tu,3/24/2020,111.09,86.4372,,
Mo,3/23/2020,135.38,85.2818,,
,,,,,
Fr,3/20/2020,133.37,83.7274,,
Th,3/19/2020,141.13,82.2698,,
We,3/18/2020,124.14,80.6998,,
Tu,3/17/2020,109.85,79.4728,,
Mo,3/16/2020,124.53,78.4782,,
,,,,,
Fr,3/13/2020,138.4,77.1316,,
Th,3/12/2020,152.62,75.5292,,
We,3/11/2020,127.84,73.6694,,
Tu,3/10/2020,123.72,72.2186,,
Mo,3/9/2020,163.7,70.8726,,
,,,,,
Fr,3/6/2020,125.21,68.765,,
Th,3/5/2020,96.96,67.367,,
We,3/4/2020,89.59,66.5116,,
Tu,3/3/2020,102.97,65.7938,,
Mo,3/2/2020,104.89,64.8026,,
,,,,,
Fr,2/28/2020,109.67,63.8124,,
Th,2/27/2020,92.59,62.7416,,
We,2/26/2020,87,62.0186,,
Tu,2/25/2020,87.38,61.5112,,
Mo,2/24/2020,86.92,60.9896,,
,,,,,
Fr,2/21/2020,74.54,60.593,,
Th,2/20/2020,69.6,60.448,,
We,2/19/2020,68.04,60.3374,,
Tu,2/18/2020,67.66,60.2512,,
,,,,,
Fr,2/14/2020,62.38,60.1582,,
Th,2/13/2020,63.51,60.203,,
We,2/12/2020,63.52,60.1212,,
Tu,2/11/2020,64.89,59.9822,,
Mo,2/10/2020,68.13,59.8368,,
,,,,,
Fr,2/7/2020,65.59,59.682,,
Th,2/6/2020,61.24,59.6012,,
We,2/5/2020,64.07,59.6198,,
Tu,2/4/2020,68.17,59.575,,
Mo,2/3/2020,72.81,59.5232,,
,,,,,
Fr,1/31/2020,72.98,59.3198,,
Th,1/30/2020,71.07,59.1428,,
We,1/29/2020,66.17,58.9554,,
Tu,1/28/2020,65.6,58.9154,,
Mo,1/27/2020,66.73,58.9254,,
,,,,,
Fr,1/24/2020,59.94,58.9872,,
Th,1/23/2020,55.34,59.0772,,
We,1/22/2020,51.31,59.312,,
Tu,1/21/2020,53.42,,,
,,,,,
Fr,1/17/2020,49.67,,,
Th,1/16/2020,50.37,,,
We,1/15/2020,50.54,,,
Tu,1/14/2020,52.35,,,
Mo,1/13/2020,53.27,,,
,,,,,
Fr,1/10/2020,53.32,,,
Th,1/9/2020,57.66,,,
We,1/8/2020,60.49,,,
Tu,1/7/2020,62.63,,,
Mo,1/6/2020,62.79,,,
,,,,,
Fr,1/3/2020,60.12,,,
Th,1/2/2020,57.2,,,
Tu,12/31/2019,58.28,,,
Mo,12/30/2019,59.63,,,
,,,,,
Fr,12/27/2019,55.3,,,
Th,12/26/2019,56.42,,,
Tu,12/24/2019,58.32,,,
Mo,12/23/2019,55.31,,,
,,,,,
Fr,12/20/2019,54.19,,,
Th,12/19/2019,53.7,,,
We,12/18/2019,53.41,,,
Tu,12/17/2019,55.38,,,
Mo,12/16/2019,56.13,,,
,,,,,
Fr,12/13/2019,56.44,,,
Th,12/12/2019,61.63,,,
We,12/11/2019,61.3,,,
Tu,12/10/2019,67.09,,,
Mo,12/9/2019,67.29,,,
,,,,,
Fr,12/6/2019,64.07,,,
Th,12/5/2019,63.73,,,
We,12/4/2019,63.01,,,
Tu,12/3/2019,64.62,,,
Mo,12/2/2019,59.42,,,
,,,,,
Fr,11/29/2019,56.57,,,
We,11/27/2019,57.62,,,
Tu,11/26/2019,60.39,,,
Mo,11/25/2019,61.55,,,
,,,,,
Fr,11/22/2019,62.17,,,
Th,11/21/2019,61.83,,,
We,11/20/2019,65.58,,,
Tu,11/19/2019,62.64,,,
Mo,11/18/2019,64.13,,,
,,,,,
Fr,11/15/2019,61.7,,,
Th,11/14/2019,64.17,,,
We,11/13/2019,66.1,,,
Tu,11/12/2019,69.82,,,
,,,,,
Fr,11/8/2019,64.44,,,
Th,11/7/2019,67.08,,,
