Exp Date,ImpF...,30.00%,40.00%,60.00%,80.00%,90.00%,95.00%,97.50%,100.00%,102.50%,105.00%,110.00%,120.00%,150.00%,200.00%,300.00%
,,7027.7,9370.2,14055,18740,21083,22254,22840,23426,24011,24597,25768,28111,35138,46851,70277
26-Aug-25,23431.1,122.51,106.87,79.77,52.66,36.07,27.73,20.58,13.91,15.18,21.41,27.07,31.87,41.57,51.43,62.75
27-Aug-25,23433.81,137.87,119.56,87.49,54.25,32.62,25.58,19,13.79,13.84,19.36,25.45,29.68,36.6,43.94,52.58
28-Aug-25,23436.8,136.1,117.58,84.89,50.09,35.09,27.1,22.53,19,16.61,19.27,26.04,31.9,36.94,41.97,48.18
29-Aug-25,23445.7,119.16,103.16,75.02,45.59,35.94,25.75,22.03,18.63,15.94,17.38,20.31,27.25,34.42,40.86,48.5
2-Sep-25,23447.1,90.51,78.35,56.98,35.77,28.51,20.36,17.5,14.67,12.33,13.37,15,19.54,25.43,30.33,36.13
3-Sep-25,23449.79,59.31,54.32,46.39,39.79,29.02,20.78,17.69,14.88,12.57,13.08,13.98,16.6,23.11,28.34,34.39
4-Sep-25,23450.81,55.75,51.78,45.61,40.21,28.86,20.96,17.9,15.04,12.67,13.06,14,16.25,22.87,27.96,33.85
5-Sep-25,23457.5,63.55,57.43,47.48,40.09,29.33,21.88,18.89,16.03,13.57,13.56,14.28,16.52,23.16,27.72,33.11
8-Sep-25,23459.3,51.67,48.21,42.86,38.19,27.28,20.47,17.68,15.05,12.74,12.69,13.51,14.53,20.75,24.95,29.85
9-Sep-25,23462.2,52.75,48.94,42.99,38.07,27.31,20.67,17.89,15.27,12.95,12.79,13.6,14.49,20.72,24.8,29.54
10-Sep-25,23465.41,52.9,49.04,43.03,38.05,27.34,20.82,18.06,15.46,13.14,12.89,13.69,14.44,20.63,24.65,29.27
11-Sep-25,23468.2,58.02,52.6,43.85,38.14,27.65,21.29,18.55,15.99,13.66,13.23,13.94,14.57,20.72,24.62,29.01
12-Sep-25,23476.91,59.27,53.38,43.74,37.79,27.5,21.37,18.69,16.1,13.76,13.29,14.04,14.67,20.82,24.7,29
15-Sep-25,23478.01,54.27,49.42,41.64,36.39,26.32,20.44,17.89,15.47,13.26,12.71,13.39,13.9,19.48,23.21,27.26
16-Sep-25,23480.1,54.13,49.27,41.48,36.35,26.4,20.57,18,15.56,13.37,12.78,13.43,13.91,19.42,23.15,27.12
17-Sep-25,23482.41,59.96,53.12,41.61,36.39,26.73,21,18.41,16,13.84,13.11,13.57,13.96,19.47,23.13,26.88
18-Sep-25,23484.2,62.01,54.35,41.22,36.18,26.76,21.09,18.49,16.12,14.01,13.21,13.54,13.88,19.37,22.99,26.61
19-Sep-25,23493.51,78.13,65.83,42.86,35.26,26.38,20.97,18.43,16.05,14,13.19,13.48,14.11,19.46,22.97,26.42
22-Sep-25,23495.5,67.93,57.52,38.32,33.3,25.64,20.55,18.19,15.89,13.85,13.02,13.64,15.41,19.23,22.37,25.29
23-Sep-25,23497.11,67.42,57,37.79,33.6,25.82,20.63,18.31,16.04,13.97,13.12,13.72,14.94,18.65,21.78,24.61
24-Sep-25,23500.31,67.01,56.56,37.27,33.39,25.79,20.71,18.41,16.13,14.07,13.21,13.8,15.03,18.33,21.42,24.14
25-Sep-25,23503.41,66.35,55.97,36.94,33.64,25.82,20.78,18.49,16.22,14.18,13.31,13.81,14.66,17.77,20.89,23.6
26-Sep-25,23512,64.33,54.59,37.84,34.4,25.89,20.92,18.64,16.37,14.31,13.37,13.82,14.42,17.82,21.27,24.2
29-Sep-25,23515.13,63.74,53.58,34.96,32.12,25.51,20.53,18.26,16.05,14.07,13.1,13.65,15.22,19.25,22.21,24.55
30-Sep-25,23517.4,61.45,53.02,40.3,34.23,25.35,20.6,18.4,16.19,14.21,13.2,13.59,14.38,16.89,20.71,23.87
3-Oct-25,23530.41,62.35,52.31,36.43,33.39,25.47,20.9,18.79,16.65,14.72,13.63,13.86,14.81,17.82,21.24,23.81
10-Oct-25,23552.91,59.2,49.35,34.78,32.49,25.05,20.75,18.76,16.75,14.91,13.77,13.79,14.66,16.24,19.42,21.7
17-Oct-25,23571.31,57.01,52.98,46.89,33.22,24.61,20.67,18.77,16.87,15.13,13.97,13.69,14.57,21.52,27.72,32.46
21-Nov-25,23661.5,49.39,47.23,43.69,31.11,24.23,21.01,19.51,18.03,16.58,15.36,14.41,14.9,15.94,20.95,25.12
19-Dec-25,23728.61,49.36,46.47,42.13,30.1,23.89,21.06,19.77,18.5,17.24,16.08,14.75,14.98,15.45,18.43,22.47
31-Dec-25,23761.21,45.17,44.77,40.76,29.54,23.75,21.09,19.82,18.55,17.32,16.22,14.89,14.85,15.27,19.39,23.48
16-Jan-26,23821.4,43.7,43.45,39.57,29.12,23.62,21.12,19.93,18.74,17.58,16.5,15.05,14.8,15.18,19.13,23.17
20-Feb-26,23904.7,40.01,40.12,37.33,28.49,23.57,21.28,20.2,19.15,18.13,17.18,15.7,14.81,14.46,17.26,20.89
20-Mar-26,23966.01,41.63,42.01,37.53,28.31,23.59,21.48,20.5,19.57,18.66,17.77,16.26,15.18,15.27,15.34,18.54
31-Mar-26,23989.09,39.55,40.03,36.69,28.12,23.59,21.55,20.59,19.65,18.74,17.86,16.39,15.33,15.39,15.54,18.73
17-Apr-26,24038.1,36.28,36.65,34.82,27.79,23.56,21.61,20.69,19.79,18.91,18.06,16.6,15.43,15.36,16.07,19.24
15-May-26,24104.8,40.57,40.09,35.77,27.64,23.57,21.76,20.9,20.05,19.22,18.4,16.98,15.86,16.03,17.85,21.88
18-Jun-26,24176,41.97,41,35.3,27.31,23.53,21.8,20.99,20.2,19.43,18.69,17.35,15.97,15.57,16.14,20.11
17-Jul-26,24245.4,39.47,38.47,33.64,26.95,23.5,21.88,21.1,20.35,19.62,18.91,17.62,15.91,16.01,18.23,20.77
21-Aug-26,24321.93,38,37.14,32.8,26.68,23.5,21.98,21.24,20.52,19.83,19.15,17.92,16.18,16.24,18.47,20.51
18-Sep-26,24392.94,37.59,36.77,32.62,26.59,23.57,22.12,21.42,20.72,20.04,19.39,18.18,16.42,16.23,18.34,20.37
18-Dec-26,24535.91,39.99,38.24,32.71,26.23,23.39,22.12,21.52,20.93,20.37,19.83,18.82,17.23,16.25,17.92,21.63
17-Dec-27,25443.5,36.44,34.88,30.23,25.77,23.8,22.85,22.39,21.94,21.5,21.07,20.27,18.9,16.65,16.2,15.17
15-Dec-28,26418.11,34.11,32.67,28.86,25.4,23.81,23.04,22.65,22.28,21.91,21.54,20.85,19.65,17.69,17.29,15.16
21-Dec-29,27505.2,32.92,31.71,28.61,25.62,24.19,23.48,23.13,22.79,22.45,22.13,21.5,20.38,18.45,17.66,15.22
31-Dec-29,27536.2,32.88,31.66,28.54,25.59,24.17,23.47,23.13,22.79,22.45,22.13,21.5,20.39,18.45,17.66,15.22
31-Dec-30,28713.2,31.68,30.04,26.63,24.43,23.4,22.86,22.59,22.31,22.04,21.76,21.22,20.21,18.14,17.14,14.86
31-Dec-31,30005.3,30.91,29.3,26.15,23.87,22.8,22.26,21.98,21.71,21.44,21.17,20.65,19.68,17.7,16.68,14.49
31-Dec-32,31413.9,30.33,28.52,25.41,23.11,22.03,21.5,21.23,20.97,20.71,20.46,19.96,19.06,17.21,16.2,14.35
30-Dec-33,32927.3,29.88,27.81,24.64,22.35,21.29,20.78,20.53,20.28,20.03,19.8,19.34,18.5,16.74,15.6,14.2
29-Dec-34,34559.91,29.43,27.16,23.95,21.68,20.65,20.15,19.91,19.68,19.44,19.22,18.79,18,16.32,15.09,13.85
