,Date,Hist Vol (10),Hist Vol (30),Hist Vol (50),Hist Vol (100),Implied Vol
Mon,8/25/2025,10.211,10.446,9.919,24.881,11.555
Fri,8/22/2025,11.492,10.431,10.271,24.879,11.563
Thu,8/21/2025,8.222,9.488,9.774,24.782,13.799
Wed,8/20/2025,8.919,9.459,9.742,24.776,12.804
Tue,8/19/2025,8.758,9.43,9.753,25.009,12.327
Mon,8/18/2025,8.155,9.321,9.606,24.993,11.672
Fri,8/15/2025,9.027,9.331,9.807,25.073,11.884
Thu,8/14/2025,10.652,9.648,9.882,25.065,11.597
Wed,8/13/2025,15.205,9.887,9.884,25.204,11.301
Tue,8/12/2025,15.507,9.925,9.924,25.202,11.59
Mon,8/11/2025,14.341,9.456,9.683,25.155,12.691
Fri,8/8/2025,14.369,9.476,9.644,25.195,12.179
Thu,8/7/2025,13.593,9.341,9.552,25.247,13.377
Wed,8/6/2025,13.838,9.544,9.677,25.26,13.223
Tue,8/5/2025,13.1,9.376,10.528,25.446,14.138
Mon,8/4/2025,13.654,9.636,10.599,25.547,13.312
Fri,8/1/2025,10.639,9.11,10.158,25.46,16.09
Thu,7/31/2025,5.648,7.397,10.172,25.344,13.26
Wed,7/30/2025,5.022,7.222,10.177,25.752,12.229
Tue,7/29/2025,5.247,7.823,10.159,25.76,12.322
Mon,7/28/2025,4.367,7.982,10.188,25.937,11.74
Fri,7/25/2025,5.52,8.956,10.199,25.989,11.826
Thu,7/24/2025,5.41,8.952,10.186,26.074,12.22
Wed,7/23/2025,6.068,9.054,10.265,26.247,12.188
Tue,7/22/2025,4.815,8.938,12.35,26.336,12.948
Mon,7/21/2025,5.567,8.935,12.363,26.475,12.868
Fri,7/18/2025,5.684,9.29,12.389,26.475,13.223
Thu,7/17/2025,7.508,9.527,12.385,26.488,13.169
Wed,7/16/2025,8.278,9.477,12.579,26.491,13.71
Tue,7/15/2025,8.472,9.548,12.728,26.64,13.977
Mon,7/14/2025,8.079,9.404,12.981,26.642,13.591
Fri,7/11/2025,8.366,9.424,13.011,26.644,13.296
Thu,7/10/2025,8.004,9.297,12.944,26.64,12.784
Wed,7/9/2025,8.535,9.584,12.967,26.637,13.013
Tue,7/8/2025,8.471,10.991,12.947,26.671,13.662
Mon,7/7/2025,9.377,11.294,12.974,26.675,14.349
Fri,7/4/2025, , , , , 
Thu,7/3/2025,6.652,10.887,13.342,26.642,13.685
Wed,7/2/2025,7.612,12.086,13.644,26.63,13.83
Tue,7/1/2025,8.03,12.155,14.512,26.668,13.961
Mon,6/30/2025,10.178,12.133,15.811,26.673,13.441
Fri,6/27/2025,10.687,12.197,15.811,26.667,13.285
Thu,6/26/2025,13.269,12.171,16.887,26.679,13.34
Wed,6/25/2025,12.813,11.999,16.868,26.679,13.526
Tue,6/24/2025,12.986,12.127,16.905,26.692,13.741
Mon,6/23/2025,11.876,14.968,17.163,26.645,15.26
Fri,6/20/2025,10.531,14.812,19.18,26.609,16.51
Thu,6/19/2025, , , , , 
Wed,6/18/2025,11.944,14.805,28.056,26.65,16.482
Tue,6/17/2025,12.383,14.8,28.403,26.755,17.265
Mon,6/16/2025,11.255,14.757,28.301,26.725,14.896
Fri,6/13/2025,10.554,14.808,31.99,26.695,16.97
Thu,6/12/2025,7.653,14.721,34.01,26.651,14.766
Wed,6/11/2025,7.719,14.758,34.028,26.682,14.365
Tue,6/10/2025,7.19,14.667,34.019,26.726,14.065
Mon,6/9/2025,8.236,14.673,34.019,26.714,14.244
Fri,6/6/2025,12.946,14.676,34.376,26.874,13.449
Thu,6/5/2025,13.377,14.567,34.322,26.825,15.393
Wed,6/4/2025,12.778,15.23,34.406,26.811,14.708
Tue,6/3/2025,16.274,15.665,34.406,26.932,14.634
Mon,6/2/2025,16.094,16.837,34.605,26.917,15.079
Fri,5/30/2025,15.886,18.904,34.597,26.97,15.965
Thu,5/29/2025,16.444,18.882,34.604,26.985,15.877
Wed,5/28/2025,16.454,20.491,34.672,27.054,15.945
Tue,5/27/2025,16.115,20.373,34.744,27.041,15.511
Mon,5/26/2025, , , , , 
Fri,5/23/2025,11.949,19.736,34.471,26.847,19.449
Thu,5/22/2025,20.671,20.019,34.744,26.881,17.483
Wed,5/21/2025,20.688,23.132,34.918,26.939,17.791
Tue,5/20/2025,16.891,34.552,34.694,26.813,15.602
Mon,5/19/2025,15.885,35.052,34.735,26.866,15.224
Fri,5/16/2025,17.524,35.106,35.353,26.892,14.646
Thu,5/15/2025,18.693,40.446,35.341,26.925,14.913
Wed,5/14/2025,19.475,43.419,35.588,26.917,15.496
Tue,5/13/2025,19.28,43.449,35.677,27.351,14.604
Mon,5/12/2025,19.423,43.419,35.757,27.33,15.093
Fri,5/9/2025,11.129,42.395,35.174,26.819,19.392
Thu,5/8/2025,11.022,42.834,35.385,26.819,19.416
Wed,5/7/2025,11.192,42.803,35.524,26.809,20.039
Tue,5/6/2025,14.527,42.893,35.503,26.835,20.915
Mon,5/5/2025,13.618,42.849,35.479,26.814,19.499
Fri,5/2/2025,13.692,43.15,35.47,26.812,19.072
Thu,5/1/2025,22.813,42.917,35.461,26.7,21.187
Wed,4/30/2025,22.987,42.87,35.415,26.675,21.043
Tue,4/29/2025,27.712,43.002,35.42,26.696,20.612
Mon,4/28/2025,27.79,43.068,35.389,26.675,21.411
Fri,4/25/2025,27.907,43.122,35.386,26.68,21.434
Thu,4/24/2025,28.965,43.552,35.437,26.667,22.575
Wed,4/23/2025,34.088,43.271,35.055,26.449,24.536
Tue,4/22/2025,60.324,42.963,34.777,26.315,26.285
Mon,4/21/2025,60.292,42.188,34.244,25.977,28.788
Fri,4/18/2025, , , , , 
Thu,4/17/2025,58.362,42.361,33.933,25.729,25.99
Wed,4/16/2025,68.405,42.42,33.953,25.747,27.875
Tue,4/15/2025,72.4,42.24,33.662,25.506,24.929
Mon,4/14/2025,72.685,42.442,33.733,25.518,26.086
Fri,4/11/2025,72.487,42.423,33.673,25.489,32.495
Thu,4/10/2025,71.51,42.133,33.335,25.379,35.067
Wed,4/9/2025,69.964,41.408,32.503,24.776,26.842
Tue,4/8/2025,40.055,29.76,24.053,19.696,42.324
Mon,4/7/2025,40.107,29.662,24.078,19.564,38.599
Fri,4/4/2025,40.55,29.646,24.213,19.569,37.467
Thu,4/3/2025,31.876,24.046,20.031,16.95,25.407
Wed,4/2/2025,17.412,19.908,16.775,15.023,18.307
Tue,4/1/2025,16.976,19.701,16.76,15.537,18.529
Mon,3/31/2025,17.974,19.661,16.882,15.655,18.743
Fri,3/28/2025,18.448,19.558,17.01,15.633,19.171
Thu,3/27/2025,15.207,18.867,16.436,15.312,16.395
Wed,3/26/2025,18.256,19.251,16.999,15.603,15.859
Tue,3/25/2025,19.039,19.04,16.813,15.507,14.563
Mon,3/24/2025,19.015,19.024,16.813,15.507,14.96
Fri,3/21/2025,17.906,18.269,16.65,15.245,17.021
Thu,3/20/2025,23.535,18.377,16.655,15.244,17.285
Wed,3/19/2025,23.884,18.468,16.821,15.245,17.3
Tue,3/18/2025,24.192,18.131,16.665,15.208,18.892
Mon,3/17/2025,25.17,18.171,16.802,15.114,17.595
Fri,3/14/2025,25.15,18.063,16.722,15.076,19.214
Thu,3/13/2025,20.83,16.548,15.924,14.681,21.821
Wed,3/12/2025,24.101,16.394,15.803,14.516,20.957
Tue,3/11/2025,23.906,16.237,15.893,14.514,22.712
Mon,3/10/2025,24.245,16.564,15.833,14.514,22.626
Fri,3/7/2025,20.733,15.166,14.875,13.887,19.78
Thu,3/6/2025,19.915,14.991,14.921,13.893,20.956
Wed,3/5/2025,19.759,14.323,14.582,13.585,18.08
Tue,3/4/2025,17.223,13.993,14.343,13.514,19.005
Mon,3/3/2025,17.509,13.913,15.655,13.45,17.807
Fri,2/28/2025,16.109,13.245,15.154,13.224,15.686
Thu,2/27/2025,11.823,12.336,14.709,13.059,17.526
Wed,2/26/2025,12.131,12.592,14.26,12.789,15.505
Tue,2/25/2025,12.082,12.592,14.307,12.789,15.24
Mon,2/24/2025,12.032,12.482,14.405,12.861,14.825
Fri,2/21/2025,12.569,13.316,14.376,12.845,14.102
Thu,2/20/2025,9.494,12.125,13.882,12.519,11.43
Wed,2/19/2025,9.1,12.578,13.853,12.504,11.228
Tue,2/18/2025,9.184,12.646,13.852,12.508,11.164
Mon,2/17/2025, , , , , 
Fri,2/14/2025,9.657,13.099,13.909,12.508,11.489
Thu,2/13/2025,10.999,13.138,13.909,12.512,11.863
Wed,2/12/2025,9.97,12.934,13.714,12.419,12.829
Tue,2/11/2025,10.271,13.356,13.756,12.682,11.959
Mon,2/10/2025,10.651,13.807,13.788,12.696,12.188
Fri,2/7/2025,11.229,13.658,13.764,12.659,13.209
Thu,2/6/2025,12.911,13.722,13.591,12.549,12.279
Wed,2/5/2025,12.734,13.838,13.588,12.562,12.559
Tue,2/4/2025,12.931,14.136,13.612,12.599,13.719
Mon,2/3/2025,12.723,14.013,13.519,12.657,14.977
Fri,1/31/2025,12.99,16.599,13.415,12.592,13.383
Thu,1/30/2025,13.286,16.569,13.372,12.667,12.522
Wed,1/29/2025,13.375,16.531,13.707,13.001,13.188
Tue,1/28/2025,15.341,16.469,13.738,12.985,12.905
Mon,1/27/2025,15.099,16.301,13.578,12.921,13.796
Fri,1/24/2025,10.687,15.871,13.147,13.177,11.621
Thu,1/23/2025,15.041,15.873,13.126,13.249,11.469
Wed,1/22/2025,15.046,15.914,13.1,13.23,11.545
Tue,1/21/2025,16.759,15.821,13.134,13.248,11.789
Mon,1/20/2025, , , , , 
Fri,1/17/2025,16.385,15.585,14.183,13.184,13.193
Thu,1/16/2025,16.892,15.385,14.271,13.11,13.35
Wed,1/15/2025,16.9,15.381,14.28,13.22,13.174
Tue,1/14/2025,13.605,14.287,13.709,12.997,15.406
Mon,1/13/2025,14.415,14.414,14.408,13.012,15.502
Fri,1/10/2025,14.847,14.417,14.425,13.016,16.213
Thu,1/9/2025, , , , , 
Wed,1/8/2025,13.138,13.838,13.959,12.838,14.641
Tue,1/7/2025,14.889,13.864,13.967,12.839,14.892
Mon,1/6/2025,14.163,13.491,13.703,12.931,12.95
Fri,1/3/2025,14.993,13.484,13.659,12.918,13.451
Thu,1/2/2025,13.416,12.927,13.541,13.035,14.755
Wed,1/1/2025, , , , , 
Tue,12/31/2024,20.993,12.973,13.531,13.025,14.106
Mon,12/30/2024,20.986,12.958,13.5,13.01,14.006
Fri,12/27/2024,20.716,13.177,13.28,13.333,12.683
Thu,12/26/2024,19.881,12.86,13,13.261,11.397
Wed,12/25/2024, , , , , 
Tue,12/24/2024,20.076,12.858,13.03,13.335,11.059
Mon,12/23/2024,19.584,12.455,12.945,14.216,13.439
Fri,12/20/2024,18.921,12.248,12.958,14.532,14.971
Thu,12/19/2024,17.234,11.824,12.795,14.632,17.832
Wed,12/18/2024,17.533,12.065,12.804,14.832,18.733
Tue,12/17/2024,7.597,10.678,10.747,13.988,11.964
Mon,12/16/2024,8.085,10.998,10.863,13.965,11.102
Fri,12/13/2024,7.831,11.082,11.133,14.051,10.369
Thu,12/12/2024,7.933,11.084,11.277,14.087,10.815
Wed,12/11/2024,7.526,12.545,11.19,14.601,10.376
Tue,12/10/2024,6.849,12.456,11.077,14.558,10.844
Mon,12/9/2024,7.108,12.39,11.301,14.633,10.618
Fri,12/6/2024,5.557,12.174,11.197,14.646,9.653
Thu,12/5/2024,5.597,12.184,11.207,14.713,9.998
Wed,12/4/2024,5.158,12.139,11.204,14.903,9.848
Tue,12/3/2024,5.072,12.486,11.169,14.907,9.96
Mon,12/2/2024,4.968,12.494,11.173,14.91,10.061
Fri,11/29/2024,4.99,12.518,11.175,14.928,10.239
Thu,11/28/2024, , , , , 
Wed,11/27/2024,9.816,12.471,11.148,14.987,10.577
Tue,11/26/2024,10.236,12.391,11.668,15.048,10.515
Mon,11/25/2024,9.773,12.358,11.665,15.026,10.971
Fri,11/22/2024,9.709,12.607,11.659,15.022,11.978
Thu,11/21/2024,9.46,12.757,11.647,15.035,13.21
Wed,11/20/2024,9.157,12.782,11.648,15.033,13.646
Tue,11/19/2024,10.233,12.809,11.736,15.058,13.066
Mon,11/18/2024,17.017,12.916,11.916,15.052,12.624
Fri,11/15/2024,17.863,13.154,11.923,15.064,12.943
Thu,11/14/2024,15.481,12.826,11.629,14.889,11.38
Wed,11/13/2024,14.202,12.826,12.325,14.846,11.401
Tue,11/12/2024,19.214,12.859,12.369,14.854,11.719
Mon,11/11/2024,19.257,12.792,12.346,14.855,11.742
Fri,11/8/2024,19.237,13.216,13.44,14.861,11.769
Thu,11/7/2024,19.236,13.225,13.582,14.864,11.898
Wed,11/6/2024,19.123,13.112,13.51,14.828,12.521
Tue,11/5/2024,13.38,10.877,12.394,14.336,16.002
Mon,11/4/2024,11.744,10.254,12.092,14.211,17.448
Fri,11/1/2024,11.802,10.248,12.097,14.204,17.9
Thu,10/31/2024,11.156,10.209,12.336,14.25,18.412
Wed,10/30/2024,6.43,8.415,11.695,13.896,16.221
Tue,10/29/2024,6.207,9.622,11.685,13.882,15.409
Mon,10/28/2024,6.693,9.702,11.701,13.885,15.559
Fri,10/25/2024,7.662,9.694,11.873,13.883,16.347
Thu,10/24/2024,8.981,9.685,11.872,13.995,15.584
Wed,10/23/2024,9.523,9.766,12.366,13.994,15.525
Tue,10/22/2024,7.809,9.379,12.131,13.894,14.44
Mon,10/21/2024,8.343,9.711,12.614,13.937,14.333
Fri,10/18/2024,8.906,9.652,12.592,13.977,14.099
Thu,10/17/2024,11.241,10.024,12.599,14.036,14.549
Wed,10/16/2024,11.791,11.669,13.473,14.036,14.911
Tue,10/15/2024,11.947,11.737,13.662,14.057,15.398
Mon,10/14/2024,10.549,11.421,13.592,14.053,14.807
Fri,10/11/2024,11.93,13.248,15.504,14.023,15.724
Thu,10/10/2024,11.72,13.443,16.154,14,15.999
Wed,10/9/2024,11.663,13.411,16.504,13.992,15.871
Tue,10/8/2024,11.244,13.451,16.793,13.955,16.394
Mon,10/7/2024,9.835,13.17,16.73,13.888,17.496
Fri,10/4/2024,8.305,12.847,16.547,13.896,13.518
Thu,10/3/2024,6.839,13.016,16.608,13.849,14.911
Wed,10/2/2024,6.86,13.324,16.659,13.844,14.205
Tue,10/1/2024,11.4,13.369,17.586,13.843,14.395
Mon,9/30/2024,9.757,13.032,17.438,13.756,12.227
Fri,9/27/2024,9.761,13.26,17.573,13.748,12.727
Thu,9/26/2024,9.576,13.241,17.664,13.743,11.722
Wed,9/25/2024,9.682,13.943,17.755,13.816,11.607
Tue,9/24/2024,9.619,13.914,18.061,13.929,11.399
Mon,9/23/2024,10.303,14.609,18.109,13.985,11.663
Fri,9/20/2024,10.257,14.624,18.109,14.004,12.188
Thu,9/19/2024,10.012,14.582,18.14,14.268,12.283
Wed,9/18/2024,14.145,15.221,17.846,14.038,13.93
Tue,9/17/2024,14.16,15.454,17.986,14.102,13.584
Mon,9/16/2024,14.282,15.611,17.987,14.132,13.426
Fri,9/13/2024,19.079,18.522,17.986,14.132,13.433
Thu,9/12/2024,19.694,19.45,17.987,14.224,13.949
Wed,9/11/2024,19.185,19.824,17.943,14.24,14.523
Tue,9/10/2024,18.029,20.127,17.832,14.245,15.657
Mon,9/9/2024,17.727,20.147,17.812,14.242,15.85
Fri,9/6/2024,15.452,19.834,17.63,14.175,18.017
Thu,9/5/2024,15.424,19.381,17.164,13.869,15.724
Wed,9/4/2024,15.956,19.43,17.152,14.014,16.094
Tue,9/3/2024,16.309,20.714,17.168,14.23,14.847
Mon,9/2/2024, , , , , 
Fri,8/30/2024,11.06,19.652,16.417,13.808,11.723
Thu,8/29/2024,10.961,19.684,16.275,13.828,12.473
Wed,8/28/2024,10.968,19.819,16.289,13.828,13.569
Tue,8/27/2024,12.666,19.881,16.227,13.786,12.292
Mon,8/26/2024,12.618,20.327,16.307,13.885,12.642
Fri,8/23/2024,13.604,20.403,16.284,14.036,12.77
Thu,8/22/2024,13.471,20.117,16.095,13.928,14
Wed,8/21/2024,10.713,20.003,16.037,13.9,13.033
Tue,8/20/2024,13.832,20.14,16.024,13.894,12.789
Mon,8/19/2024,15.466,20.369,16.014,13.888,11.969
Fri,8/16/2024,15.497,20.157,15.889,13.87,12.405
Thu,8/15/2024,25.735,20.15,15.888,13.88,12.553
Wed,8/14/2024,27.165,19.604,15.696,13.661,13.536
Tue,8/13/2024,28.032,19.633,15.679,13.653,14.992
Mon,8/12/2024,27.814,19.022,15.215,13.397,16.775
Fri,8/9/2024,27.831,19.049,15.319,13.47,17.182
Thu,8/8/2024,27.587,18.999,15.356,13.479,19.238
Wed,8/7/2024,24.595,17.523,14.502,13.007,22.133
Tue,8/6/2024,24.511,17.451,14.399,12.988,21.754
Mon,8/5/2024,24.862,17.153,14.287,12.891,27.815
Fri,8/2/2024,20.769,14.675,12.536,11.893,19.32
Thu,8/1/2024,20.259,13.604,11.762,11.612,15.964
Wed,7/31/2024,19.205,12.96,11.281,11.374,14.127
Tue,7/30/2024,16.8,12.072,10.727,11.169,15.178
Mon,7/29/2024,17.809,12.202,10.65,11.242,14.216
Fri,7/26/2024,18.539,12.202,10.668,11.265,14.093
Thu,7/25/2024,16.91,11.752,10.702,11.277,15.514
Wed,7/24/2024,17.699,11.919,10.659,11.242,14.776
Tue,7/23/2024,13.513,9.382,9.018,10.599,12.273
Mon,7/22/2024,14.907,9.349,8.994,10.614,12.098
Fri,7/19/2024,13.405,8.91,8.765,10.5,13.596
Thu,7/18/2024,12.968,8.557,8.546,10.42,12.696
Wed,7/17/2024,12.461,8.646,8.268,10.35,11.68
Tue,7/16/2024,8.593,7.107,7.662,10.056,10.533
Mon,7/15/2024,8.57,7.009,7.971,10.523,10.644
Fri,7/12/2024,8.572,7.217,8.128,10.52,10.031
Thu,7/11/2024,9.227,7.573,8.198,10.562,10.479
Wed,7/10/2024,6.629,7.395,8.842,10.482,10.295
Tue,7/9/2024,5.096,6.972,8.636,10.406,10.107
Mon,7/8/2024,5.094,7.138,8.842,10.495,9.885
Fri,7/5/2024,5.897,7.666,8.97,10.771,10.157
Thu,7/4/2024, , , , , 
Wed,7/3/2024,5.796,7.68,8.939,10.752,10.166
Tue,7/2/2024,5.621,7.603,9.208,10.759,10.118
Mon,7/1/2024,4.673,7.451,9.289,10.726,10.149
Fri,6/28/2024,6.12,7.435,9.613,10.787,10.56
Thu,6/27/2024,5.491,7.329,9.561,10.757,10.463
Wed,6/26/2024,5.537,7.978,9.718,10.779,10.641
Tue,6/25/2024,6.8,8.04,9.755,10.891,10.606
Mon,6/24/2024,6.715,8.025,10.233,11.035,10.987
Fri,6/21/2024,6.038,7.901,10.829,11.371,11.01
Thu,6/20/2024,5.946,7.903,10.91,11.366,10.986
Wed,6/19/2024, , , , , 
Tue,6/18/2024,5.418,7.809,11.155,11.399,10.65
Mon,6/17/2024,7.272,7.809,11.15,11.4,10.63
Fri,6/14/2024,6.948,8.026,11.045,11.371,10.735
Thu,6/13/2024,6.748,8.578,11.286,11.368,10.132
Wed,6/12/2024,7.174,8.807,11.702,11.37,10.225
Tue,6/11/2024,8.286,8.799,11.563,11.308,11.253
Mon,6/10/2024,9.758,10.332,11.695,11.449,10.88
Fri,6/7/2024,9.727,10.339,11.697,11.514,10.896
Thu,6/6/2024,10.15,10.608,11.693,11.561,11.11
Wed,6/5/2024,11.283,10.773,11.843,11.586,11.055
Tue,6/4/2024,9.288,10.333,11.57,11.455,11.467
Mon,6/3/2024,9.377,10.794,11.591,11.458,11.002
Fri,5/31/2024,9.366,10.985,11.595,11.482,11.094
Thu,5/30/2024,7.956,11.293,11.471,11.433,11.963
Wed,5/29/2024,7.469,11.115,11.558,11.569,11.539
Tue,5/28/2024,8.93,11.004,11.475,11.485,10.352
Mon,5/27/2024, , , , , 
Fri,5/24/2024,9.1,11.054,11.549,11.509,9.972
Thu,5/23/2024,8.566,11.653,11.572,11.567,10.71
Wed,5/22/2024,6.916,12.32,11.451,11.536,10.344
Tue,5/21/2024,6.458,12.432,11.441,11.537,9.936
Mon,5/20/2024,6.637,12.816,11.69,11.536,10.118
Fri,5/17/2024,6.607,12.818,11.698,11.536,10.276
Thu,5/16/2024,7.69,12.821,11.816,11.547,10.52
Wed,5/15/2024,8.155,13.162,12.007,11.536,10.525
Tue,5/14/2024,7.597,13.336,11.78,11.504,11.578
Mon,5/13/2024,8.837,13.263,12.001,11.772,12.01
Fri,5/10/2024,13.85,13.445,12.005,11.798,10.679
Thu,5/9/2024,13.851,13.445,12.131,11.811,11.158
Wed,5/8/2024,14.421,13.351,12.134,11.794,11.297
Tue,5/7/2024,14.934,13.62,12.143,11.796,11.603
Mon,5/6/2024,14.975,13.635,12.145,11.97,11.831
Fri,5/3/2024,15.275,13.259,11.959,11.89,11.859
Thu,5/2/2024,14.597,12.613,11.603,11.752,13.428
Wed,5/1/2024,14.994,12.288,12.401,11.688,13.729
Tue,4/30/2024,14.912,12.644,12.375,11.721,13.819
Mon,4/29/2024,12.083,11.91,11.879,11.421,12.518
Fri,4/26/2024,12.162,12.029,11.922,11.419,13.053
Thu,4/25/2024,12.495,11.739,11.768,11.371,13.333
Wed,4/24/2024,14.308,11.697,11.906,11.362,13.777
Tue,4/23/2024,15.285,11.7,12.35,11.369,13.506
Mon,4/22/2024,13.162,11.627,12.042,11.235,14.381
Fri,4/19/2024,11.271,11.254,11.944,11.164,16.157
Thu,4/18/2024,11.292,11.13,11.769,11.061,15.646
Wed,4/17/2024,13.978,11.618,11.904,11.049,15.755
Tue,4/16/2024,14.873,11.621,11.826,11.004,15.74
Mon,4/15/2024,15.065,11.996,11.842,11.004,16.264
Fri,4/12/2024,14.335,11.447,11.697,10.836,14.697
Thu,4/11/2024,12.346,10.758,11.408,10.517,12.682
Wed,4/10/2024,11.345,10.65,12.021,10.472,13.21
Tue,4/9/2024,11.558,10.208,11.774,10.319,12.59
Mon,4/8/2024,11.627,10.209,11.865,10.698,12.626
Fri,4/5/2024,11.719,10.3,11.868,10.7,13.531
Thu,4/4/2024,9.363,9.795,11.682,10.827,13.662
Wed,4/3/2024,7.257,10.778,11.241,10.701,12.418
Tue,4/2/2024,8.778,10.777,11.246,10.701,12.162
Mon,4/1/2024,7.701,10.689,11.059,10.6,11.092
Fri,3/29/2024, , , , , 
Thu,3/28/2024,7.581,10.809,11.289,10.581,10.753
Wed,3/27/2024,9.126,10.884,11.396,10.649,10.535
Tue,3/26/2024,8.535,10.943,11.427,10.937,11.193
Mon,3/25/2024,8.426,11.82,11.449,10.991,10.958
Fri,3/22/2024,9.619,11.764,11.396,10.978,11.052
Thu,3/21/2024,9.584,11.8,11.385,11.071,10.984
Wed,3/20/2024,10.724,11.793,11.415,11.132,11.038
Tue,3/19/2024,11.057,11.757,11.322,11.317,11.704
Mon,3/18/2024,11,11.691,11.64,11.617,12.147
Fri,3/15/2024,12.201,11.668,11.593,11.627,12.618
Thu,3/14/2024,11.645,11.761,11.495,11.56,11.99
Wed,3/13/2024,12.137,12.098,11.671,11.777,11.516
Tue,3/12/2024,12.089,13.255,11.766,11.882,11.569
Mon,3/11/2024,10.947,12.942,11.596,12.04,12.676
Fri,3/8/2024,10.886,13.05,11.584,12.035,12.427
Thu,3/7/2024,10.337,12.825,11.431,12.046,12.181
Wed,3/6/2024,8.875,12.605,11.267,12.015,12.149
Tue,3/5/2024,14.116,12.56,11.234,12.069,11.921
Mon,3/4/2024,12.037,12.026,11.076,11.922,11.003
Fri,3/1/2024,12.888,11.986,11.7,11.927,10.793
Thu,2/29/2024,13.077,12.247,11.647,11.906,10.704
Wed,2/28/2024,13.136,12.374,11.636,12.004,11.005
Tue,2/27/2024,13.622,12.548,11.618,12.002,10.701
Mon,2/26/2024,16.292,12.673,11.621,12.045,10.899
Fri,2/23/2024,16.088,12.552,11.877,12.277,11.141
Thu,2/22/2024,16.236,12.57,11.887,12.278,11.659
Wed,2/21/2024,11.522,11.21,11.034,11.89,12.229
Tue,2/20/2024,12.398,11.247,11.048,11.911,12.226
Mon,2/19/2024, , , , , 
Fri,2/16/2024,11.772,11.597,10.99,11.849,11.657
Thu,2/15/2024,11.523,11.394,10.962,12.102,11.32
Wed,2/14/2024,12.358,11.474,10.939,12.088,11.458
Tue,2/13/2024,13.001,11.624,10.912,12.031,12.072
Mon,2/12/2024,14.028,10.865,10.343,12.131,11.175
Fri,2/9/2024,14.004,10.923,10.329,12.251,10.746
Thu,2/8/2024,14.184,10.858,10.314,12.241,10.576
Wed,2/7/2024,14.25,10.854,10.311,12.241,10.468
Tue,2/6/2024,13.934,10.691,10.24,12.376,10.458
Mon,2/5/2024,13.945,10.688,10.242,12.433,10.851
Fri,2/2/2024,13.621,10.908,10.192,12.414,11.172
Thu,2/1/2024,12.698,11.641,10.014,12.363,11.17
Wed,1/31/2024,12.649,11.2,9.782,12.256,11.866
Tue,1/30/2024,7.241,9.928,8.855,11.932,10.915
Mon,1/29/2024,8.7,9.919,8.839,11.949,11.011
Fri,1/26/2024,9.188,9.749,8.737,11.971,10.918
Thu,1/25/2024,9.064,10.39,9.57,11.996,10.988
Wed,1/24/2024,9.064,10.371,9.565,11.975,10.75
Tue,1/23/2024,9.236,10.386,10.052,11.982,10.332
Mon,1/22/2024,9.47,10.402,10.333,11.987,10.83
Fri,1/19/2024,11.467,10.557,10.335,12.187,11.014
Thu,1/18/2024,10.122,10.224,10.056,12.077,11.737
Wed,1/17/2024,9.649,9.994,9.924,12.046,12.177
Tue,1/16/2024,10.243,9.98,9.924,12.225,11.383
Mon,1/15/2024, , , , , 
Fri,1/12/2024,10.554,9.947,10.544,12.315,10.851
Thu,1/11/2024,10.682,9.965,10.694,12.329,10.704
Wed,1/10/2024,10.678,9.971,10.699,12.365,10.887
Tue,1/9/2024,10.187,9.897,10.886,12.342,10.886
Mon,1/8/2024,10.453,9.911,10.986,12.415,11.117
Fri,1/5/2024,6.517,9.122,11.183,12.297,11.883
Thu,1/4/2024,8.908,9.164,11.833,12.453,12.43
Wed,1/3/2024,11.844,9.108,11.822,12.466,12.262
Tue,1/2/2024,11.698,8.824,11.612,12.39,11.582
Mon,1/1/2024, , , , , 
Fri,12/29/2023,11.353,8.524,11.979,12.347,11.013
Thu,12/28/2023,11.131,8.399,12.179,12.398,10.862
Wed,12/27/2023,11.124,8.384,12.694,12.423,11.008
Tue,12/26/2023,12.797,9.766,12.701,12.496,11.262
Mon,12/25/2023, , , , , 
Fri,12/22/2023,12.809,9.812,12.849,12.52,11.987
Thu,12/21/2023,12.782,10.542,12.949,12.528,12.114
Wed,12/20/2023,12.118,10.806,12.923,12.642,12.014
Tue,12/19/2023,6.136,9.418,12.359,12.409,10.985
Mon,12/18/2023,7.825,9.375,12.348,12.379,11.069
Fri,12/15/2023,8.213,9.365,12.376,12.456,10.644
Thu,12/14/2023,9.402,9.526,12.574,12.505,10.471
Wed,12/13/2023,9.523,10.609,12.597,12.499,10.507
Tue,12/12/2023,7.303,10.377,12.387,12.317,10.331
Mon,12/11/2023,7.333,10.409,12.888,12.312,11.076
Fri,12/8/2023,7.205,10.707,12.88,12.297,11.216
Thu,12/7/2023,7.18,11.016,12.9,12.331,11.77
Wed,12/6/2023,5.683,11.852,12.851,12.269,11.65
Tue,12/5/2023,5.593,12.793,12.796,12.306,11.359
Mon,12/4/2023,5.753,12.833,13.324,12.32,11.168
Fri,12/1/2023,5.543,12.659,13.252,12.288,11.001
Thu,11/30/2023,5.02,13.447,13.232,12.327,10.879
Wed,11/29/2023,4.82,13.817,13.823,12.368,10.787
Tue,11/28/2023,4.648,14.543,14.014,12.411,10.39
Mon,11/27/2023,10.431,14.55,14.027,12.415,10.359
Fri,11/24/2023,10.259,14.764,14.015,12.42,10.211
Thu,11/23/2023, , , , , 
Wed,11/22/2023,11.857,14.902,14.319,12.493,10.695
Tue,11/21/2023,13.879,15.064,14.416,12.482,11.02
Mon,11/20/2023,13.553,15.055,14.407,12.478,10.877
Fri,11/17/2023,13.428,14.99,14.379,12.575,11.504
Thu,11/16/2023,13.403,15.062,14.457,12.593,11.463
Wed,11/15/2023,13.611,15.366,14.457,12.592,11.786
Tue,11/14/2023,15.347,15.396,14.475,12.719,11.737
Mon,11/13/2023,13.727,14.603,13.874,12.376,12.739
Fri,11/10/2023,13.16,15.295,13.902,12.44,12.023
Thu,11/9/2023,12.485,14.62,13.399,12.196,13.19
Wed,11/8/2023,11.342,14.414,13.288,12.155,12.365
Tue,11/7/2023,14.902,14.498,13.323,12.178,12.421
Mon,11/6/2023,18.23,14.485,13.742,12.182,12.427
Fri,11/3/2023,18.341,15.212,13.817,12.339,12.934
Thu,11/2/2023,18.187,14.995,13.731,12.244,13.659
Wed,11/1/2023,16.841,13.836,13.322,11.909,14.954
Tue,10/31/2023,15.678,14.165,13.347,11.882,16.035
Mon,10/30/2023,15.366,14.118,13.24,11.834,17.345
Fri,10/27/2023,11.939,13.419,13.018,11.712,18.981
Thu,10/26/2023,15.151,13.44,12.993,11.703,18.273
Wed,10/25/2023,14.573,13.462,12.84,11.557,17.791
Tue,10/24/2023,13.321,13.321,12.546,11.324,16.273
Mon,10/23/2023,12.636,13.064,12.635,11.506,17.466
Fri,10/20/2023,13.497,13.112,12.738,11.611,18.548
Thu,10/19/2023,12.867,12.942,12.445,11.468,17.935
Wed,10/18/2023,13.505,12.777,12.317,11.38,16.222
Tue,10/17/2023,10.337,12.208,12.042,11.339,14.681
Mon,10/16/2023,10.52,12.349,12.071,11.416,14.189
Fri,10/13/2023,13.205,11.853,11.998,11.371,15.985
Thu,10/12/2023,12.721,11.839,12.003,11.496,14.191
Wed,10/11/2023,12.139,11.737,11.94,11.444,13.657
Tue,10/10/2023,12.267,11.718,12.268,11.431,14.32
Mon,10/9/2023,12.157,12.476,12.186,11.498,15.092
Fri,10/6/2023,14.576,12.474,12.077,11.607,15.485
Thu,10/5/2023,12.922,12.09,11.973,11.512,16.269
Wed,10/4/2023,12.925,12.666,12.031,11.517,16.284
Tue,10/3/2023,13.618,12.895,11.828,11.451,17.13
Mon,10/2/2023,12.814,12.305,11.51,11.222,15.543
Fri,9/29/2023,12.64,12.52,11.57,11.241,15.368
Thu,9/28/2023,12.904,12.504,11.569,11.259,15.068
Wed,9/27/2023,12.127,12.518,11.523,11.223,15.756
Tue,9/26/2023,14.09,12.663,11.549,11.595,15.912
Mon,9/25/2023,13.023,12.376,11.258,11.392,14.391
Fri,9/22/2023,12.316,12.453,11.254,11.444,14.918
Thu,9/21/2023,13.651,12.448,11.249,11.604,14.93
Wed,9/20/2023,11.141,11.492,10.823,11.269,12.978
Tue,9/19/2023,10.104,11.341,10.749,11.217,11.886
Mon,9/18/2023,10.675,11.388,10.846,11.606,11.545
Fri,9/15/2023,10.734,11.733,10.857,11.632,11.542
Thu,9/14/2023,8.678,11.248,10.482,11.758,10.417
Wed,9/13/2023,7.016,10.966,10.485,11.693,11.335
Tue,9/12/2023,7.43,11.679,10.493,11.693,11.913
Mon,9/11/2023,10.441,11.597,10.408,11.697,11.251
Fri,9/8/2023,10.367,11.388,10.668,11.657,11.729
Thu,9/7/2023,10.768,11.821,10.709,11.657,12.31
Wed,9/6/2023,13.455,11.925,10.678,11.646,12.082
Tue,9/5/2023,13.567,11.768,10.827,11.586,11.492
Mon,9/4/2023, , , , , 
Fri,9/1/2023,13.351,11.753,10.834,11.728,11.219
Thu,8/31/2023,13.492,11.808,11.004,11.757,11.543
Wed,8/30/2023,13.338,11.802,11.015,11.75,11.698
Tue,8/29/2023,14.662,11.897,11.074,11.741,12.168
Mon,8/28/2023,13.493,11.007,10.642,11.541,12.933
Fri,8/25/2023,14.156,11.061,10.577,11.518,13.684
Thu,8/24/2023,13.971,10.911,10.835,11.525,14.975
Wed,8/23/2023,12.172,10.195,10.356,11.3,13.857
Tue,8/22/2023,9.954,9.952,10.169,11.393,14.664
Mon,8/21/2023,10.321,10.213,10.353,11.405,14.591
Fri,8/18/2023,8.643,10.204,10.246,11.566,14.98
Thu,8/17/2023,10.954,10.236,10.332,11.572,15.541
Wed,8/16/2023,10.665,10.005,10.201,11.484,14.616
Tue,8/15/2023,10.208,10.032,10.027,11.42,13.921
Mon,8/14/2023,10.975,9.396,9.62,11.229,12.583
Fri,8/11/2023,9.893,9.248,10.052,11.575,12.876
Thu,8/10/2023,10.15,9.92,10.233,11.726,13.514
Wed,8/9/2023,12.183,9.987,10.375,11.79,13.497
Tue,8/8/2023,12.099,9.7,10.195,11.883,13.044
Mon,8/7/2023,12.015,10.049,10.449,12.131,12.625
Fri,8/4/2023,10.701,9.924,10.439,12.147,13.879
Thu,8/3/2023,10.904,10.088,10.523,12.337,12.909
Wed,8/2/2023,10.867,10.062,10.899,12.329,13.001
Tue,8/1/2023,8.398,9.148,10.284,12.351,11.38
Mon,7/31/2023,8.26,9.255,10.259,12.761,10.98
Fri,7/28/2023,8.928,9.378,10.406,12.761,10.995
Thu,7/27/2023,7.581,9.595,10.497,12.974,11.536
Wed,7/26/2023,6.362,9.294,10.495,12.914,10.72
Tue,7/25/2023,7.292,9.415,10.485,13.132,11.16
Mon,7/24/2023,7.785,9.677,10.517,13.169,11.008
Fri,7/21/2023,8.048,9.659,10.54,13.199,11.054
Thu,7/20/2023,7.886,9.729,10.55,13.217,11.439
Wed,7/19/2023,6.386,9.516,10.463,13.154,11.198
Tue,7/18/2023,9.015,9.516,10.469,13.296,10.838
Mon,7/17/2023,8.885,9.471,11.068,13.278,10.808
Fri,7/14/2023,8.787,10.179,11.271,13.279,10.974
Thu,7/13/2023,10.352,10.37,11.441,13.723,10.934
Wed,7/12/2023,9.862,10.528,11.746,13.682,10.962
Tue,7/11/2023,9.458,10.416,11.67,13.848,11.811
Mon,7/10/2023,10.56,10.845,11.712,13.817,12.114
Fri,7/7/2023,11.122,11.026,12.429,13.815,12.091
Thu,7/6/2023,11.976,11.299,12.45,13.912,12.591
Wed,7/5/2023,10.804,11.615,12.911,13.841,11.523
Tue,7/4/2023, , , , , 
Mon,7/3/2023,11.333,11.565,12.886,13.923,10.894
Fri,6/30/2023,11.853,11.611,12.887,14.056,10.935
Thu,6/29/2023,9.901,11.412,12.751,14.07,11.287
Wed,6/28/2023,11.863,11.771,12.73,14.099,11.624
Tue,6/27/2023,11.865,12.028,12.726,14.21,11.337
Mon,6/26/2023,10.682,11.674,12.505,14.285,11.71
Fri,6/23/2023,11.444,11.563,12.461,14.351,11.029
Thu,6/22/2023,10.103,11.242,12.602,14.459,10.892
Wed,6/21/2023,10.303,11.256,12.653,14.627,11.328
Tue,6/20/2023,9.973,11.217,12.565,14.597,11.809
Mon,6/19/2023, , , , , 
Fri,6/16/2023,8.929,11.032,12.484,14.66,11.277
Thu,6/15/2023,8.53,11.875,12.433,14.642,11.824
Wed,6/14/2023,9.331,11.906,12.219,14.53,11.427
Tue,6/13/2023,9.607,12.223,12.328,14.639,11.53
Mon,6/12/2023,11.159,12.786,12.269,14.89,11.78
Fri,6/9/2023,10.693,12.557,12.505,14.895,10.729
Thu,6/8/2023,12.031,12.739,12.547,15.136,11.081
Wed,6/7/2023,12.273,13.78,12.845,15.116,11.046
Tue,6/6/2023,13.124,13.781,12.806,15.108,11.022
Mon,6/5/2023,15.409,14.76,12.804,15.112,11.875
Fri,6/2/2023,15.263,14.729,12.812,15.23,11.371
Thu,6/1/2023,13.466,14.148,12.46,15.101,12.516
Wed,5/31/2023,13.377,13.998,12.972,15.031,14.462
Tue,5/30/2023,13.928,13.86,13.154,15.4,14.066
Mon,5/29/2023, , , , , 
Fri,5/26/2023,14.713,13.86,13.266,15.537,14.062
Thu,5/25/2023,13.154,13.342,13.292,15.449,15.329
Wed,5/24/2023,12.256,13.085,13.711,15.414,16.596
Tue,5/23/2023,11.575,13.489,13.7,15.368,15.194
Mon,5/22/2023,9.377,13.075,13.819,15.472,13.782
Fri,5/19/2023,10.001,13.076,13.835,15.617,13.637
Thu,5/18/2023,9.874,13.06,14.318,15.633,12.981
Wed,5/17/2023,12.857,12.816,14.914,15.592,13.86
Tue,5/16/2023,12.51,12.358,14.69,15.686,15.277
Mon,5/15/2023,12.626,12.331,15.067,15.81,14.151
Fri,5/12/2023,14.046,12.349,15.055,15.806,13.754
Thu,5/11/2023,14.049,13.045,15.471,15.882,14.015
Wed,5/10/2023,14.885,13.108,15.538,15.994,14.171
Tue,5/9/2023,18.123,13.658,15.569,16.52,15.178
Mon,5/8/2023,18.044,13.568,15.545,16.533,14.347
Fri,5/5/2023,20.434,13.565,15.553,16.572,14.302
Thu,5/4/2023,17.251,12.595,15.216,16.466,17.358
Wed,5/3/2023,16.994,12.345,15.156,16.468,15.886
Tue,5/2/2023,16.883,13.246,15.061,16.464,15.38
Mon,5/1/2023,15.593,13.109,15.562,16.349,13.428
Fri,4/28/2023,15.588,13.256,15.578,16.53,12.999
Thu,4/27/2023,15.008,13.689,15.807,16.748,14.509
Wed,4/26/2023,9.335,13.461,15.15,16.451,16.793
Tue,4/25/2023,12.463,13.608,15.128,16.44,16.523
Mon,4/24/2023,8.808,13.236,14.909,16.96,14.367
Fri,4/21/2023,8.818,13.281,14.915,16.963,14.28
Thu,4/20/2023,8.819,14.214,15.061,17.16,14.72
Wed,4/19/2023,7.931,15.32,15.22,17.13,14.215
Tue,4/18/2023,8.211,15.313,15.504,17.154,14.368
Mon,4/17/2023,9.105,16.126,15.573,17.285,14.553
Fri,4/14/2023,9.143,16.109,15.738,17.293,14.727
Thu,4/13/2023,11.451,16.711,16.095,17.302,15.656
Wed,4/12/2023,9.788,16.426,15.986,17.186,17.182
Tue,4/11/2023,11.057,16.444,16.295,17.228,17.184
Mon,4/10/2023,11.258,16.49,16.589,17.281,17.01
Fri,4/7/2023, , , , , 
Thu,4/6/2023,11.214,16.5,16.597,17.347,16.563
Wed,4/5/2023,11.261,16.849,16.763,17.4,17.424
Tue,4/4/2023,10.614,16.875,16.75,19.441,16.827
Mon,4/3/2023,14.79,16.765,16.689,19.734,16.206
Fri,3/31/2023,15.666,17.912,16.876,19.743,16.183
Thu,3/30/2023,14.786,17.388,17.098,19.672,16.64
Wed,3/29/2023,16.692,17.742,17.167,19.765,17.543
Tue,3/28/2023,17.544,17.158,17.259,19.729,18.441
Mon,3/27/2023,18.16,17.161,17.261,20.168,18.701
Fri,3/24/2023,19.806,17.562,17.282,20.179,19.218
Thu,3/23/2023,19.901,17.471,17.25,20.198,20.114
Wed,3/22/2023,21.897,17.572,17.491,20.571,20.319
Tue,3/21/2023,22.434,17.21,17.111,20.412,19.173
Mon,3/20/2023,21.15,17.202,16.865,20.348,21.158
Fri,3/17/2023,21.505,16.958,17.526,20.464,22.114
Thu,3/16/2023,21.115,16.925,17.549,20.462,19.767
Wed,3/15/2023,20.701,16.646,17.179,20.617,22.868
Tue,3/14/2023,21.151,16.968,17.123,20.627,21.145
Mon,3/13/2023,18.423,16.801,16.719,20.498,23.898
Fri,3/10/2023,18.394,17.159,17.181,20.572,21.724
Thu,3/9/2023,17.328,16.736,17.072,20.837,20.617
Wed,3/8/2023,15.138,16.215,16.51,20.987,17.944
Tue,3/7/2023,15.446,16.207,16.551,21.368,18.261
Mon,3/6/2023,12.493,15.511,16.505,21.208,17.285
Fri,3/3/2023,17.103,15.893,16.811,21.245,16.672
Thu,3/2/2023,13.7,16.157,16.445,21.15,18.437
Wed,3/1/2023,13.167,16.202,16.523,21.648,19.304
Tue,2/28/2023,13.885,16.831,16.7,21.702,19.152
Mon,2/27/2023,14.061,16.818,17.7,21.698,19.338
Fri,2/24/2023,16.038,16.836,17.737,22.22,20.392
Thu,2/23/2023,15.62,16.547,17.65,22.5,19.649
Wed,2/22/2023,15.349,16.9,17.908,22.644,20.489
Tue,2/21/2023,15.818,16.99,17.99,22.927,19.982
Mon,2/20/2023, , , , , 
Fri,2/17/2023,15.107,15.688,17.41,22.867,17.765
Thu,2/16/2023,15.354,16.829,17.402,22.864,18.04
Wed,2/15/2023,14.514,16.644,17.431,22.81,16.693
Tue,2/14/2023,16.701,16.711,17.952,23.006,17.28
Mon,2/13/2023,17.515,16.81,17.955,23.056,17.501
Fri,2/10/2023,18.155,16.648,17.766,23.177,18.927
Thu,2/9/2023,19.869,17.261,19.096,23.255,18.516
Wed,2/8/2023,19.088,17.486,18.973,23.227,17.225
Tue,2/7/2023,17.97,17.096,19.15,23.183,16.066
Mon,2/6/2023,17.249,16.842,18.938,23.179,16.858
Fri,2/3/2023,16.589,17.421,18.915,23.158,16.198
Thu,2/2/2023,14.886,17.357,18.958,24.205,16.073
Wed,2/1/2023,15.833,16.993,18.725,24.15,15.8
Tue,1/31/2023,17.164,17.164,18.612,24.215,17.226
Mon,1/30/2023,18.801,17.141,18.341,24.125,17.998
Fri,1/27/2023,17.021,18.414,18.186,24.204,16.24
Thu,1/26/2023,17.055,18.513,18.28,24.212,16.758
Wed,1/25/2023,16.251,18.349,18.24,24.216,17.221
Tue,1/24/2023,17.323,18.817,18.36,24.22,17.335
Mon,1/23/2023,17.318,18.97,22.127,24.255,17.703
Fri,1/20/2023,16.685,18.773,22.578,24.245,18.176
Thu,1/19/2023,17.999,17.891,22.211,24.069,19.045
Wed,1/18/2023,18.861,18.263,22.223,24.661,18.742
Tue,1/17/2023,15.557,18.457,22.065,24.65,17.841
Mon,1/16/2023, , , , , 
Fri,1/13/2023,15.87,18.453,22.227,24.655,16.215
Thu,1/12/2023,16.324,18.397,23.042,24.646,17.125
Wed,1/11/2023,17.854,20.626,23.059,24.877,19.679
Tue,1/10/2023,19.426,20.252,22.947,24.859,19.501
Mon,1/9/2023,19.521,20.613,23.569,24.831,20.853
Fri,1/6/2023,19.611,20.615,23.616,24.852,19.609
Thu,1/5/2023,16.983,19.4,23.09,24.555,21.351
Wed,1/4/2023,18.009,19.661,23.234,24.509,21.072
Tue,1/3/2023,17.568,19.507,23.327,24.648,22.237
Mon,1/2/2023, , , , , 
Fri,12/30/2022,18.158,19.568,23.897,24.643,19.836
Thu,12/29/2022,19.068,19.573,23.973,24.898,19.98
Wed,12/28/2022,19.26,18.84,23.716,24.729,21.165
Tue,12/27/2022,18.916,18.818,23.665,24.661,20.68
Mon,12/26/2022, , , , , 
Fri,12/23/2022,20.116,18.946,24.34,24.656,19.377
Thu,12/22/2022,21.88,19.089,25.006,24.632,20.597
Wed,12/21/2022,20.992,24.801,25.377,24.67,18.963
Tue,12/20/2022,19.361,25.289,25.212,24.562,20.33
Mon,12/19/2022,19.216,25.344,25.277,24.562,20.751
Fri,12/16/2022,19.934,25.333,25.246,24.642,20.509
Thu,12/15/2022,21.033,25.332,26.002,24.664,20.795
Wed,12/14/2022,17.079,24.251,25.412,24.684,19.589
Tue,12/13/2022,16.927,25.505,25.367,24.738,21.046
Mon,12/12/2022,24.018,25.491,26.197,24.711,22.561
Fri,12/9/2022,22.645,25.279,26.619,24.649,20.702
Thu,12/8/2022,23.812,26.153,26.826,24.673,20.233
Wed,12/7/2022,23.191,26.175,27.309,24.661,21.231
Tue,12/6/2022,23.642,26.282,27.622,25.051,20.822
Mon,12/5/2022,23.519,26.235,27.378,24.975,19.23
Fri,12/2/2022,20.791,25.655,27.132,24.973,17.31
Thu,12/1/2022,20.651,26.349,27.489,24.979,18.511
Wed,11/30/2022,20.842,26.548,27.582,24.991,19.109
Tue,11/29/2022,13.603,25.336,27.053,24.56,20.351
Mon,11/28/2022,14.534,25.455,27.188,24.634,20.108
Fri,11/25/2022,12.502,25.755,26.967,24.499,18.431
Thu,11/24/2022, , , , , 
Wed,11/23/2022,13.223,27.064,27.029,24.612,18.983
Tue,11/22/2022,31.057,27.879,27.14,24.601,19.982
Mon,11/21/2022,34.201,27.795,26.973,24.509,21.049
Fri,11/18/2022,33.915,27.87,28.83,24.554,21.485
Thu,11/17/2022,34.024,28.049,28.92,24.59,22.219
Wed,11/16/2022,33.9,29.527,29.14,24.584,22.413
Tue,11/15/2022,34.265,29.597,29.119,24.774,22.923
Mon,11/14/2022,38.253,29.542,29.352,24.74,22.38
Fri,11/11/2022,37.85,30.559,29.291,25.166,20.012
Thu,11/10/2022,38.084,31.26,29.326,25.169,21.985
Wed,11/9/2022,26.365,27.505,26.451,23.6,24.699
Tue,11/8/2022,23.93,27.532,26.086,23.672,23.819
Mon,11/7/2022,23.951,28.057,26.147,23.659,23.066
Fri,11/4/2022,25.168,27.962,26.053,24.221,23.201
Thu,11/3/2022,24.866,27.89,26.873,24.236,24.36
Wed,11/2/2022,27.201,28.205,27.066,24.182,24.733
Tue,11/1/2022,22.577,27.234,26.523,24.682,24.399
Mon,10/31/2022,22.946,27.726,26.516,25.131,24.249
Fri,10/28/2022,21.976,27.848,26.891,25.398,23.893
Thu,10/27/2022,22.468,26.906,26.306,25.123,28.04
Wed,10/26/2022,27.31,26.929,26.313,25.164,25.494
Tue,10/25/2022,28.28,27.048,26.311,25.148,26.456
Mon,10/24/2022,28.488,26.573,25.975,25.126,27.818
Fri,10/21/2022,29.031,29.188,25.802,25.235,27.52
Thu,10/20/2022,27.077,28.34,25.497,24.939,27.802
Wed,10/19/2022,31.147,28.849,25.472,24.929,28.274
Tue,10/18/2022,31.402,28.956,26.031,25.255,28.198
Mon,10/17/2022,30.376,29.324,25.841,25.398,28.99
Fri,10/14/2022,31.682,27.988,24.957,25.069,29.317
Thu,10/13/2022,32.172,27.35,24.466,24.815,29.356
Wed,10/12/2022,30.079,25.979,23.559,24.637,30.795
Tue,10/11/2022,31.854,26.012,23.945,24.634,30.785
Mon,10/10/2022,34.156,26.095,23.946,24.63,29.673
Fri,10/7/2022,33.947,26.085,23.919,25.465,27.597
Thu,10/6/2022,30.317,26.653,23.432,25.299,27.146
Wed,10/5/2022,31.434,27.104,23.554,25.256,26.109
Tue,10/4/2022,31.807,27.163,24.365,25.557,25.941
Mon,10/3/2022,27.081,25.159,23.382,25.065,27.277
Fri,9/30/2022,19.703,23.939,22.511,24.824,28.081
Thu,9/29/2022,21.085,23.867,22.367,24.724,28.435
Wed,9/28/2022,19.22,23.465,22.05,25.034,27.601
Tue,9/27/2022,12.128,22.23,21.574,24.818,29.255
Mon,9/26/2022,13.399,22.322,22.57,25.458,29.44
Fri,9/23/2022,23.65,22.448,22.53,25.909,27.031
Thu,9/22/2022,26.168,23.066,22.649,25.791,25.812
Wed,9/21/2022,29.17,23.041,22.575,25.784,26.654
Tue,9/20/2022,29.038,23.78,22.237,26.309,47.284
Mon,9/19/2022,30.737,23.625,22.185,26.576,24.15
Fri,9/16/2022,30.481,23.466,22.294,26.552,24.326
Thu,9/15/2022,30.76,23.418,22.232,26.912,24.745
Wed,9/14/2022,30.279,23.244,22.327,26.879,23.581
Tue,9/13/2022,30.442,23.772,22.328,27.232,24.23
Mon,9/12/2022,18.014,19.821,19.695,26.403,21.282
Fri,9/9/2022,17.796,19.559,19.694,26.337,19.828
Thu,9/8/2022,23.324,19.483,19.565,26.35,21.304
Wed,9/7/2022,24.834,19.737,19.524,26.322,22.2
Tue,9/6/2022,21.448,20.522,19.686,26.195,24.285
Mon,9/5/2022, , , , , 
Fri,9/2/2022,21.527,20.779,19.675,26.268,22.837
Thu,9/1/2022,23.063,20.53,20.682,26.223,22.925
Wed,8/31/2022,22.38,20.698,20.771,26.341,23.317
Tue,8/30/2022,23.176,20.782,20.674,26.32,23.859
Mon,8/29/2022,23.088,20.543,21.133,26.285,23.197
Fri,8/26/2022,23.617,21.864,21.037,26.307,22.754
Thu,8/25/2022,16.934,19.075,20.924,25.812,19.826
Wed,8/24/2022,17.973,19.404,20.94,25.739,20.641
Tue,8/23/2022,17.77,19.488,20.983,25.742,21.873
Mon,8/22/2022,21.718,19.554,23.045,25.853,21.203
Fri,8/19/2022,17.603,18.441,23.537,25.648,17.993
Thu,8/18/2022,15.254,18.332,24.029,25.658,17.823
Wed,8/17/2022,15.51,18.371,24.176,25.685,17.946
Tue,8/16/2022,14.44,18.402,24.19,25.678,17.648
Mon,8/15/2022,15.619,18.392,24.195,25.786,17.459
Fri,8/12/2022,16.943,18.405,24.511,25.849,16.247
Thu,8/11/2022,15.327,18.063,24.553,25.759,17.663
Wed,8/10/2022,16.485,18.403,24.621,25.759,17.437
Tue,8/9/2022,13.911,17.595,24.179,25.593,19.228
Mon,8/8/2022,17.857,18.797,24.812,25.672,18.566
Fri,8/5/2022,19.976,18.833,25.202,25.933,18.257
Thu,8/4/2022,19.725,20.581,25.271,26.164,19.166
Wed,8/3/2022,21.069,20.631,25.357,26.191,19.593
Tue,8/2/2022,20.287,20.33,25.455,26.147,21.418
Mon,8/1/2022,19.313,21.071,25.393,26.135,20.144
Fri,7/29/2022,21.931,20.975,25.428,26.463,18.482
Thu,7/28/2022,23.307,23.489,27.033,26.385,19.357
Wed,7/27/2022,24.192,23.592,27.285,26.738,20.732
Tue,7/26/2022,21.583,22.523,26.618,26.407,22.347
Mon,7/25/2022,20.266,25.405,27.055,26.359,21.489
Fri,7/22/2022,21.523,26.955,27.056,26.546,20.212
Thu,7/21/2022,21.968,27.754,27.244,26.618,21.018
Wed,7/20/2022,21.606,27.696,27.153,26.561,22.47
Tue,7/19/2022,22.692,27.809,28.117,26.802,22.294
Mon,7/18/2022,17.254,26.388,27.34,26.531,23.223
Fri,7/15/2022,16.495,26.667,28.448,26.658,21.876
Thu,7/14/2022,13.92,26.611,28.965,26.493,24.562
Wed,7/13/2022,14.674,26.65,29.006,26.508,25.114
Tue,7/12/2022,14.482,26.666,29.049,26.701,25.099
Mon,7/11/2022,17.643,27.808,30.125,26.674,24.187
Fri,7/8/2022,16.586,28.354,30.654,26.766,22.26
Thu,7/7/2022,23.28,28.515,30.664,26.769,24.171
Wed,7/6/2022,22.566,28.207,31.047,26.793,25.153
Tue,7/5/2022,22.642,28.779,31.073,26.915,25.741
Mon,7/4/2022, , , , , 
Fri,7/1/2022,25.59,28.772,31.625,27.038,24.523
Thu,6/30/2022,25.341,28.599,31.585,27.015,26.441
Wed,6/29/2022,31.727,30.948,31.565,26.992,26.046
Tue,6/28/2022,32.526,31.661,31.867,27.014,25.753
Mon,6/27/2022,29.847,31.138,31.604,27.103,23.924
Fri,6/24/2022,38.101,31.991,31.684,27.161,23.932
Thu,6/23/2022,36.391,30.584,30.914,26.7,26.318
Wed,6/22/2022,36.125,30.731,30.775,26.845,26.38
Tue,6/21/2022,35.736,30.761,30.933,27.166,26.966
Mon,6/20/2022, , , , , 
Fri,6/17/2022,31.658,30.965,30.238,26.848,27.357
Thu,6/16/2022,31.805,30.909,30.265,26.841,29.561
Wed,6/15/2022,29.513,31.204,29.524,26.405,27.41
Tue,6/14/2022,30.614,32.342,29.283,26.284,29.402
Mon,6/13/2022,30.418,32.446,29.418,26.434,30.533
Fri,6/10/2022,24.967,30.557,28.242,25.75,25.604
Thu,6/9/2022,26.033,31.251,27.716,25.375,24.155
Wed,6/8/2022,24.027,31.478,27.275,25.259,22.142
Tue,6/7/2022,22.436,31.324,27.404,25.212,21.835
Mon,6/6/2022,23.527,32.296,27.356,25.242,22.498
Fri,6/3/2022,24.73,32.339,27.379,25.24,22.39
Thu,6/2/2022,21.24,33.026,27.411,25.175,22.415
Wed,6/1/2022,21.259,32.65,27.131,24.974,23.758
Tue,5/31/2022,32.449,32.624,27.267,24.958,23.823
Mon,5/30/2022, , , , , 
Fri,5/27/2022,33.537,33.069,27.245,24.944,22.584
Thu,5/26/2022,31.337,32.055,26.74,24.761,24.861
Wed,5/25/2022,32.156,31.4,26.472,24.514,26.286
Tue,5/24/2022,31.799,31.471,26.924,24.481,26.81
Mon,5/23/2022,32.825,31.442,27.381,24.46,25.79
Fri,5/20/2022,30.864,30.925,27.035,24.235,25.788
Thu,5/19/2022,34.709,30.894,27.161,24.239,26.503
Wed,5/18/2022,34.709,31.014,27.151,24.232,27.831
Tue,5/17/2022,33.155,28.921,26.225,23.498,24.186
Mon,5/16/2022,35.809,28.101,25.827,23.27,25.612
Fri,5/13/2022,36.165,28.356,26.671,23.344,25.651
Thu,5/12/2022,32.928,27.137,26.047,23.194,29.45
Wed,5/11/2022,36.779,27.304,26.056,23.249,29.3
Tue,5/10/2022,40.629,27.085,26.259,23.164,29.549
Mon,5/9/2022,40.608,27.489,26.44,23.184,30.742
Fri,5/6/2022,39.772,26.298,25.438,22.804,25.774
Thu,5/5/2022,40.135,26.405,25.976,22.816,27.06
Wed,5/4/2022,38.143,24.767,24.824,22.122,22.262
Tue,5/3/2022,33.251,23.066,24.235,21.626,25.382
Mon,5/2/2022,32.73,23.338,24.299,21.627,27.265
Fri,4/29/2022,34.53,23.213,24.291,21.609,27.708
Thu,4/28/2022,29.351,20.998,23.294,21.091,23.952
Wed,4/27/2022,24.559,19.917,22.526,20.786,25.951
Tue,4/26/2022,26.049,21.112,22.852,20.818,28.55
Mon,4/25/2022,22.108,20.258,21.934,20.461,23.36
Fri,4/22/2022,22.583,20.357,22.293,20.518,24.467
Thu,4/21/2022,17.961,18.827,21.755,20.249,19.739
Wed,4/20/2022,16.629,18.254,21.781,20.233,17.469
Tue,4/19/2022,17.354,19.593,21.871,20.564,18.172
Mon,4/18/2022,14.567,19.327,21.557,20.393,19.345
Fri,4/15/2022, , , , , 
Thu,4/14/2022,16.007,21.506,21.596,20.396,19.442
Wed,4/13/2022,15.536,21.309,22.151,20.312,18.317
Tue,4/12/2022,14.824,21.126,22.104,20.223,20.553
Mon,4/11/2022,14.801,21.795,22.162,20.228,20.448
Fri,4/8/2022,15.638,21.69,22.244,20.052,17.582
Thu,4/7/2022,16.397,21.687,22.896,20.061,17.919
Wed,4/6/2022,16.488,22.586,22.926,20.047,18.356
Tue,4/5/2022,17.349,22.647,22.802,20.026,17.119
Mon,4/4/2022,17.274,23.079,22.79,19.924,14.618
Fri,4/1/2022,17.731,23.292,22.731,19.921,15.466
Thu,3/31/2022,17.759,23.428,23.171,19.919,17.151
Wed,3/30/2022,14.884,23.862,23.021,19.759,16.13
Tue,3/29/2022,13.72,23.755,23.087,19.744,15.259
Mon,3/28/2022,15.871,23.926,23.311,19.654,15.667
Fri,3/25/2022,17.381,23.905,23.246,19.648,16.496
Thu,3/24/2022,19.568,24.608,23.424,19.639,17.741
Wed,3/23/2022,22.094,24.801,23.17,19.499,19.325
Tue,3/22/2022,20.397,24.958,23.135,19.403,18.323
Mon,3/21/2022,22.863,24.852,22.964,19.382,19.309
Fri,3/18/2022,23.901,24.874,22.975,19.398,18.955
Thu,3/17/2022,30.636,24.662,22.782,19.304,21.193
Wed,3/16/2022,30.384,25.357,22.936,19.211,22.146
Tue,3/15/2022,27.262,24.513,22.23,18.853,25.686
Mon,3/14/2022,26.503,23.6,21.631,18.522,27.989
Fri,3/11/2022,27.25,24.4,21.603,18.504,26.409
Thu,3/10/2022,26.747,25.326,21.463,18.439,26.107
Wed,3/9/2022,29.975,25.343,21.476,18.439,27.536
Tue,3/8/2022,27.477,24.032,20.472,17.997,30.193
Mon,3/7/2022,28.893,24.188,20.795,18.186,30.439
Fri,3/4/2022,24.444,22.565,19.846,17.537,26.635
Thu,3/3/2022,24.371,23.143,19.972,17.493,25.738
Wed,3/2/2022,26.831,23.31,20.416,17.508,25.633
Tue,3/1/2022,23.931,22.628,20.044,17.247,28.187
Mon,2/28/2022,24.954,22.809,19.879,17.115,24.525
Fri,2/25/2022,24.997,22.826,19.952,17.123,23.212
Thu,2/24/2022,22.37,21.823,19.617,16.827,25.937
Wed,2/23/2022,19.507,21.18,19.276,16.78,27.161
Tue,2/22/2022,22.186,21.003,18.957,16.617,24.934
Mon,2/21/2022, , , , , 
Fri,2/18/2022,23.121,20.881,19.03,16.649,24.388
Thu,2/17/2022,23.011,20.837,19.031,16.609,24.045
Wed,2/16/2022,20.39,19.987,18.467,16.581,19.853
Tue,2/15/2022,24.27,20.67,19.114,16.587,20.744
Mon,2/14/2022,22.91,19.911,18.952,16.391,23.201
Fri,2/11/2022,23.582,20.102,19.025,16.497,23.22
Thu,2/10/2022,23.627,19.438,18.82,16.264,19.948
Wed,2/9/2022,22.881,18.78,18.54,15.977,16.01
Tue,2/8/2022,23.131,18.148,18.746,16.067,17.427
Mon,2/7/2022,23.175,17.868,18.9,16.081,19.056
Fri,2/4/2022,24.423,18.492,19.587,16.072,19.677
Thu,2/3/2022,24.365,18.531,19.55,16.108,20.329
Wed,2/2/2022,22.486,17.409,18.743,15.621,17.824
Tue,2/1/2022,23.167,18.006,18.61,15.553,17.423
Mon,1/31/2022,23.367,18.178,18.527,15.567,19.76
Fri,1/28/2022,21.391,17.346,17.979,15.282,22.418
Thu,1/27/2022,12.844,15.489,16.975,14.758,25.514
Wed,1/26/2022,13.101,16.488,17,14.744,26.419
Tue,1/25/2022,14.095,16.563,17.003,14.743,26.539
Mon,1/24/2022,16.789,16.418,16.926,14.624,24.892
Fri,1/21/2022,16.186,16.731,16.906,14.616,24.191
Thu,1/20/2022,14.404,15.968,16.461,14.289,21.798
Wed,1/19/2022,14.073,15.751,16.298,14.192,20.37
Tue,1/18/2022,16.203,16.788,16.164,14.171,19.762
Mon,1/17/2022, , , , , 
Fri,1/14/2022,14.104,16.13,15.623,13.87,15.722
Thu,1/13/2022,14.901,16.375,15.653,13.873,17.031
Wed,1/12/2022,13.102,16.176,15.351,13.662,14.255
Tue,1/11/2022,12.891,16.664,15.359,13.718,14.765
Mon,1/10/2022,11.325,17.525,15.227,13.703,15.555
Fri,1/7/2022,11.343,17.943,15.226,13.699,14.999
Thu,1/6/2022,14.292,19.248,15.342,13.803,15.805
Wed,1/5/2022,14.761,19.258,15.394,13.857,15.633
Tue,1/4/2022,9.638,18.27,14.649,13.465,12.746
Mon,1/3/2022,11.889,18.305,14.669,13.464,12.335
Fri,12/31/2021,14.906,18.23,14.625,13.438,12.533
Thu,12/30/2021,16.427,18.225,14.608,13.43,12.649
Wed,12/29/2021,17.335,18.218,14.588,13.416,12.406
Tue,12/28/2021,18.939,18.242,14.657,13.418,13.237
Mon,12/27/2021,19.755,18.235,14.654,13.416,13.163
Fri,12/24/2021, , , , , 
Thu,12/23/2021,19.494,17.906,14.437,13.275,13.445
Wed,12/22/2021,19.894,17.82,14.84,13.273,14.557
Tue,12/21/2021,19.397,17.735,14.706,13.239,16.857
Mon,12/20/2021,16.097,16.863,14.222,12.947,19.059
Fri,12/17/2021,19.374,16.555,14.044,12.837,17.283
Thu,12/16/2021,18.903,16.318,13.806,12.729,16.112
Wed,12/15/2021,18.843,16.137,13.696,12.637,15.252
Tue,12/14/2021,18.395,15.498,13.271,12.407,17.796
Mon,12/13/2021,19.331,15.354,13.271,12.342,15.856
Fri,12/10/2021,21.857,15.067,13.472,12.333,13.7
Thu,12/9/2021,22.375,14.829,13.54,12.252,16.363
Wed,12/8/2021,25.776,14.878,13.752,12.243,14.992
Tue,12/7/2021,25.749,14.978,13.747,12.453,16.326
Mon,12/6/2021,22.659,13.69,13.929,12.338,20.024
Fri,12/3/2021,21.058,13.303,13.707,12.274,22.46
Thu,12/2/2021,20.893,13.049,13.549,12.203,21.093
Wed,12/1/2021,18.716,12.357,13.447,11.998,23.757
Tue,11/30/2021,18.14,11.855,13.277,11.847,20.378
Mon,11/29/2021,15.61,10.37,12.417,11.416,16.826
Fri,11/26/2021,13.266,9.728,12.812,11.365,21.686
Thu,11/25/2021, , , , , 
Wed,11/24/2021,5.445,6.514,11.779,10.797,13.831
Tue,11/23/2021,5.416,7.902,11.79,10.802,14.379
Mon,11/22/2021,7.336,7.899,11.915,10.811,14.31
Fri,11/19/2021,7.38,7.85,11.979,10.846,13.04
Thu,11/18/2021,7.35,8.268,11.969,10.862,13.157
Wed,11/17/2021,7.402,8.36,12.128,10.855,13.106
Tue,11/16/2021,7.462,8.414,12.168,10.841,12.53
Mon,11/15/2021,7.904,8.418,12.156,10.832,12.593
Fri,11/12/2021,7.962,8.699,12.192,10.838,12.06
Thu,11/11/2021,7.236,9.822,12.097,10.819,13.482
Wed,11/10/2021,7.243,10.181,12.109,10.824,14.134
Tue,11/9/2021,5.955,10.603,11.931,10.74,12.974
Mon,11/8/2021,6.555,10.444,11.9,10.914,12.15
Fri,11/5/2021,6.474,12.548,11.927,11.161,11.608
Thu,11/4/2021,6.527,12.612,12.049,11.156,11.376
Wed,11/3/2021,6.886,12.588,12.124,11.192,11.3
Tue,11/2/2021,6.512,12.898,12.056,11.166,11.961
Mon,11/1/2021,6.511,13.092,12.036,11.157,12.174
Fri,10/29/2021,7.041,13.119,12.17,11.158,11.676
Thu,10/28/2021,7.02,14.302,12.286,11.173,12.276
Wed,10/27/2021,6.373,14.377,12.106,11.085,13.034
Tue,10/26/2021,8.234,14.287,12.324,11.045,12.041
Mon,10/25/2021,8.096,14.47,12.446,11.047,11.602
Fri,10/22/2021,9.128,14.556,12.415,11.105,11.669
Thu,10/21/2021,10.7,14.555,12.414,11.124,11.339
Wed,10/20/2021,11.156,14.752,12.413,11.119,11.79
Tue,10/19/2021,11.462,14.787,12.399,11.111,12.032
Mon,10/18/2021,11.275,14.615,12.291,11.057,12.356
Fri,10/15/2021,11.87,14.6,12.272,11.049,12.117
Thu,10/14/2021,14.866,14.392,12.158,10.995,13.106
Wed,10/13/2021,13.29,13.367,11.584,10.673,15.341
Tue,10/12/2021,15.042,13.311,11.603,10.774,16.428
Mon,10/11/2021,15.005,13.307,11.756,10.766,16.791
Fri,10/8/2021,18.506,13.292,11.656,10.819,15.347
Thu,10/7/2021,18.521,13.599,11.714,10.827,16.052
Wed,10/6/2021,17.711,13.405,11.594,10.856,17.582
Tue,10/5/2021,19.089,13.35,11.55,10.85,17.915
Mon,10/4/2021,18.896,12.891,11.314,10.979,19.592
Fri,10/1/2021,17.531,12.694,10.943,10.914,17.254
Thu,9/30/2021,18.178,12.437,10.87,11.361,19.835
Wed,9/29/2021,17.793,11.952,10.527,11.279,18.335
Tue,9/28/2021,17.618,12.338,10.69,11.414,18.743
Mon,9/27/2021,15.044,10.903,10.083,10.948,13.924
Fri,9/24/2021,15.306,10.908,10.778,11.002,13.027
Thu,9/23/2021,15.343,10.91,10.938,11.002,13.949
Wed,9/22/2021,13.799,10.291,10.619,10.906,16.235
Tue,9/21/2021,11.774,9.872,10.392,10.813,19.609
Mon,9/20/2021,11.733,9.884,10.421,10.881,20.373
Fri,9/17/2021,8.693,8.454,9.652,10.547,15.256
Thu,9/16/2021,7.753,7.977,9.713,10.429,13.399
Wed,9/15/2021,8.106,8.128,9.935,10.424,13.157
Tue,9/14/2021,5.878,7.898,9.784,10.348,14.718
Mon,9/13/2021,5.414,8.029,9.693,10.427,13.978
Fri,9/10/2021,5.953,8.046,9.817,10.549,14.929
Thu,9/9/2021,6.675,7.852,9.669,10.55,13.594
Wed,9/8/2021,7.009,7.754,9.581,10.586,12.547
Tue,9/7/2021,6.978,7.732,9.567,10.627,12.436
Mon,9/6/2021, , , , , 
Fri,9/3/2021,6.491,7.81,9.513,10.615,10.758
Thu,9/2/2021,7.403,7.813,9.519,10.74,11.308
Wed,9/1/2021,8.029,8.264,9.57,10.767,11.208
Tue,8/31/2021,7.944,8.262,9.583,10.773,11.192
Mon,8/30/2021,10.769,8.474,9.602,10.768,11.185
Fri,8/27/2021,11.679,9.356,10.005,10.811,10.895
Thu,8/26/2021,10.733,10.549,10.426,10.748,13.143
Wed,8/25/2021,10.134,10.667,10.303,10.691,11.523
Tue,8/24/2021,10.173,10.738,10.414,10.694,12.027
Mon,8/23/2021,10.203,10.736,10.439,10.911,11.882
Fri,8/20/2021,9.175,10.545,10.293,10.983,12.962
Thu,8/19/2021,7.843,10.32,10.157,10.931,15.584
Wed,8/18/2021,7.881,10.825,10.195,10.953,15.976
Tue,8/17/2021,5.792,10.627,9.842,10.785,12.877
Mon,8/16/2021,4.713,10.373,9.658,10.983,11.362
Fri,8/13/2021,5.955,10.402,9.663,10.999,10.435
Thu,8/12/2021,6.313,10.585,9.823,11.055,11.074
Wed,8/11/2021,7.28,10.643,9.879,11.147,11.511
Tue,8/10/2021,7.473,10.636,9.874,11.185,12.066
Mon,8/9/2021,7.495,10.639,9.881,11.189,11.919
Fri,8/6/2021,8.033,10.625,9.87,11.485,11.425
Thu,8/5/2021,8.08,10.643,9.869,11.488,12.539
Wed,8/4/2021,9.218,10.635,9.804,11.469,13.184
Tue,8/3/2021,8.592,10.504,9.742,11.464,13.187
Mon,8/2/2021,8.602,10.36,9.817,11.406,14.281
Fri,7/30/2021,10.873,10.971,9.802,11.494,12.933
Thu,7/29/2021,14.558,11.675,9.912,11.468,12.784
Wed,7/28/2021,15.418,11.661,9.941,11.643,13.437
Tue,7/27/2021,15.585,11.831,10.193,11.693,14.313
Mon,7/26/2021,15.238,11.732,10.137,12.005,12.758
Fri,7/23/2021,15.436,11.728,10.61,12.251,11.825
Thu,7/22/2021,14.505,11.411,10.708,12.395,13.196
Wed,7/21/2021,15.723,11.459,11.961,12.486,13.113
Tue,7/20/2021,15.803,11.275,12.043,12.954,14.592
Mon,7/19/2021,12.962,10.369,11.824,12.792,17.035
Fri,7/16/2021,9.954,9.075,11.311,13.177,13.783
Thu,7/15/2021,9.836,8.999,11.275,13.206,12.664
Wed,7/14/2021,9.688,9.017,11.232,13.186,12.025
Tue,7/13/2021,9.684,9.017,11.371,13.266,12.541
Mon,7/12/2021,9.183,8.91,11.333,13.254,11.506
Fri,7/9/2021,9.162,8.89,11.472,13.279,11.133
Thu,7/8/2021,7.491,8.348,11.296,13.176,13.841
Wed,7/7/2021,4.73,7.8,11.091,13.086,11.709
Tue,7/6/2021,5.202,7.843,11.077,13.094,11.681
Mon,7/5/2021, , , , , 
Fri,7/2/2021,4.553,8.192,11.06,13.084,10.336
Thu,7/1/2021,7.079,8.012,11.198,13.044,10.916
Wed,6/30/2021,11.571,8.399,11.39,13.031,11.165
Tue,6/29/2021,11.642,8.503,11.563,13.072,11.064
Mon,6/28/2021,12.264,9.003,11.694,13.08,10.739
Fri,6/25/2021,12.35,9.056,11.766,13.174,10.197
Thu,6/24/2021,12.271,9.953,11.769,13.169,11.161
Wed,6/23/2021,11.9,10.389,11.958,13.308,11.684
Tue,6/22/2021,12.115,12.482,12.001,13.515,11.613
Mon,6/21/2021,11.866,12.72,11.97,13.916,12.712
Fri,6/18/2021,8.402,12.39,11.547,13.83,15.528
Thu,6/17/2021,4.62,11.959,11.232,14.327,12.532
Wed,6/16/2021,6.679,12.192,11.26,14.331,13.094
Tue,6/15/2021,6.194,12.056,11.169,14.3,11.988
Mon,6/14/2021,5.918,12.233,11.157,14.306,11.493
Fri,6/11/2021,5.994,12.246,11.579,14.306,10.777
Thu,6/10/2021,5.976,12.454,11.835,14.456,11.446
Wed,6/9/2021,5.567,12.538,11.821,14.489,13.066
Tue,6/8/2021,5.391,12.526,11.845,14.545,12.395
Mon,6/7/2021,5.646,12.527,11.852,14.565,11.862
Fri,6/4/2021,7.335,12.53,12.349,14.564,12.005
Thu,6/3/2021,6.145,12.673,12.264,14.509,13.577
Wed,6/2/2021,7.337,12.951,12.313,14.542,13.013
Tue,6/1/2021,7.895,13.225,12.492,14.56,13.316
Mon,5/31/2021, , , , , 
Fri,5/28/2021,9.698,13.406,12.553,14.727,12.069
Thu,5/27/2021,9.893,13.512,12.561,14.745,12.476
Wed,5/26/2021,12.475,13.549,13.111,14.775,13.129
Tue,5/25/2021,13.544,13.925,13.116,15.004,14.361
Mon,5/24/2021,19.073,13.973,13.109,15.019,13.778
Fri,5/21/2021,18.943,13.698,13.01,14.952,15.083
Thu,5/20/2021,19.634,13.695,13.003,14.959,15.64
Wed,5/19/2021,19.049,13.524,12.996,14.931,17.504
Tue,5/18/2021,19.841,13.542,13.009,14.922,16.976
Mon,5/17/2021,19.322,13.256,13.125,14.838,15.414
Fri,5/14/2021,19.625,13.228,13.191,14.835,14.42
Thu,5/13/2021,17.525,13.182,13.471,14.69,18.672
Wed,5/12/2021,15.489,13.155,13.698,14.596,22.065
Tue,5/11/2021,12.098,11.178,13.05,14.14,17.234
Mon,5/10/2021,11.133,10.818,13.026,14.048,15.296
Fri,5/7/2021,9.169,10.163,13.676,14.038,12.405
Thu,5/6/2021,8.41,10.936,13.711,14.037,14.027
Wed,5/5/2021,9.293,10.831,14.941,14,15.116
Tue,5/4/2021,10.775,11.075,15.119,14.006,15.511
Mon,5/3/2021,11.073,11.15,14.998,14.027,14.063
Fri,4/30/2021,11.898,11.244,15.149,14.027,14.378
Thu,4/29/2021,11.537,10.894,15.034,13.968,13.767
Wed,4/28/2021,11.118,11.983,15.043,13.994,13.755
Tue,4/27/2021,12.459,11.959,15.039,13.993,13.996
Mon,4/26/2021,12.818,11.988,15.041,13.991,14.014
Fri,4/23/2021,12.865,12.068,15.062,14.081,13.708
Thu,4/22/2021,11.521,11.752,14.894,14.03,15.213
Wed,4/21/2021,10.58,11.523,14.697,13.924,13.887
Tue,4/20/2021,9.778,11.382,14.588,13.873,15.212
Mon,4/19/2021,8.406,11.555,14.536,14.011,13.8
Fri,4/16/2021,7.368,11.558,14.46,13.982,12.543
Thu,4/15/2021,9.618,12.554,14.608,14.045,12.947
Wed,4/14/2021,9.794,13.313,14.444,13.964,13.553
Tue,4/13/2021,8.467,13.998,14.653,14.097,13.211
Mon,4/12/2021,9.539,14.338,15.003,14.129,13.33
Fri,4/9/2021,9.648,15.702,15.805,14.224,12.926
Thu,4/8/2021,11.631,15.782,15.852,14.323,13.198
Wed,4/7/2021,11.615,17.729,17.085,14.437,13.287
Tue,4/6/2021,12.896,17.978,17.096,14.472,13.947
Mon,4/5/2021,14.255,17.96,17.098,14.474,13.795
Fri,4/2/2021, , , , , 
Thu,4/1/2021,12.983,17.739,16.842,14.417,13.349
Wed,3/31/2021,11.928,17.437,16.646,14.319,15.253
Tue,3/30/2021,14.731,17.471,16.91,14.609,15.27
Mon,3/29/2021,14.725,17.44,16.965,14.958,15.69
Fri,3/26/2021,14.747,17.438,17.067,15.174,13.917
Thu,3/25/2021,11.834,16.769,16.701,15.081,15.432
Wed,3/24/2021,11.325,16.698,16.669,15.24,16.43
Tue,3/23/2021,12.604,16.618,16.611,15.284,15.703
Mon,3/22/2021,11.909,16.452,16.583,16.395,14.491
Fri,3/19/2021,13.409,16.467,16.555,16.386,16.055
Thu,3/18/2021,14.015,16.501,16.87,16.707,16.46
Wed,3/17/2021,12.52,16.081,16.49,16.501,15.057
Tue,3/16/2021,16.326,16.074,16.54,16.511,15.472
Mon,3/15/2021,18.651,16.481,16.947,16.514,15.477
Fri,3/12/2021,19.351,16.969,16.946,16.502,15.764
Thu,3/11/2021,22.767,18.157,16.947,16.755,17.034
Wed,3/10/2021,22.777,18.129,16.823,16.689,17.74
Tue,3/9/2021,26.691,19.819,16.879,16.675,19.139
Mon,3/8/2021,26.206,19.353,16.607,16.585,20.206
Fri,3/5/2021,26.149,19.322,16.546,16.595,18.812
Thu,3/4/2021,23.199,18.384,15.976,16.513,22.926
Wed,3/3/2021,22.482,17.955,15.673,16.394,21.245
Tue,3/2/2021,21.638,17.979,15.37,16.266,18.561
Mon,3/1/2021,21.294,17.901,15.266,16.398,17.453
Fri,2/26/2021,15.469,16.666,14.328,16.19,22.403
Thu,2/25/2021,16.053,16.642,14.541,16.384,22.384
Wed,2/24/2021,8.754,14.736,13.287,15.92,16.281
Tue,2/23/2021,5.807,14.395,13.095,15.852,17.928
Mon,2/22/2021,5.665,14.559,13.107,15.89,18.048
Fri,2/19/2021,5.733,14.403,13.115,15.851,16.821
Thu,2/18/2021,5.775,14.952,13.102,16.012,16.974
Wed,2/17/2021,6.676,14.887,13.056,16.142,15.966
Tue,2/16/2021,6.504,14.951,13.166,16.139,16.166
Mon,2/15/2021, , , , , 
Fri,2/12/2021,8.259,15.778,13.166,16.675,15.359
Thu,2/11/2021,10.249,15.818,13.144,16.728,16.345
Wed,2/10/2021,17.104,15.818,13.338,16.869,16.733
Tue,2/9/2021,17.216,15.85,13.407,16.995,16.247
Mon,2/8/2021,23.851,15.966,13.395,17.067,15.866
Fri,2/5/2021,23.663,15.886,13.343,17.068,15.984
Thu,2/4/2021,23.652,15.875,13.754,17.074,16.575
Wed,2/3/2021,22.923,15.655,13.618,17.104,17.53
Tue,2/2/2021,22.91,15.731,13.752,17.105,18.925
Mon,2/1/2021,22.917,15.278,13.452,17.26,22.443
Fri,1/29/2021,21.405,14.611,13.309,17.364,26.005
Thu,1/28/2021,18.944,13.287,12.515,17.689,22.911
Wed,1/27/2021,18.004,13.511,12.593,17.693,29.338
Tue,1/26/2021,10.437,10.776,11.232,18.15,17.921
Mon,1/25/2021,10.315,10.77,11.533,18.298,17.823
Fri,1/22/2021,11.099,10.79,11.609,18.324,16.516
Thu,1/21/2021,11.167,11.083,11.579,18.32,16.562
Wed,1/20/2021,13.204,11.086,11.799,18.343,16.672
Tue,1/19/2021,11.674,10.438,11.469,18.223,17.97
Mon,1/18/2021, , , , , 
Fri,1/15/2021,11.513,10.484,12.084,18.247,18.924
Thu,1/14/2021,13.976,10.19,12.737,18.204,18.148
Wed,1/13/2021,13.881,10.075,13.122,18.244,17.293
Tue,1/12/2021,13.891,10.497,13.297,18.247,18.475
Mon,1/11/2021,14.072,10.659,13.744,18.25,19.192
Fri,1/8/2021,13.464,10.362,13.718,18.228,16.619
Thu,1/7/2021,13.416,10.346,16.398,18.216,17.294
Wed,1/6/2021,11.541,10.505,16.18,18.082,19.36
Tue,1/5/2021,11.448,10.502,16.844,18.068,19.938
Mon,1/4/2021,11.06,10.654,16.799,18.047,21.248
Fri,1/1/2021, , , , , 
Thu,12/31/2020,7.198,9.453,16.377,17.982,17.338
Wed,12/30/2020,7.04,10.149,16.366,18.022,17.871
Tue,12/29/2020,7.052,10.304,16.381,18.024,17.957
Mon,12/28/2020,9.164,10.73,16.887,18.017,16.667
Fri,12/25/2020, , , , , 
Thu,12/24/2020,9.053,11.125,16.803,17.995,16.619
Wed,12/23/2020,9.018,11.633,16.806,18.011,18.333
Tue,12/22/2020,9.078,11.794,16.901,18.016,19.064
Mon,12/21/2020,10.105,11.778,16.971,18.034,19.505
Fri,12/18/2020,9.95,12.046,17.295,18.044,16.715
Thu,12/17/2020,9.776,11.95,17.34,18.046,16.929
Wed,12/16/2020,10.406,12.983,17.377,18.12,17.51
Tue,12/15/2020,10.431,14.208,17.747,18.165,18.221
Mon,12/14/2020,7.577,14.58,17.933,18.095,19.963
Fri,12/11/2020,9.375,14.612,18.273,18.112,18.559
Thu,12/10/2020,9.83,15.322,18.45,18.243,18.413
Wed,12/9/2020,9.762,15.443,18.455,18.253,18.186
Tue,12/8/2020,8.275,19.253,18.367,18.191,16.91
Mon,12/7/2020,11.213,19.338,18.436,18.226,17.351
Fri,12/4/2020,10.748,20.353,18.69,18.219,15.882
Thu,12/3/2020,11.861,20.256,18.892,18.196,17.349
Wed,12/2/2020,11.71,20.259,18.878,18.236,17.342
Tue,12/1/2020,14.166,20.303,19.845,18.338,17.333
Mon,11/30/2020,13.225,20.126,19.827,18.353,16.619
Fri,11/27/2020,14.277,20.785,20.02,18.386,16.349
Thu,11/26/2020, , , , , 
Wed,11/25/2020,15.655,20.787,20.246,18.421,16.834
Tue,11/24/2020,17.033,20.786,20.365,18.444,17.274
Mon,11/23/2020,15.281,20.411,20.119,18.396,18.084
Fri,11/20/2020,15.055,20.454,20.114,18.533,19.253
Thu,11/19/2020,15.511,20.881,20.203,18.493,18.551
Wed,11/18/2020,15.53,20.992,20.195,18.498,19.337
Tue,11/17/2020,15.725,20.699,20.455,18.508,18.468
Mon,11/16/2020,16.68,21.09,20.851,18.594,17.867
Fri,11/13/2020,17.384,21.474,21.82,19.011,18.439
Thu,11/12/2020,17.286,21.73,21.714,18.972,20.342
Wed,11/11/2020,18.075,21.71,23.149,19.408,18.933
Tue,11/10/2020,18.154,21.664,23.352,19.387,20.405
Mon,11/9/2020,30.104,21.722,23.411,19.4,20.922
Fri,11/6/2020,30.104,21.614,23.264,19.36,20.648
Thu,11/5/2020,32.408,22.028,23.315,19.358,22.912
Wed,11/4/2020,30.645,21.804,22.881,19.146,24.654
Tue,11/3/2020,27.927,20.929,22.427,19.065,29.745
Mon,11/2/2020,25.261,21.628,22.043,18.907,31.36
Fri,10/30/2020,23.942,21.54,21.977,18.919,32.587
Thu,10/29/2020,24.45,21.512,21.832,21.295,32.301
Wed,10/28/2020,22.442,21.43,21.657,21.231,35.079
Tue,10/27/2020,14.086,18.66,20.031,20.436,28.723
Mon,10/26/2020,14.209,18.691,20.025,20.512,28.165
Fri,10/23/2020,11.123,17.814,19.533,20.667,23.725
Thu,10/22/2020,14.777,18.15,19.522,20.676,24.449
Wed,10/21/2020,15.354,18.107,19.498,20.765,25.133
Tue,10/20/2020,15.922,18.939,19.736,20.79,25.595
Mon,10/19/2020,18.197,19.788,19.812,20.786,25.435
Fri,10/16/2020,17.435,21.015,19.416,20.591,23.38
Thu,10/15/2020,19.183,21.178,19.416,20.598,23.181
Wed,10/14/2020,20.445,23.77,19.45,20.705,22.819
Tue,10/13/2020,19.507,24.179,19.406,20.733,22.4
Mon,10/12/2020,18.338,24.206,19.331,20.691,21.148
Fri,10/9/2020,18.161,23.702,19.064,20.612,21.403
Thu,10/8/2020,19.153,23.637,19.042,20.722,23.344
Wed,10/7/2020,20.014,23.505,19.008,20.79,24.998
Tue,10/6/2020,18.783,23.097,18.813,21.182,26.981
Mon,10/5/2020,22.338,22.759,18.566,21.029,25.464
Fri,10/2/2020,21.075,22.299,18.207,20.925,23.525
Thu,10/1/2020,21.47,22.146,18.118,21.08,22.983
Wed,9/30/2020,22.472,22.107,18.342,21.381,22.556
Tue,9/29/2020,22.323,21.988,18.295,21.353,23.005
Mon,9/28/2020,22.315,21.963,18.254,21.474,22.392
Fri,9/25/2020,20.202,21.401,17.989,21.405,22.138
Thu,9/24/2020,19.296,20.774,17.632,21.319,24.578
Wed,9/23/2020,19.085,20.732,17.639,21.354,24.917
Tue,9/22/2020,17.084,20.004,16.82,20.952,22.905
Mon,9/21/2020,19.984,19.854,16.922,21.459,23.493
Fri,9/18/2020,24.18,19.592,16.84,21.424,21.461
Thu,9/17/2020,23.917,19.298,16.737,21.704,21.512
Wed,9/16/2020,29.676,19.201,16.661,21.671,21.275
Tue,9/15/2020,31.867,19.207,16.666,21.748,21.093
Mon,9/14/2020,32.106,19.18,16.887,21.828,21.477
Fri,9/11/2020,30.592,18.936,17.015,21.76,22.685
Thu,9/10/2020,31.157,19.049,17.03,22.021,24.622
Wed,9/9/2020,30.258,18.215,16.44,22.443,23.3
Tue,9/8/2020,28.281,17.632,16.196,22.476,25.529
Mon,9/7/2020, , , , , 
Fri,9/4/2020,24.202,15.327,14.854,22.306,23.793
Thu,9/3/2020,24.213,15.08,15.938,22.252,24.992
Wed,9/2/2020,8.441,9.791,13.306,21.743,20.045
Tue,9/1/2020,6.529,10.2,14.643,22.108,19.405
Mon,8/31/2020,7.964,10.134,14.602,22.187,19.301
Fri,8/28/2020,7.24,10.033,14.592,22.26,16.882
Thu,8/27/2020,7.083,10.109,14.678,22.812,18.254
Wed,8/26/2020,7.313,10.104,14.683,22.822,17.492
Tue,8/25/2020,6.565,9.993,14.625,25.13,16.473
Mon,8/24/2020,9.168,10.192,15.125,25.309,16.534
Fri,8/21/2020,9.91,10.466,15.083,25.481,16.448
Thu,8/20/2020,9.866,11.055,15.282,26.659,17.13
Wed,8/19/2020,9.791,11.329,21.105,26.834,17.326
Tue,8/18/2020,9.626,11.404,21.119,27.258,16.862
Mon,8/17/2020,9.91,11.521,21.217,27.916,16.674
Fri,8/14/2020,9.928,12.197,21.366,29.456,16.956
Thu,8/13/2020,10.041,12.845,22.11,29.482,17.476
Wed,8/12/2020,9.669,12.776,22.125,32.625,17.347
Tue,8/11/2020,8.699,12.329,22.114,33.044,18.976
Mon,8/10/2020,7.479,12.458,22.047,33.899,17.211
Fri,8/7/2020,9.639,12.904,22.051,33.9,16.933
Thu,8/6/2020,9.606,15.416,22.058,35.117,17.553
Wed,8/5/2020,11.081,15.571,22.054,36.243,18.058
Tue,8/4/2020,13.592,17.808,22.229,41.998,19.017
Mon,8/3/2020,13.77,17.815,22.35,44.292,19.407
