Date,Static MVO,MGARCH-MVO,LSTM (returns only),Transformer (returns only),LSTM (+MGARCH feats),Transformer (+MGARCH feats),LSTM (+vol-credit feats),Transformer (+vol-credit feats)
2009-01-09,-0.018138358294613778,-0.01882904145038741,,,,,,
2009-01-16,-0.030396106891636514,-0.028554235321395404,,,,,,
2009-01-23,-0.011856822822939917,-0.013925401561268598,,,,,,
2009-01-30,0.010382407754166809,0.005971097315102353,,,,,,
2009-02-06,0.030734990365984167,0.03148688752316114,,,,,,
2009-02-13,-0.01276189493555401,-0.012805430474389002,,,,,,
2009-02-20,-0.0345412359341022,-0.03462456926743553,,,,,,
2009-02-27,-0.03805412902466532,-0.03652301190107688,,,,,,
2009-03-06,-0.03095347113020815,-0.02310960244383685,,,,,,
2009-03-13,0.05965777214594039,0.058246575962612415,,,,,,
2009-03-20,0.019066469989927608,0.019761287588378428,,,,,,
2009-03-27,0.02962077961077314,0.029537446277439806,,,,,,
2009-04-03,0.020178628766372674,0.020178628766372674,,,,,,
2009-04-10,0.009764874576895958,0.008773582037811017,,,,,,
2009-04-17,0.008811001680012859,0.010211764573433566,,,,,,
2009-04-24,0.009834110425926804,0.009734110425926805,,,,,,
2009-05-01,0.006767308074061884,0.012103611685690132,,,,,,
2009-05-08,0.024442202161631708,0.02565385739653446,,,,,,
2009-05-15,-0.017071738289023138,-0.022121541665455473,,,,,,
2009-05-22,0.019737774718784285,0.013307276709122889,,,,,,
2009-05-29,0.025818722322585242,0.02784057489414115,,,,,,
2009-06-05,0.0031897485103156756,0.0031064151769823424,,,,,,
2009-06-12,0.00028127604761926054,0.00028127604761926054,,,,,,
2009-06-19,-0.019187484556109562,-0.019187484556109562,,,,,,
2009-06-26,0.011360669974187006,0.00902125214672181,,,,,,
2009-07-03,-0.008219894605584137,-0.009514095827056429,,,,,,
2009-07-10,-0.013926701084477872,-0.014734458559456912,,,,,,
2009-07-17,0.03776935214159233,0.031176906696429425,,,,,,
2009-07-24,0.02901992231699667,0.028365994048593836,,,,,,
2009-07-31,0.012582734349131163,0.015264875255254821,,,,,,
2009-08-07,0.0011002516259413118,-0.0008184864985764713,,,,,,
2009-08-14,-0.010884966774718905,0.0005189258322984582,,,,,,
2009-08-21,0.009198612417637702,0.010672646511676204,,,,,,
2009-08-28,0.0012294552139363,0.00517988436610342,,,,,,
2009-09-04,0.007800029953068861,-0.009934869010269187,,,,,,
2009-09-11,0.021910097861798237,0.024141941988396386,,,,,,
2009-09-18,0.011471402027288805,0.02165181898928502,,,,,,
2009-09-25,-0.012869969926998072,-0.021705235378536674,,,,,,
2009-10-02,-0.008061352811013027,-0.007973463044772682,,,,,,
2009-10-09,0.031459095949691096,0.032861806128202796,,,,,,
2009-10-16,0.007067593931294019,0.016464121998225834,,,,,,
2009-10-23,0.002954802438146842,0.0061077652272364,,,,,,
2009-10-30,-0.031072271917437114,-0.03450961293886802,,,,,,
2009-11-06,0.023086782383714637,0.026193518326619356,,,,,,
2009-11-13,0.023822263806156267,0.017401522889379652,,,,,,
2009-11-20,0.001347611519153966,0.001161037028201956,,,,,,
2009-11-27,-0.001243169953498363,-0.002097702524380605,,,,,,
2009-12-04,0.01677563970365327,0.01677563970365327,,,,,,
2009-12-11,-0.010110301234954693,-0.00867927844360778,,,,,,
2009-12-18,0.0015358791895494477,-0.0011670976876856011,,,,,,
2009-12-25,0.012684641691661952,0.008972778694784207,,,,,,
2010-01-01,-0.005538180825441778,-0.006194518507962192,,,,,,
2010-01-08,0.018014970861965775,0.024237119041245012,,,,,,
2010-01-15,-0.0058855129019963065,-0.012246847256632798,,,,,,
2010-01-22,-0.027600770976562092,-0.030869692005350648,,,,,,
2010-01-29,-0.01306746246314696,-0.016118124983155183,,,,,,
2010-02-05,-0.006930036072909275,-0.009244415626754663,,,,,,
2010-02-12,0.006409560764455521,0.006809820353515905,,,,,,
2010-02-19,0.022021525834090137,0.018272843915099098,,,,,,
2010-02-26,0.003655638829200512,0.0036625716390580446,,,,,,
2010-03-05,0.022258595787282353,0.021027119184525746,,,,,,
2010-03-12,0.006458853701577897,0.0029444418044963913,,,,,,
2010-03-19,0.003957258192903855,0.0023205761624113678,,,,,,
2010-03-26,0.00180313825804514,0.0021710374643491917,,,,,,
2010-04-02,0.008719442319557381,0.008930852205475025,,,,,,
2010-04-09,0.015163105381975595,0.015111036043343205,,,,,,
2010-04-16,-0.007692133391283641,-0.006929467940652599,,,,,,
2010-04-23,0.018204871558654825,0.012225741995284199,,,,,,
2010-04-30,-0.002736033831466885,-0.004958328954366739,,,,,,
2010-05-07,-0.037793259544087784,-0.029055161371046755,,,,,,
2010-05-14,0.02120402469787192,0.027118592466216253,,,,,,
2010-05-21,-0.028623793732173115,-0.03757497693481552,,,,,,
2010-05-28,0.012019885071552064,0.006481602435668904,,,,,,
2010-06-04,-0.012379037724490227,-0.009072383082667175,,,,,,
2010-06-11,0.02000568069136822,0.026492963074570237,,,,,,
2010-06-18,0.02012008889469226,0.020377727296608687,,,,,,
2010-06-25,-0.008770259830727833,-0.012124332746578627,,,,,,
2010-07-02,-0.02971684525071762,-0.03498786371973163,,,,,,
2010-07-09,0.024705625359420003,0.03824115469617384,,,,,,
2010-07-16,-0.0064800353043827745,-0.009663482655622238,,,,,,
2010-07-23,0.02585622663616597,0.03289649637329785,,,,,,
2010-07-30,0.0039149149685697455,0.006368516997633592,,,,,,
2010-08-06,0.012501254525599635,0.013309018524188108,,,,,,
2010-08-13,-0.015288889027208348,-0.0180139123154239,,,,,,
2010-08-20,0.005627084585045245,0.004020268542606233,,,,,,
2010-08-27,-0.002712010507944601,-0.003154314180594113,,,,,,
2010-09-03,0.021670362419680227,0.024495686240588635,,,,,,
2010-09-10,-0.000282285810137546,-0.00022135919258697734,,,,,,
2010-09-17,0.015487512985457235,0.016154984880813048,,,,,,
2010-09-24,0.012770879128350746,0.015342903829961367,,,,,,
2010-10-01,0.00697177964245428,0.010780192658702182,,,,,,
2010-10-08,0.014810930041527538,0.01558357827231567,,,,,,
2010-10-15,0.006892561699802588,0.003531099441302033,,,,,,
2010-10-22,-0.0008820771424200729,0.003631092093123485,,,,,,
2010-10-29,0.0028916048719793636,0.002406258767021162,,,,,,
2010-11-05,0.02705028570524938,0.02312348004198231,,,,,,
2010-11-12,-0.02763899084955116,-0.025670366909958272,,,,,,
2010-11-19,-0.005487919848239549,-0.008603978653566324,,,,,,
2010-11-26,-0.0045089657120166255,-0.0005043805223746712,,,,,,
2010-12-03,0.019143550739027827,0.013097045534933568,,,,,,
2010-12-10,-0.005321044266932579,-0.006319003254139606,,,,,,
2010-12-17,-0.0006864457548055726,-0.0009443171492122264,,,,,,
2010-12-24,0.007897493769980977,0.009220003969278936,,,,,,
2010-12-31,0.009926065104971134,0.008299035037468426,,,,,,
2011-01-07,-0.0016817497374920249,-0.0019033945105433074,,,,,,
2011-01-14,0.009009644901572291,0.006163963592235804,,,,,,
2011-01-21,-0.015326643408855032,-0.011669471365357845,,,,,,
2011-01-28,-0.0003896778012183106,-0.00511871856751861,,,,,,
2011-02-04,0.007810614961739991,0.006009374024921087,,,,,,
2011-02-11,0.004981912776456551,0.008462103683942096,,,,,,
2011-02-18,0.007552975165766402,0.008072707074232532,,,,,,
2011-02-25,-0.0010552911301441605,0.0023327301731245246,,,,,,
2011-03-04,0.0016084367002972574,0.008892655389091196,,,,,,
2011-03-11,-0.010868294621156979,-0.009656545918023911,,,,,,
2011-03-18,-0.006716751202991583,-0.004442391603923145,,,,,,
2011-03-25,0.016720137861354126,0.01044716071033331,,,,,,
2011-04-01,0.011898250304474396,0.008167786685046759,,,,,,
2011-04-08,0.0033813321337180166,-0.0025385640678415038,,,,,,
2011-04-15,0.00017197902930110565,0.007695238255238904,,,,,,
2011-04-22,0.012128320394949915,0.013622918232859226,,,,,,
2011-04-29,0.013475721504173782,0.0204926755451275,,,,,,
2011-05-06,-0.01611713245492297,-0.016659564364608855,,,,,,
2011-05-13,-0.0034214216773859434,-0.003330361758457697,,,,,,
2011-05-20,0.000925004669298361,-5.2543128005702746e-05,,,,,,
2011-05-27,0.006687823034971201,0.005356524726237311,,,,,,
2011-06-03,-0.00819462915576049,-0.009764824146188008,,,,,,
2011-06-10,-0.019944859600502702,-0.022115912360465784,,,,,,
2011-06-17,0.0005516465034978585,-0.0009827023406526426,,,,,,
2011-06-24,0.002633331011864561,0.002379630478440009,,,,,,
2011-07-01,0.023963237243014832,0.020250286460072934,,,,,,
2011-07-08,0.017017432538248525,0.014128602870085012,,,,,,
2011-07-15,-0.007558855668580448,-0.007236409687942783,,,,,,
2011-07-22,0.014045187187071562,0.012519254754679816,,,,,,
2011-07-29,-0.012966603498429612,-0.0011370078529709551,,,,,,
2011-08-05,-0.043728996662855533,-0.04394525315279521,,,,,,
2011-08-12,0.006478882595438754,0.006631607898817471,,,,,,
2011-08-19,-0.00823523350935513,-0.004969282388070176,,,,,,
2011-08-26,0.010947084832530263,0.012085710698780196,,,,,,
2011-09-02,0.01728241420730884,0.017794110365677962,,,,,,
2011-09-09,-0.008572151321207916,-0.008906739958056176,,,,,,
2011-09-16,0.0113403006754719,0.01290789944198866,,,,,,
2011-09-23,-0.053258328706353976,-0.053508328706353976,,,,,,
2011-09-30,-0.016545476132388978,-0.013285569238189994,,,,,,
2011-10-07,0.005715808774097652,0.004721071100602269,,,,,,
2011-10-14,0.040807629083446414,0.03897899715686598,,,,,,
2011-10-21,0.0022870673181538594,0.0027305826397645383,,,,,,
2011-10-28,0.038695441776512414,0.03269524532366985,,,,,,
2011-11-04,-0.007468456614958534,-0.0017427570165208363,,,,,,
2011-11-11,-0.0025983191050307827,-0.002341268269857221,,,,,,
2011-11-18,-0.029534349184478073,-0.022281046289092343,,,,,,
2011-11-25,-0.03642913780813087,-0.035330581436535335,,,,,,
2011-12-02,0.048791388255997346,0.0472233455331588,,,,,,
2011-12-09,-0.0006426499903998087,0.00022569711119249208,,,,,,
2011-12-16,-0.02169164774737052,-0.008921089207232656,,,,,,
2011-12-23,0.020518874294110662,0.01942665124005144,,,,,,
2011-12-30,-0.003931976206060731,-0.0008229096233756981,,,,,,
2012-01-06,0.011818209206606752,0.010063690792464337,,,,,,
2012-01-13,0.008651755573998518,0.008651755573998518,,,,,,
2012-01-20,0.011110114332089171,0.01344391004706093,,,,,,
2012-01-27,0.017388617230691145,0.017373776763683877,,,,,,
2012-02-03,0.009976152363639449,0.012258323546330226,,,,,,
2012-02-10,-0.003961570093081781,-0.004448754219546114,,,,,,
2012-02-17,0.006462535917130423,0.005165810799686946,,,,,,
2012-02-24,0.010085084516615203,0.00801675941842282,,,,,,
2012-03-02,-0.0023808591547436414,-0.002746969007250233,,,,,,
2012-03-09,-0.002348782238722539,-0.005026918469306314,,,,,,
2012-03-16,-0.004100714960361285,-0.008332699468079116,,,,,,
2012-03-23,0.0026971044178451084,0.0016574800764256195,,,,,,
2012-03-30,0.005344288649934748,0.0072406829954870505,,,,,,
2012-04-06,-0.004439216025353042,-0.006190021656341623,,,,,,
2012-04-13,0.003073022649722976,-0.003763223124336849,,,,,,
2012-04-20,0.0035019310368630445,0.00320927002787126,,,,,,
2012-04-27,0.011639249987530473,0.010980413655538545,,,,,,
2012-05-04,-0.007454305262585109,-0.01417733474669575,,,,,,
2012-05-11,-0.004027181435965641,-0.004152181435965641,,,,,,
2012-05-18,-0.02044592395165544,-0.017107804549265023,,,,,,
2012-05-25,0.006709637065284239,0.0077964866112765745,,,,,,
2012-06-01,0.0033839773390520866,-0.01933238394724042,,,,,,
2012-06-08,0.008495049040451987,0.020912303283224527,,,,,,
2012-06-15,0.007926434382845602,0.011573825961945648,,,,,,
2012-06-22,-0.005823485880110859,-0.006098893609315448,,,,,,
2012-06-29,0.013803182143248991,0.022378501449808002,,,,,,
2012-07-06,0.004786077338912953,0.00781850681559238,,,,,,
2012-07-13,0.0034293285846789217,0.0065656386512728095,,,,,,
2012-07-20,0.0036306809647510476,0.00721456674456138,,,,,,
2012-07-27,0.00534962229831276,0.008300414294756333,,,,,,
2012-08-03,0.0015635958657449257,0.004779791012651441,,,,,,
2012-08-10,-0.000777907867911887,0.003292124096171155,,,,,,
2012-08-17,-0.0024049902529425823,0.004107343343793994,,,,,,
2012-08-24,0.010233557159659972,0.0049732259135438234,,,,,,
2012-08-31,0.007487503599513466,0.006138043873547038,,,,,,
2012-09-07,0.0061199746332883265,0.009008206364683384,,,,,,
2012-09-14,0.0022075668712748134,-0.00038006783589412946,,,,,,
2012-09-21,0.0005713983148221844,0.0012278789894179236,,,,,,
2012-09-28,-0.002966924299351168,-0.0015177667013808807,,,,,,
2012-10-05,0.0009105550240153437,0.002470820904948292,,,,,,
2012-10-12,-0.004926122844773145,-0.003675669987696953,,,,,,
2012-10-19,-0.004923311878593496,-0.003357241323706381,,,,,,
2012-10-26,-0.00628831080995227,-0.009059994539720229,,,,,,
2012-11-02,-0.0005804140853844126,-0.0009757302118644442,,,,,,
2012-11-09,-0.002167697698980539,-0.0039172786453804675,,,,,,
2012-11-16,-0.007740301505381086,-0.010957076067161859,,,,,,
2012-11-23,0.014464871363169738,0.014531793603530418,,,,,,
2012-11-30,0.0027046895563643306,0.002057820108547935,,,,,,
2012-12-07,-0.0014046239533522793,0.0009958027521580403,,,,,,
2012-12-14,-0.004277524211884684,-0.005074592731544288,,,,,,
2012-12-21,-0.001238905041367827,0.004384617827340655,,,,,,
2012-12-28,-0.002808653633174914,-0.003962622867833391,,,,,,
2013-01-04,0.0049304070589982416,0.010981137033778291,,,,,,
2013-01-11,0.006303054706432373,0.006328963794217744,,,,,,
2013-01-18,0.0028509672638244794,0.004810533074807815,,,,,,
2013-01-25,-0.004362114693809415,-0.0008128080682441905,,,,,,
2013-02-01,-0.002974323036821668,-0.0024141272285434496,,,,,,
2013-02-08,0.004374483045148413,0.0011699780003191966,,,,,,
2013-02-15,-0.006098243666677731,-0.005649204677571493,,,,,,
2013-02-22,-0.0007398113902799669,-0.0010151979983167307,,,,,,
2013-03-01,0.006204772472913541,0.003103086307513776,,,,,,
2013-03-08,-0.005929967435424899,0.003500169824429183,,,,,,
2013-03-15,0.006107745704502905,0.0058849136513018045,,,,,,
2013-03-22,0.004855446431225806,0.0012556179895824727,,,,,,
2013-03-29,0.0019364410787857103,0.0025953660317388065,,,,,,
2013-04-05,0.007430719169996303,0.0027630075988352766,,,,,,
2013-04-12,-0.005346023895224946,0.00515837657069184,,,,,,
2013-04-19,-0.01236015395160142,-0.01642742936861444,,,,,,
2013-04-26,0.013190170314114038,0.015769496082776082,,,,,,
2013-05-03,0.0014129089925144678,0.012130816414070048,,,,,,
2013-05-10,-0.007119339589504885,-0.0017050940458197316,,,,,,
2013-05-17,-0.000963754729068289,0.0026385034109098647,,,,,,
2013-05-24,-0.005446609791801559,-0.012173016764438153,,,,,,
2013-05-31,-0.014028188775841558,-0.013331577311593519,,,,,,
2013-06-07,0.0008859236915752002,0.0016393249419199977,,,,,,
2013-06-14,0.0010287660572315732,-0.0024884613647488366,,,,,,
2013-06-21,-0.033142252989062274,-0.030648652932155074,,,,,,
2013-06-28,0.005489972454043288,0.007164245788578417,,,,,,
2013-07-05,-0.005501258669543884,0.0031896891764960026,,,,,,
2013-07-12,0.020236601384821914,0.02428558762381834,,,,,,
2013-07-19,0.010146320747882704,0.008992221933498249,,,,,,
2013-07-26,-0.007785391025789881,-0.003999038321872999,,,,,,
2013-08-02,-0.0048231366992848934,0.004044280400428899,,,,,,
2013-08-09,-0.00027472682669733893,-0.003178226045292008,,,,,,
2013-08-16,-0.009937076227949277,-0.013270797578169399,,,,,,
2013-08-23,0.007549329103729473,0.007927594959099577,,,,,,
2013-08-30,0.0003535935713702186,-0.007836137545145611,,,,,,
2013-09-06,-0.006192189533744422,0.0015256429166731126,,,,,,
2013-09-13,-0.002402395378752409,0.00232189991501548,,,,,,
2013-09-20,0.00911261486419865,0.013669361001263836,,,,,,
2013-09-27,0.0025079569896587018,0.002481330259145883,,,,,,
2013-10-04,-0.0036591982456808773,-0.002201486000424846,,,,,,
2013-10-11,0.0024600090517243505,0.003827433535117262,,,,,,
2013-10-18,0.014801335145934876,0.02078102305698785,,,,,,
2013-10-25,0.0029576946558431006,0.006804701073183872,,,,,,
2013-11-01,-0.010033793919637195,-0.01025778421524823,,,,,,
2013-11-08,-0.007830194716271489,-0.006282065088769264,,,,,,
2013-11-15,0.008159217751275089,0.010574009620042605,,,,,,
2013-11-22,0.0007719267441536319,0.00152189873765975,,,,,,
2013-11-29,0.0016996404860870119,0.005199397868843885,,,,,,
2013-12-06,-0.0030891989563362017,-0.004191854587412783,,,,,,
2013-12-13,-0.0037225559530904835,-0.009636465296727079,,,,,,
2013-12-20,0.008695713986663882,0.014556507024826113,,,,,,
2013-12-27,-0.0019080070040633245,0.004182950938126531,,,,,,
2014-01-03,-0.004523923228345602,-0.004976644412006796,,,,,,
2014-01-10,0.00986278790690522,0.007364413632059403,,,,,,
2014-01-17,0.0031562417972420416,0.003187639864911466,,,,,,
2014-01-24,-0.0018686158851934803,-0.00922509651044266,,,,,,
2014-01-31,0.0024190720454308028,-0.0019658903509882425,,,,,,
2014-02-07,0.004401853607891215,0.002852678021173462,,,,,,
2014-02-14,0.011283918227929367,0.013142360018425218,,,,,,
2014-02-21,0.0009538564742063204,0.003179257018546145,,,,,,
2014-02-28,0.008801250250272296,0.010142851263015852,,,,,,
2014-03-07,-0.0025784897393709436,-0.0037947374122567477,,,,,,
2014-03-14,-0.0003260905025028991,-0.005520881906354117,,,,,,
2014-03-21,0.0014387560807475664,-0.00037875696229664325,,,,,,
2014-03-28,-0.0009476050003735558,-0.0009239155208305694,,,,,,
2014-04-04,0.0008113683114967881,0.0008711061765839057,,,,,,
2014-04-11,-0.0034293859573580544,-0.011230986406571513,,,,,,
2014-04-18,0.00881855407225749,0.010418592782352685,,,,,,
2014-04-25,0.0037841400305260427,0.0026104617828366155,,,,,,
2014-05-02,0.00820752919059445,0.006570084374074218,,,,,,
2014-05-09,-0.0023010709028261603,-0.0048173667528732915,,,,,,
2014-05-16,0.004581026827274972,0.007411044192536777,,,,,,
2014-05-23,0.004729895904440417,0.004836543702514926,,,,,,
2014-05-30,0.008809194422536727,0.008915495337385513,,,,,,
2014-06-06,-0.0005462709944340507,0.002671780194803576,,,,,,
2014-06-13,-0.0009229012076431145,-0.0019548132019942153,,,,,,
2014-06-20,0.003809706979148167,0.0049560756233440004,,,,,,
2014-06-27,0.005993227658698097,0.0013198185602745736,,,,,,
2014-07-04,-0.001174145368282215,0.0011882625157700307,,,,,,
2014-07-11,0.005181687737861325,-0.004385128344389744,,,,,,
2014-07-18,0.0033414026980957655,0.00342719331488637,,,,,,
2014-07-25,0.0035452191314915217,0.0036840085815841436,,,,,,
2014-08-01,-0.012667829256097624,-0.01698164082294318,,,,,,
2014-08-08,0.005385383995590354,0.003972338515399726,,,,,,
2014-08-15,0.01218269219590225,0.012155967671912514,,,,,,
2014-08-22,0.006129603827727163,0.0027896747617073975,,,,,,
2014-08-29,0.007566077475772846,0.005682610333285699,,,,,,
2014-09-05,-0.007834739254354609,-0.0030939065029314296,,,,,,
2014-09-12,-0.01064800483795699,-0.013415206746051683,,,,,,
2014-09-19,0.006846183223939109,0.0034582713652096374,,,,,,
2014-09-26,-0.004385849530634398,-0.008406740681457867,,,,,,
2014-10-03,0.005316766058303129,0.0025922802242910126,,,,,,
2014-10-10,-0.007926034730918192,-0.014847504123891629,,,,,,
2014-10-17,-0.0016267425304340847,0.0017211010459679417,,,,,,
2014-10-24,0.01542495697932319,0.022769804311327847,,,,,,
2014-10-31,0.0064314037094138484,0.0038945939275543606,,,,,,
2014-11-07,0.0038733734560745885,-0.00028815356604269305,,,,,,
2014-11-14,0.00044353904999812257,0.0013047712277436555,,,,,,
2014-11-21,0.004973164476635555,0.004990117372167648,,,,,,
2014-11-28,0.009331301300432466,0.006416754364358448,,,,,,
2014-12-05,-0.005706597499702751,-0.003781281970242427,,,,,,
2014-12-12,-0.0049396084981549885,-0.018343392531051987,,,,,,
2014-12-19,0.008848480375127301,0.014468492155070551,,,,,,
2014-12-26,-3.260081311851721e-05,0.0045298729190782604,,,,,,
2015-01-02,0.001217837720796811,-0.007847581040059276,,,,,,
2015-01-09,0.00849402382132312,-0.000395451357099277,,,,,,
2015-01-16,-5.943339667972749e-05,0.0026192177056617665,,,,,,
2015-01-23,0.014110658679460151,0.01066258092024542,,,,,,
2015-01-30,-0.0014731968498346271,-0.005938641204084052,,,,,,
2015-02-06,-0.0041080083490185335,0.006359280160940574,,,,,,
2015-02-13,0.0045551310713050274,0.008858753326875968,,,,,,
2015-02-20,0.000985610881511019,0.004625801628256327,,,,,,
2015-02-27,0.007510455788662486,0.001475574770046189,,,,,,
2015-03-06,-0.021855826234135435,-0.023041677583479102,,,,,,
2015-03-13,-0.00019576895746198705,0.00022993014621624413,,,,,,
2015-03-20,0.02310329755654437,0.025966230606319397,,,,,,
2015-03-27,-0.009258445150142375,-0.011933013965755374,,,,,,
2015-04-03,0.004196482977212964,0.002898390293085833,,,,,,
2015-04-10,0.005638734885143521,0.007664841905198682,,,,,,
2015-04-17,7.596454779072162e-05,-0.003404650187389442,,,,,,
2015-04-24,0.003986039760276187,0.006701681637587178,,,,,,
2015-05-01,-0.01856662420984853,-0.01276292205763115,,,,,,
2015-05-08,-0.00044447504758613897,0.000364459785900551,,,,,,
2015-05-15,0.0010810745754572424,0.003147329640830623,,,,,,
2015-05-22,-0.0024693618554010987,-0.002534517037777494,,,,,,
2015-05-29,-0.0038113063528965236,0.0004141973803331202,,,,,,
2015-06-05,-0.013358498152953719,-0.014532007523100595,,,,,,
2015-06-12,0.0015523319023160258,0.0012619580120224033,,,,,,
2015-06-19,0.008592705544359546,0.007561373394886257,,,,,,
2015-06-26,-0.005105802862896737,-0.008397508669457762,,,,,,
2015-07-03,-0.010016042720005797,-0.007780361339526769,,,,,,
2015-07-10,0.00039124916904930345,-0.001424821360669344,,,,,,
2015-07-17,0.019973102071455317,0.015515163178532704,,,,,,
2015-07-24,-0.009663387473335314,-0.017245693481895617,,,,,,
2015-07-31,0.008667501495333997,0.007718936069840292,,,,,,
2015-08-07,-0.009688733275720583,-0.006415677668477803,,,,,,
2015-08-14,-0.002092805890253604,0.001708641080392315,,,,,,
2015-08-21,-0.03672825278766317,-0.033331086905025654,,,,,,
2015-08-28,0.002240790188334615,0.00869882369434422,,,,,,
2015-09-04,-0.019220250509911076,-0.019929919273140008,,,,,,
2015-09-11,0.011484229258575007,0.01739485882572088,,,,,,
2015-09-18,-0.002608621438656797,-0.0014600429617961938,,,,,,
2015-09-25,-0.01991323954829679,-0.016670223679977624,,,,,,
2015-10-02,0.00778360431591494,0.0052051209505856325,,,,,,
2015-10-09,0.022067283133760125,0.024935860825193668,,,,,,
2015-10-16,0.006962053063779306,0.007853509488951945,,,,,,
2015-10-23,0.015428316542351146,0.011539211206549304,,,,,,
2015-10-30,-0.0031725419543381485,-0.003527146575878288,,,,,,
2015-11-06,0.0002471049358561508,0.0041756402516558416,,,,,,
2015-11-13,-0.023688041894342763,-0.02151794075107207,,,,,,
2015-11-20,0.020738428084426653,0.01626071520985517,,,,,,
2015-11-27,0.0010161646678645783,-0.0014812137554152905,,,,,,
2015-12-04,0.0001433691331583499,-0.001548974117961744,,,,,,
2015-12-11,-0.016368549879243906,-0.02489106162174545,,,,,,
2015-12-18,-0.005051692378407597,-0.0023883481156416423,,,,,,
2015-12-25,0.016522114693713185,0.01650252582279744,,,,,,
2016-01-01,-0.006312182458261872,-0.006920030074423292,,,,,,
2016-01-08,-0.03949952184127839,-0.03801263974555255,,,,,,
2016-01-15,-0.016436318043443237,-0.014590491329017215,,,,,,
2016-01-22,0.01339891300236664,0.012004613973554455,,,,,,
2016-01-29,0.009341842391933156,0.011428770309229012,,,,,,
2016-02-05,-0.02539030446631397,-0.019901739301611612,,,,,,
2016-02-12,-0.00233948920052369,-0.0028059752713028956,,,,,,
2016-02-19,0.01370590004058015,0.01894870829781502,,,,,,
2016-02-26,0.009776593972361098,0.008254903954355632,,,,,,
2016-03-04,0.018576298981273644,0.021828448550359435,,,,,,
2016-03-11,0.0037663543395312794,0.0036834605448586716,,,,,,
2016-03-18,0.008597921259910985,0.008597921259910985,,,,,,
2016-03-25,-0.008211751154357733,-0.008211751154357733,,,,,,
2016-04-01,0.013055170157411037,0.013055170157411037,,,,,,
2016-04-08,-1.90682986963886e-05,-1.90682986963886e-05,,,,,,
2016-04-15,0.006415084538397868,0.005248956961883643,,,,,,
2016-04-22,-0.0013848306037963268,-0.003923386982505866,,,,,,
2016-04-29,0.003032618504880355,-0.010199003915316194,,,,,,
2016-05-06,-0.0008400089166196016,-0.0012570193722619644,,,,,,
2016-05-13,-0.0027109569634458258,-0.0030910993158754637,,,,,,
2016-05-20,-0.0035255768202994593,0.000578906350403043,,,,,,
2016-05-27,0.005065256660488521,0.005053644684785907,,,,,,
2016-06-03,0.00928361090264091,0.007044497009890231,,,,,,
2016-06-10,0.004396806942805282,-0.0027982368646117905,,,,,,
2016-06-17,-0.0035678842610790988,-0.003969076632094776,,,,,,
2016-06-24,-0.0026264042155070104,-0.005736723672855298,,,,,,
2016-07-01,0.022857956061523854,0.025600699515143734,,,,,,
2016-07-08,0.013232091361373056,0.016334333706148466,,,,,,
2016-07-15,-0.00450428653665602,-0.008391974241259995,,,,,,
2016-07-22,0.004858974462247193,0.007801869480285971,,,,,,
2016-07-29,0.006448436311984422,0.007402359741385502,,,,,,
2016-08-05,-0.0009818978339986716,-0.008157796251005335,,,,,,
2016-08-12,0.0046126065580330425,0.0059643797836293495,,,,,,
2016-08-19,0.00014521396771573417,-0.005659710965577367,,,,,,
2016-08-26,-0.005067527632491057,-0.002213068377502968,,,,,,
2016-09-02,0.004260156520630478,0.006429136401098943,,,,,,
2016-09-09,-0.010445431484002139,-0.022375067157570604,,,,,,
2016-09-16,-0.0012520144706491924,0.004109455116416939,,,,,,
2016-09-23,0.01085452735019025,0.012663875729680495,,,,,,
2016-09-30,-0.0008863416372313296,-0.003381960539326239,,,,,,
2016-10-07,-0.012850456834664467,-0.0220274941343317,,,,,,
2016-10-14,-0.005841568028960082,-0.007958216748610266,,,,,,
2016-10-21,0.007132762753045685,0.00939162411512873,,,,,,
2016-10-28,-0.007083506137969044,-0.010091771676871494,,,,,,
2016-11-04,-0.004709543473699311,-0.0007714436077109819,,,,,,
2016-11-11,-0.012758559988894773,-0.020396161187328777,,,,,,
2016-11-18,-0.001201135165185724,0.0057531660006163296,,,,,,
2016-11-25,0.002367785161732444,0.0032911129064227295,,,,,,
2016-12-02,-0.002394004180901902,-0.007502376121515108,,,,,,
2016-12-09,0.0041100894652279394,0.024260179270467336,,,,,,
2016-12-16,-0.008310166782464493,-0.007778476903287991,,,,,,
2016-12-23,0.005048462041007704,0.005204296705042301,,,,,,
2016-12-30,0.001208697240288975,0.003946353267127745,,,,,,
2017-01-06,0.010334506538484485,0.012096269953928164,,,,,,
2017-01-13,-0.0032381191506699663,0.0030613323423532785,,,,,,
2017-01-20,-0.0010498704685775015,-0.004361245436271536,,,,,,
2017-01-27,8.241276488749408e-06,0.009044747901229994,,,,,,
2017-02-03,0.0060207989068720835,0.0028031718933924548,,,,,,
2017-02-10,0.006131958595621157,0.009181703504572557,,,,,,
2017-02-17,0.004131091153750789,0.00443681727945014,,,,,,
2017-02-24,0.00808811325431228,0.0071204229219244495,,,,,,
2017-03-03,-0.006439621292243827,-0.00608765123086528,,,,,,
2017-03-10,-0.009818391617035883,-0.016402559373058147,,,,,,
2017-03-17,0.012527466312060986,0.015871597532786774,,,,,,
2017-03-24,0.003345282429533714,0.0031734489160278275,,,,,,
2017-03-31,0.005518912893084304,0.009022259116443282,,,,,,
2017-04-07,0.0006530114318531195,-0.003345090234823417,,,,,,
2017-04-14,0.0040872123829021854,0.000678473478433898,,,,,,
2017-04-21,0.0044215077951858,0.01103225987343151,,,,,,
2017-04-28,0.0049835449499448774,0.0036242028262045397,,,,,,
2017-05-05,-0.0036489532657927788,-0.00025030092577764336,,,,,,
2017-05-12,0.002479880927920475,0.0005077910308105139,,,,,,
2017-05-19,0.005275915962130186,0.0012204557262247197,,,,,,
2017-05-26,0.00844536283446428,0.007783583141139246,,,,,,
2017-06-02,0.009048446736558784,0.01212110696174779,,,,,,
2017-06-09,-0.0077073833720056485,-0.006353893553087478,,,,,,
2017-06-16,-0.001654910291178098,-0.0034792296583168437,,,,,,
2017-06-23,0.004850818646250185,0.007021643176813491,,,,,,
2017-06-30,-0.009612341277842692,-0.010342475744537673,,,,,,
2017-07-07,-0.007532920827254472,-0.0038363337403132546,,,,,,
2017-07-14,0.010112859951620473,0.01256011515346207,,,,,,
2017-07-21,0.008748945781879921,0.00871716342499272,,,,,,
2017-07-28,0.0014899746832382412,0.0007164695013213909,,,,,,
2017-08-04,-0.0009925443118489273,-0.0035352578718275,,,,,,
2017-08-11,0.000583744517685226,-0.006939890071173253,,,,,,
2017-08-18,-0.0013353562799158516,-0.0038534910435439364,,,,,,
2017-08-25,0.005316436541418489,0.007281897732718097,,,,,,
2017-09-01,0.009138646691911747,0.01435103170790914,,,,,,
2017-09-08,0.0013159123505953939,0.00013360572374108913,,,,,,
2017-09-15,-0.001523079116592837,0.003476886290519097,,,,,,
2017-09-22,-0.004806993677729159,-0.0009306264927643653,,,,,,
2017-09-29,-0.0010046507427370584,0.002583965046476035,,,,,,
2017-10-06,0.0013052662857747587,0.0021948027018676855,,,,,,
2017-10-13,0.007184920185730221,0.00877044391243389,,,,,,
2017-10-20,-0.003499164068210121,-0.0042776658623695325,,,,,,
2017-10-27,-0.0018081202466911847,-0.0003247440020506156,,,,,,
2017-11-03,0.0020116285652194816,0.005213313757484021,,,,,,
2017-11-10,-0.0033867888169074874,-0.00671001350017129,,,,,,
2017-11-17,0.004535625894763288,0.007211173308734439,,,,,,
2017-11-24,0.005280523783466191,0.008795881226855286,,,,,,
2017-12-01,-0.001016044125595961,-0.0019324890137650656,,,,,,
2017-12-08,-0.0031615374227996445,-0.004581603770352996,,,,,,
2017-12-15,0.004276234320809941,0.007170516750401563,,,,,,
2017-12-22,0.0006655223681080823,0.005256364247511617,,,,,,
2017-12-29,0.004162455224727709,0.0034077926562215833,,,,,,
2018-01-05,0.01252602193618933,0.016437637441709292,,,,,,
2018-01-12,0.009039379421717567,0.009220721312141142,,,,,,
2018-01-19,-0.00017482771646283216,0.0025179819616219,,,,,,
2018-01-26,0.011710120895397866,0.00943938834871243,,,,,,
2018-02-02,-0.020112824245978236,-0.02981691573745017,,,,,,
2018-02-09,-0.026048618763249622,-0.03725777645968048,,,,,,
2018-02-16,0.024314653357361812,0.03178859473101054,,,,,,
2018-02-23,0.0015949768997700587,0.0016514904212010578,,,,,,
2018-03-02,-0.008830077808762875,-0.00825333514279535,,,,,,
2018-03-09,0.015274769017799698,0.01728947626344905,,,,,,
2018-03-16,-0.004536522069435612,-0.0025730042047393243,,,,,,
2018-03-23,-0.023181536006203,-0.019930890847133866,,,,,,
2018-03-30,0.007075279368461583,0.007299511252009901,,,,,,
2018-04-06,-0.0052473822189174745,-0.006116852162717303,,,,,,
2018-04-13,0.011083000274542308,0.013961430943667218,,,,,,
2018-04-20,-0.002620240562331637,-0.0025369072289983035,,,,,,
2018-04-27,-0.0026521158791438827,-0.0026521158791438827,,,,,,
2018-05-04,0.0009556439602484389,0.0009943629380411393,,,,,,
2018-05-11,0.015307239842232274,0.012995742922031867,,,,,,
2018-05-18,-0.01173365529998625,-0.010792783541414504,,,,,,
2018-05-25,0.008129066356247893,0.008029066356247894,,,,,,
2018-06-01,0.004030529980472313,0.004842564331260117,,,,,,
2018-06-08,0.006773215514960636,0.0033856211762149126,,,,,,
2018-06-15,0.001522681965000839,-0.0005860890967483383,,,,,,
2018-06-22,-0.006469825243797446,-0.0054339722852400525,,,,,,
2018-06-29,-0.008213804693784877,-0.006757099036147369,,,,,,
2018-07-06,0.0072129552544403,0.010601550474788748,,,,,,
2018-07-13,0.0008726311999612963,4.935988347480952e-05,,,,,,
2018-07-20,-0.0036136663804134856,-0.003270503853576989,,,,,,
2018-07-27,0.0016465017810813022,-0.0015932609469146285,,,,,,
2018-08-03,0.002762761612406285,0.0027521502548161153,,,,,,
2018-08-10,-0.0006802026384882091,-0.005433035946349573,,,,,,
2018-08-17,-0.0035502742005711846,-0.004080498416691691,,,,,,
2018-08-24,0.010649458360390836,0.014939562710806245,,,,,,
2018-08-31,0.004391024767209949,0.005918281210239905,,,,,,
2018-09-07,-0.010664097869382591,-0.018731841978923715,,,,,,
2018-09-14,0.004709182098290785,0.004338885685037315,,,,,,
2018-09-21,0.002514153868217592,0.0023492332301884486,,,,,,
2018-09-28,0.005033430265035747,0.0031544849250741804,,,,,,
2018-10-05,-0.007008012480708065,-0.01969272246543817,,,,,,
2018-10-12,-0.014002532792150706,-0.011982262170768608,,,,,,
2018-10-19,-0.0026558126953932152,-0.006191972244872615,,,,,,
2018-10-26,-0.015601924251765466,-0.01055617873985574,,,,,,
2018-11-02,-0.0015344105933424368,-0.003910796101436478,,,,,,
2018-11-09,0.003602635765267042,-0.0010395429676315728,,,,,,
2018-11-16,-0.007473317145706712,-0.009664905930236941,,,,,,
2018-11-23,-0.015793210174138927,-0.021768252054135764,,,,,,
2018-11-30,0.01993648569172899,0.0187949670863229,,,,,,
2018-12-07,-0.009463090579524536,-0.00249310791004428,,,,,,
2018-12-14,-0.00428493113236201,-0.0006177320848351168,,,,,,
2018-12-21,-0.02836656354144729,-0.019517118145588746,,,,,,
2018-12-28,0.017506789721795108,0.01542179360120207,,,,,,
2019-01-04,0.011720188069906252,0.010560588265934312,,,,,,
2019-01-11,0.014839165664168265,0.017688662359945605,0.014709023392363168,0.011947897240035768,0.014709023392363168,0.011947897240035768,0.014709023392363168,0.011947897240035768
2019-01-18,0.010537827233109443,0.013194545697304967,0.011465627346673309,0.012814307791867213,0.011465627346673309,0.012814307791867213,0.011465627346673309,0.012814307791867213
2019-01-25,0.005417788978549903,0.005239983097094963,0.0015025307170753698,0.005893323020874543,0.0015025307170753698,0.005893323020874543,0.0015025307170753698,0.005893323020874543
2019-02-01,0.011412740215872751,0.01206999107023126,0.01277642041037252,0.010979653058894857,0.01277642041037252,0.010979653058894857,0.01277642041037252,0.010979653058894857
2019-02-08,0.0015585506690012003,0.0018976373968599071,0.001289138914143131,0.0016549138977129865,0.001289138914143131,0.0016549138977129865,0.001289138914143131,0.0016549138977129865
2019-02-15,0.009519281553559761,0.011452397721351001,0.010857118457227765,0.013122122639233586,0.010857118457227765,0.013122122639233586,0.010857118457227765,0.013122122639233586
2019-02-22,0.004777428272017721,0.006236633669397631,0.005415737626095852,0.005859015223726333,0.005415737626095852,0.005859015223726333,0.005415737626095852,0.005859015223726333
2019-03-01,-0.006221934694380893,-0.005000214413110531,-0.006120546646898343,-0.007345761581173084,-0.006120546646898343,-0.007345761581173084,-0.006120546646898343,-0.007345761581173084
2019-03-08,-0.0027917272175699086,-0.005200702086169338,-0.0055049425884079245,-0.00182456545942442,-0.0055049425884079245,-0.00182456545942442,-0.0055049425884079245,-0.00182456545942442
2019-03-15,0.013687911061219245,0.013351190433971481,0.020853852638673686,0.017996658712347145,0.020853852638673686,0.017996658712347145,0.020853852638673686,0.017996658712347145
2019-03-22,0.004554536691765625,0.006125482061866229,0.004238210197315858,-7.463529013832033e-05,0.004238210197315858,-7.463529013832033e-05,0.004238210197315858,-7.463529013832033e-05
2019-03-29,0.001985185548766082,0.003267531549240328,0.007282058418705777,0.008387004456694718,0.007282058418705777,0.008387004456694718,0.007282058418705777,0.008387004456694718
2019-04-05,0.008745018624805711,0.011265341028043612,0.010529956689712128,0.0096704877833009,0.010529956689712128,0.0096704877833009,0.010529956689712128,0.0096704877833009
2019-04-12,0.0035586937203364657,0.0025351334810950004,-0.00114062139104773,0.0014712997860083046,-0.00114062139104773,0.0014712997860083046,-0.00114062139104773,0.0014712997860083046
2019-04-19,-0.0023975395074429286,-0.0029477805524218818,-0.003277471351024133,-0.0041072625344364825,-0.003277471351024133,-0.0041072625344364825,-0.003277471351024133,-0.0041072625344364825
2019-04-26,0.006849579952661755,0.005838020275259646,0.004888196579883369,0.005633339696475366,0.004888196579883369,0.005633339696475366,0.004888196579883369,0.005633339696475366
2019-05-03,-0.0007402762012508558,-0.0013329080726301697,0.001610744058901067,0.001105779284969692,0.001610744058901067,0.001105779284969692,0.001610744058901067,0.001105779284969692
2019-05-10,-0.010308523517216539,-0.010438507893450123,-0.010377696704697029,-0.012175358592631224,-0.010377696704697029,-0.012175358592631224,-0.010377696704697029,-0.012175358592631224
2019-05-17,-0.003305173328407505,-0.0026953642873840623,-0.005842570394790805,-0.004396880307455112,-0.005842570394790805,-0.004396880307455112,-0.005842570394790805,-0.004396880307455112
2019-05-24,-0.004299563744877682,-0.006438471011817863,-0.0011106699220338407,-0.005848643878260797,-0.0011106699220338407,-0.005848643878260797,-0.0011106699220338407,-0.005848643878260797
2019-05-31,-0.0032737820624033575,-0.00677677720785909,-0.01043875161326703,-0.004617937316013312,-0.01043875161326703,-0.004617937316013312,-0.01043875161326703,-0.004617937316013312
2019-06-07,0.0237690448423376,0.02309827007530282,0.022675205187447124,0.02348041243779603,0.022675205187447124,0.02348041243779603,0.022675205187447124,0.02348041243779603
2019-06-14,0.003149404394389512,0.002657567552424275,0.00043539078222485576,0.0023589453177205247,0.00043539078222485576,0.0023589453177205247,0.00043539078222485576,0.0023589453177205247
2019-06-21,0.020703862612033497,0.02033078397013371,0.02200763868170981,0.021580630704682174,0.02200763868170981,0.021580630704682174,0.02200763868170981,0.021580630704682174
2019-06-28,0.001131794327413178,0.000649104323280571,-0.0015358254019689965,0.0014976789753546587,-0.0015358254019689965,0.0014976789753546587,-0.0015358254019689965,0.0014976789753546587
2019-07-05,0.0053142073978107735,0.0068787608503014935,0.0039003677305244067,0.004629734712682775,0.0039003677305244067,0.004629734712682775,0.0039003677305244067,0.004629734712682775
2019-07-12,0.00038589382399164575,0.005737096240124322,0.0038118706979354874,-0.00037388225479105866,0.0038118706979354874,-0.00037388225479105866,0.0038118706979354874,-0.00037388225479105866
2019-07-19,-0.0018781055152438803,-0.007096906030019447,-0.00277017050106742,-0.0061115752663178195,-0.00277017050106742,-0.0061115752663178195,-0.00277017050106742,-0.0061115752663178195
2019-07-26,0.006958530552773136,0.00727510235508594,0.00865617122078116,0.00542829349902977,0.00865617122078116,0.00542829349902977,0.00865617122078116,0.00542829349902977
2019-08-02,-0.005804348020042208,-0.011384825027559603,-0.006782116507935165,-0.008525522014241543,-0.006782116507935165,-0.008525522014241543,-0.006782116507935165,-0.008525522014241543
2019-08-09,0.007403584827584535,0.004366249496480146,-0.002560922586530322,0.0009168102829028773,-0.002560922586530322,0.0009168102829028773,-0.002560922586530322,0.0009168102829028773
2019-08-16,0.003692158180724698,0.009092931892482965,0.011266169722336263,0.0019814859357648856,0.011266169722336263,0.0019814859357648856,0.011266169722336263,0.0019814859357648856
2019-08-23,-0.001968724043915044,-0.0020401526153436154,-0.0002004683272322402,-0.0028901360554342862,-0.0002004683272322402,-0.0028901360554342862,-0.0002004683272322402,-0.0028901360554342862
2019-08-30,0.010798931563861941,0.010798931563861941,0.013125679892737961,0.017010042036873063,0.013125679892737961,0.017010042036873063,0.013125679892737961,0.017010042036873063
2019-09-06,0.004236617909880547,0.0012096664410912942,0.011105850562932314,0.008737442770972548,0.011105850562932314,0.008737442770972548,0.011105850562932314,0.008737442770972548
2019-09-13,-0.008352488203740488,-0.019141121400377173,-0.005919559144651685,-0.002055870414016109,-0.005919559144651685,-0.002055870414016109,-0.005919559144651685,-0.002055870414016109
2019-09-20,0.007142843569129607,0.006724471580796582,0.01141309166544505,0.011295218158093168,0.01141309166544505,0.011295218158093168,0.01141309166544505,0.011295218158093168
2019-09-27,-0.007188410606512152,-0.007078054642432373,-0.015177330759980416,-0.01074626931598287,-0.015177330759980416,-0.01074626931598287,-0.015177330759980416,-0.01074626931598287
2019-10-04,0.005796215626335111,0.004324674151004954,0.0011958222208751927,0.0022858881644831214,0.0011958222208751927,0.0022858881644831214,0.0011958222208751927,0.0022858881644831214
2019-10-11,-0.003480675140853144,-0.0010236485394725077,-0.008417755311143917,-0.0003031258995703876,-0.008417755311143917,-0.0003031258995703876,-0.008417755311143917,-0.0003031258995703876
2019-10-18,0.0033876971551818737,0.004939761083605888,0.0013312363264039566,0.003468138935593639,0.0013312363264039566,0.003468138935593639,0.0013312363264039566,0.003468138935593639
2019-10-25,0.007170718527210868,0.009095909919953103,0.010561340063267366,0.009034778598106046,0.010561340063267366,0.009034778598106046,0.010561340063267366,0.009034778598106046
2019-11-01,0.0075423749976936925,0.007742677264679259,0.010691945215081067,0.008952340077932736,0.010691945215081067,0.008952340077932736,0.010691945215081067,0.008952340077932736
2019-11-08,-0.007700698224300282,-0.006715524308826605,-0.006501697661057985,-0.012141703535812518,-0.006501697661057985,-0.012141703535812518,-0.006501697661057985,-0.012141703535812518
2019-11-15,0.006591855397608909,0.0052400428596206,0.008502799825747382,0.005627121845937751,0.008502799825747382,0.005627121845937751,0.008502799825747382,0.005627121845937751
2019-11-22,-0.0014503906881310974,-0.0011932201066541977,-0.0027391072846671355,-0.0006219217211925589,-0.0027391072846671355,-0.0006219217211925589,-0.0027391072846671355,-0.0006219217211925589
2019-11-29,0.005187985341018225,0.004266750901830614,0.005985316477701624,0.004133206281581435,0.005985316477701624,0.004133206281581435,0.005985316477701624,0.004133206281581435
2019-12-06,0.0010315072363383956,0.0009600786649098241,0.00024400336955527596,0.004122788049649509,0.00024400336955527596,0.004122788049649509,0.00024400336955527596,0.004122788049649509
2019-12-13,0.008266141132146156,0.008266141132146156,0.005957608106551968,0.006276386290940508,0.005957608106551968,0.006276386290940508,0.005957608106551968,0.006276386290940508
2019-12-20,0.005721800551970932,0.005721800551970932,0.010214041617727175,0.010766455001851099,0.010214041617727175,0.010766455001851099,0.010214041617727175,0.010766455001851099
2019-12-27,0.007852006751247803,0.007852006751247803,0.007744738051536407,0.007276914750435467,0.007744738051536407,0.007276914750435467,0.007744738051536407,0.007276914750435467
2020-01-03,0.004865956719425184,0.005837967643575758,0.0021908470321608036,0.0038882635634614566,0.0021908470321608036,0.0038882635634614566,0.0021908470321608036,0.0038882635634614566
2020-01-10,0.005683380476237383,0.004933357992065604,0.0031081866857635486,0.004771949545690513,0.0031081866857635486,0.004771949545690513,0.0031081866857635486,0.004771949545690513
2020-01-17,0.00782848826994793,0.005970423638692532,0.00636580217606787,0.010188474543703327,0.00636580217606787,0.010188474543703327,0.00636580217606787,0.010188474543703327
2020-01-24,-0.0007111805131080962,-0.0007826090845366677,-0.0025940765789661743,-0.002945421608386328,-0.0025940765789661743,-0.002945421608386328,-0.0025940765789661743,-0.002945421608386328
2020-01-31,-0.005462242325905007,-0.005462242325905007,-0.019119984798646357,-0.01698837807952853,-0.019119984798646357,-0.01698837807952853,-0.019119984798646357,-0.01698837807952853
2020-02-07,0.013108422872435311,0.009884330311849378,0.014923171484002995,0.017809847892945176,0.014923171484002995,0.017809847892945176,0.014923171484002995,0.017809847892945176
2020-02-14,0.008379393233460566,0.008307964662031994,0.006161708497583323,0.013195205322963222,0.006161708497583323,0.013195205322963222,0.006161708497583323,0.013195205322963222
2020-02-21,0.0008864071208312587,0.0008864071208312587,-0.0033187372241796314,0.00030530281002059164,-0.0033187372241796314,0.00030530281002059164,-0.0033187372241796314,0.00030530281002059164
2020-02-28,-0.051676322380713006,-0.04861409396464382,-0.08545680803802874,-0.07365102763359209,-0.08545680803802874,-0.07365102763359209,-0.08545680803802874,-0.07365102763359209
2020-03-06,0.018852503586618413,0.02153453319664324,0.009877832181162862,0.011586774276185994,0.009877832181162862,0.011586774276185994,0.009877832181162862,0.011586774276185994
2020-03-13,-0.07436656890917553,-0.08363689231097697,-0.07857849347521292,-0.10744804153007778,-0.07857849347521292,-0.10744804153007778,-0.07857849347521292,-0.10744804153007778
2020-03-20,-0.09395151885599264,-0.08138739703528183,-0.02498377453989741,-0.0695666619269031,-0.02498377453989741,-0.0695666619269031,-0.02498377453989741,-0.0695666619269031
2020-03-27,0.08146013333183047,0.07037417944955372,0.10679652783068379,0.09471045231051606,0.10679652783068379,0.09471045231051606,0.10679652783068379,0.09471045231051606
2020-04-03,-0.011584723440256859,-0.009777501312038389,-0.01877907476098877,-0.024601647137739723,-0.01877907476098877,-0.024601647137739723,-0.01877907476098877,-0.024601647137739723
2020-04-10,0.07233567018004652,0.0639736320018673,0.07417006201450269,0.08972371426882109,0.07417006201450269,0.08972371426882109,0.07417006201450269,0.08972371426882109
2020-04-17,0.017812227212187035,0.01113860051630623,0.008672670613114117,0.006711771395023094,0.008672670613114117,0.006711771395023094,0.008672670613114117,0.006711771395023094
2020-04-24,-0.00517188771935424,-0.003319307469917145,-0.02639878633836167,-0.004758948124924842,-0.02639878633836167,-0.004758948124924842,-0.02639878633836167,-0.004758948124924842
2020-05-01,-0.004487529661731263,-0.005257794002710428,0.0020866327414786365,-0.0008593808938897066,0.0020866327414786365,-0.0008593808938897066,0.0020866327414786365,-0.0008593808938897066
2020-05-08,0.020914081484256875,0.011651030328898528,0.017457352073348177,0.02726946840604268,0.017457352073348177,0.02726946840604268,0.017457352073348177,0.02726946840604268
2020-05-15,-0.0032836197899758263,-0.018713704090451595,-0.020473707407147133,-0.003962304992864073,-0.020473707407147133,-0.003962304992864073,-0.020473707407147133,-0.003962304992864073
2020-05-22,0.017250429312616885,0.01645951651995354,0.03271413775316256,0.023248899021697123,0.03271413775316256,0.023248899021697123,0.03271413775316256,0.023248899021697123
2020-05-29,0.01175860640463366,0.009795343016098424,0.0156560422385936,0.02152233061691506,0.0156560422385936,0.02152233061691506,0.0156560422385936,0.02152233061691506
2020-06-05,0.01115936063663736,0.021417443168798043,0.024422726611284327,0.0401978150220004,0.024422726611284327,0.0401978150220004,0.024422726611284327,0.0401978150220004
2020-06-12,-0.009314943644302897,-0.007389199876631715,-0.02721169724464853,-0.0019839367268898126,-0.02721169724464853,-0.0019839367268898126,-0.02721169724464853,-0.0019839367268898126
2020-06-19,0.013773460174746722,0.011772850299078267,0.011798038815854776,0.010004640165102252,0.011798038815854776,0.010004640165102252,0.011798038815854776,0.010004640165102252
2020-06-26,-0.00788107780640871,-0.004444048458686087,-0.005919585342116909,-0.01412691704596735,-0.005919585342116909,-0.01412691704596735,-0.005919585342116909,-0.01412691704596735
2020-07-03,0.0197250651467662,0.017920380866859147,0.020076716376529274,0.026381306487619625,0.020076716376529274,0.026381306487619625,0.020076716376529274,0.026381306487619625
2020-07-10,0.01381003959426795,0.019240074483286303,0.013654887043908978,0.012024040090595907,0.013654887043908978,0.012024040090595907,0.013654887043908978,0.012024040090595907
2020-07-17,0.004126496428288053,0.0019859281005592255,0.008859007631690353,0.004942027116870491,0.008859007631690353,0.004942027116870491,0.008859007631690353,0.004942027116870491
2020-07-24,0.008798878126264913,0.0051315914414376326,0.0031763502290182138,0.00655580202464395,0.0031763502290182138,0.00655580202464395,0.0031763502290182138,0.00655580202464395
2020-07-31,0.021254586603497713,0.006208759090860584,0.010854671891812528,0.012971497176640494,0.010854671891812528,0.012971497176640494,0.010854671891812528,0.012971497176640494
2020-08-07,0.014827129039065648,0.01699104008812658,0.018924726916578666,0.018703763940175658,0.018924726916578666,0.018703763940175658,0.018924726916578666,0.018703763940175658
2020-08-14,-0.012165696485052207,-0.01137663965560473,-0.018153768616496938,-0.010060995476276702,-0.018153768616496938,-0.010060995476276702,-0.018153768616496938,-0.010060995476276702
2020-08-21,0.010145769934704986,0.0075387160652466275,0.007305415825703555,0.005298754281586892,0.007305415825703555,0.005298754281586892,0.007305415825703555,0.005298754281586892
2020-08-28,0.011706961238258928,0.007513626770959737,0.016589762621452783,0.012626261543435269,0.016589762621452783,0.012626261543435269,0.016589762621452783,0.012626261543435269
2020-09-04,-0.011617037332538528,-0.014401898962293458,-0.011205058777387275,-0.012731861323716424,-0.011205058777387275,-0.012731861323716424,-0.011205058777387275,-0.012731861323716424
2020-09-11,-0.010173861644061467,-0.012830094935904559,-0.01889808843073027,-0.009886753342580124,-0.01889808843073027,-0.009886753342580124,-0.01889808843073027,-0.009886753342580124
2020-09-18,-0.0025583090970253894,-0.0025583090970253894,0.0005578395964499843,0.004377099149324947,0.0005578395964499843,0.004377099149324947,0.0005578395964499843,0.004377099149324947
2020-09-25,-0.013016178561472984,-0.009572221344044068,-0.017025203146615906,-0.015972749414204398,-0.017025203146615906,-0.015972749414204398,-0.017025203146615906,-0.015972749414204398
2020-10-02,0.011066615262019087,0.010923758119161945,0.013425238429252596,0.011905821309420434,0.013425238429252596,0.011905821309420434,0.013425238429252596,0.011905821309420434
2020-10-09,0.02132442402056808,0.019060847011623153,0.02014273309879555,0.02505215921767303,0.02014273309879555,0.02505215921767303,0.02014273309879555,0.02505215921767303
2020-10-16,-0.0006182126289110828,-0.001413243169648071,-0.003314845595213542,-0.004396560521573338,-0.003314845595213542,-0.004396560521573338,-0.003314845595213542,-0.004396560521573338
2020-10-23,-0.0042182659305324555,-0.007456609235195745,0.00013954355030562656,-0.003109318517477189,0.00013954355030562656,-0.003109318517477189,0.00013954355030562656,-0.003109318517477189
2020-10-30,-0.024580766765073807,-0.017278138202363354,-0.02936998133779296,-0.03425138552470068,-0.02936998133779296,-0.03425138552470068,-0.02936998133779296,-0.03425138552470068
2020-11-06,0.04052731606363638,0.03814497626607463,0.04343084919839131,0.04704161554785815,0.04343084919839131,0.04704161554785815,0.04343084919839131,0.04704161554785815
2020-11-13,-0.004774054826692801,-0.0026997632086242997,0.011060932033723516,0.012595909168880232,0.011060932033723516,0.012595909168880232,0.011060932033723516,0.012595909168880232
2020-11-20,0.002672824411887536,0.004032500655418975,0.0061998582189011515,0.008269239473371812,0.0061998582189011515,0.008269239473371812,0.0061998582189011515,0.008269239473371812
2020-11-27,0.006850904510153918,0.0030286231608282056,0.02071049262932676,0.011338429178853453,0.02071049262932676,0.011338429178853453,0.02071049262932676,0.011338429178853453
2020-12-04,0.010645004595124258,0.00730423943511701,0.005234166287833927,0.010202476691364901,0.005234166287833927,0.010202476691364901,0.005234166287833927,0.010202476691364901
2020-12-11,0.00029094117334167204,0.002366724765564989,0.006367287761031885,0.0026682856847615433,0.006367287761031885,0.0026682856847615433,0.006367287761031885,0.0026682856847615433
2020-12-18,0.013272359235662248,0.0109338765240556,0.015649340091172633,0.013414774523461447,0.015649340091172633,0.013414774523461447,0.015649340091172633,0.013414774523461447
2020-12-25,0.004173463000991015,0.004266314706872016,-0.0001007430879064306,0.0007541657135087563,-0.0001007430879064306,0.0007541657135087563,-0.0001007430879064306,0.0007541657135087563
2021-01-01,0.003502918759981183,0.004266211379839069,0.009941384705794943,0.007651407899294349,0.009941384705794943,0.007651407899294349,0.009941384705794943,0.007651407899294349
2021-01-08,0.0024414750337510673,0.0014917946502432944,0.009342984549977422,0.006982294987580472,0.009342984549977422,0.006982294987580472,0.009342984549977422,0.006982294987580472
2021-01-15,-0.0032485017327111743,-0.001546201302073188,-0.002604863442573763,-0.002512237096773217,-0.002604863442573763,-0.002512237096773217,-0.002604863442573763,-0.002512237096773217
2021-01-22,0.013115630294072197,0.0139836306346365,0.013286130661231087,0.012314404992071908,0.013286130661231087,0.012314404992071908,0.013286130661231087,0.012314404992071908
2021-01-29,-0.0150516392051766,-0.024571800490582437,-0.020747262716251175,-0.016581679465619614,-0.020747262716251175,-0.016581679465619614,-0.020747262716251175,-0.016581679465619614
2021-02-05,0.018465334985484368,0.026753452051795846,0.031410185001019726,0.028622329304503036,0.031410185001019726,0.028622329304503036,0.031410185001019726,0.028622329304503036
2021-02-12,0.007869792926043059,0.0100996203897957,0.004230200219812398,0.009621609413523694,0.004230200219812398,0.009621609413523694,0.004230200219812398,0.009621609413523694
2021-02-19,-0.013915408753789068,-0.011414286225937167,-0.005960259700004549,-0.010992942065032476,-0.005960259700004549,-0.010992942065032476,-0.005960259700004549,-0.010992942065032476
2021-02-26,-0.02569922640322663,-0.029992722779979955,-0.023187065034844825,-0.018974401216093974,-0.023187065034844825,-0.018974401216093974,-0.023187065034844825,-0.018974401216093974
2021-03-05,-0.012548861150493975,-0.002280328752195797,-0.00041409847533265345,0.00043044019157038757,-0.00041409847533265345,0.00043044019157038757,-0.00041409847533265345,0.00043044019157038757
2021-03-12,0.01720841942533489,0.020862815120792744,0.013331916630018262,0.011495584111465989,0.013331916630018262,0.011495584111465989,0.013331916630018262,0.011495584111465989
2021-03-19,-0.006736698230694459,-0.007086644506885829,-0.008142404871221776,-0.00772934276008105,-0.008142404871221776,-0.00772934276008105,-0.008142404871221776,-0.00772934276008105
2021-03-26,0.001073731403414505,0.002313376803363706,-0.0011869190475146706,0.005725695565144443,-0.0011869190475146706,0.005725695565144443,-0.0011869190475146706,0.005725695565144443
2021-04-02,0.009102281033795819,0.010239732198109626,0.010608297526104921,0.008312295385612335,0.010608297526104921,0.008312295385612335,0.010608297526104921,0.008312295385612335
2021-04-09,0.01177251194451486,0.009760580103179055,0.009426519279799001,0.005340229769983433,0.009426519279799001,0.005340229769983433,0.009426519279799001,0.005340229769983433
2021-04-16,0.010727169737697499,0.011602284163077917,0.013420293653072245,0.014263589469883537,0.013420293653072245,0.014263589469883537,0.013420293653072245,0.014263589469883537
2021-04-23,0.00047853157054405284,0.0006190330743142056,0.0009623012153307666,0.0035715316897463106,0.0009623012153307666,0.0035715316897463106,0.0009623012153307666,0.0035715316897463106
2021-04-30,-0.00328442716602228,-0.003591227690191224,-0.0009600126436087985,-0.0025400179786814227,-0.0009600126436087985,-0.0025400179786814227,-0.0009600126436087985,-0.0025400179786814227
2021-05-07,0.008189322962688018,0.007206616333527125,0.013284221973338542,0.012408974273873418,0.013284221973338542,0.012408974273873418,0.013284221973338542,0.012408974273873418
2021-05-14,-0.00972476126741647,-0.009994124348070241,-0.01377491677413347,-0.012369816998558929,-0.01377491677413347,-0.012369816998558929,-0.01377491677413347,-0.012369816998558929
2021-05-21,0.002631571683853973,0.0027734263233865353,-0.0005386764583216891,0.0017018362193045638,-0.0005386764583216891,0.0017018362193045638,-0.0005386764583216891,0.0017018362193045638
2021-05-28,0.01028312906416052,0.008320463048173151,0.01447764679205893,0.01487132903110355,0.01447764679205893,0.01487132903110355,0.01447764679205893,0.01487132903110355
2021-06-04,0.002591243327922255,0.003670194274301002,0.008430057445494165,0.010176546693567084,0.008430057445494165,0.010176546693567084,0.008430057445494165,0.010176546693567084
2021-06-11,0.006367794755900721,0.007398591919853586,0.009616051217385591,0.008714750838413674,0.009616051217385591,0.008714750838413674,0.009616051217385591,0.008714750838413674
2021-06-18,-0.014827467900372166,-0.007689690517324684,-0.0230862610548919,-0.019081475263832585,-0.0230862610548919,-0.019081475263832585,-0.0230862610548919,-0.019081475263832585
2021-06-25,0.00907233067489126,0.0010229022887671075,0.01487651712910323,0.018021670407209863,0.01487651712910323,0.018021670407209863,0.01487651712910323,0.018021670407209863
2021-07-02,0.011996201049057274,0.011581455719075226,0.009596937379032857,0.008459410670963757,0.009596937379032857,0.008459410670963757,0.009596937379032857,0.008459410670963757
2021-07-09,0.005032595964008608,0.006571985863456107,4.04062044795418e-05,-0.00015379217441564285,4.04062044795418e-05,-0.00015379217441564285,4.04062044795418e-05,-0.00015379217441564285
2021-07-16,-0.002628381148970031,0.0008094157855894266,-0.008087403827488794,-0.0025147264439124447,-0.008087403827488794,-0.0025147264439124447,-0.008087403827488794,-0.0025147264439124447
2021-07-23,0.009195473482680922,0.006309138522447497,0.007596539344839006,0.00743311136098303,0.007596539344839006,0.00743311136098303,0.007596539344839006,0.00743311136098303
2021-07-30,-3.8971500901911004e-05,0.0014608268942248152,0.0021155762166709256,0.001444271094959378,0.0021155762166709256,0.001444271094959378,0.0021155762166709256,0.001444271094959378
2021-08-06,-0.005155476510034235,-0.00892732087119279,-0.001315004391858891,-0.0029124656730649297,-0.001315004391858891,-0.0029124656730649297,-0.001315004391858891,-0.0029124656730649297
2021-08-13,0.005451639446875075,0.005234515371009392,0.003056019643607645,0.0032977546304878273,0.003056019643607645,0.0032977546304878273,0.003056019643607645,0.0032977546304878273
2021-08-20,-0.004363492271707624,-0.00197043996047245,-0.013532265066211423,-0.018032146705292764,-0.013532265066211423,-0.018032146705292764,-0.013532265066211423,-0.018032146705292764
2021-08-27,0.01193744969003688,0.009317155852260388,0.026975178044267127,0.02314592325362101,0.026975178044267127,0.02314592325362101,0.026975178044267127,0.02314592325362101
2021-09-03,0.004581483127577934,0.005368767705562961,0.005695649257905115,0.01001038346883443,0.005695649257905115,0.01001038346883443,0.005695649257905115,0.01001038346883443
2021-09-10,-0.008219964528033852,-0.00822218515965063,-0.011259791376576416,-0.01053020032658052,-0.011259791376576416,-0.01053020032658052,-0.011259791376576416,-0.01053020032658052
2021-09-17,-0.006059926986474138,-0.005308305503692198,-0.003567600897230041,-0.003632607789833905,-0.003567600897230041,-0.003632607789833905,-0.003567600897230041,-0.003632607789833905
2021-09-24,-0.0027649288724191715,-0.0042447477054831,-0.0030809043340408165,-0.0015182963002516074,-0.0030809043340408165,-0.0015182963002516074,-0.0030809043340408165,-0.0015182963002516074
2021-10-01,-0.011576680611850536,-0.008041091957751444,-0.006950072342271575,-0.008512525620792234,-0.006950072342271575,-0.008512525620792234,-0.006950072342271575,-0.008512525620792234
2021-10-08,-0.006680225102497428,-0.005117754370873123,-0.0021244321091696107,-0.0014930837964408986,-0.0021244321091696107,-0.0014930837964408986,-0.0021244321091696107,-0.0014930837964408986
2021-10-15,0.013396083915430299,0.014632992933184867,0.018766788814233177,0.017217840294647607,0.018766788814233177,0.017217840294647607,0.018766788814233177,0.017217840294647607
2021-10-22,0.003925251983609164,0.002732563636557987,0.005167445848545654,0.004077259959865073,0.005167445848545654,0.004077259959865073,0.005167445848545654,0.004077259959865073
2021-10-29,0.00927832412111685,0.007277585277870705,0.00613641213843342,0.00467651106787497,0.00613641213843342,0.00467651106787497,0.00613641213843342,0.00467651106787497
2021-11-05,0.013186970354835138,0.013086445574223147,0.017414890743116442,0.014609461827141216,0.017414890743116442,0.014609461827141216,0.017414890743116442,0.014609461827141216
2021-11-12,-0.003529789535315595,-0.0023281245307001878,-0.0021219942582923423,-0.0012588685897782054,-0.0021219942582923423,-0.0012588685897782054,-0.0021219942582923423,-0.0012588685897782054
2021-11-19,-0.0002724117598106444,-0.0033592125819040743,-0.0037199422842014076,-0.005561279535605732,-0.0037199422842014076,-0.005561279535605732,-0.0037199422842014076,-0.005561279535605732
2021-11-26,-0.021116139666048087,-0.021747281676158668,-0.0287363492402171,-0.026168089480689407,-0.0287363492402171,-0.026168089480689407,-0.0287363492402171,-0.026168089480689407
2021-12-03,-0.006367712395443455,-0.000736954024674512,-0.006880361314429904,-0.007864205661626574,-0.006880361314429904,-0.007864205661626574,-0.006880361314429904,-0.007864205661626574
2021-12-10,0.01965435473896292,0.006960638368779203,0.019960087883659914,0.020263821147387995,0.019960087883659914,0.020263821147387995,0.019960087883659914,0.020263821147387995
2021-12-17,-0.01546652751138733,-0.003273915342704636,0.0034703739883037085,-0.006047320024689897,0.0034703739883037085,-0.006047320024689897,0.0034703739883037085,-0.006047320024689897
2021-12-24,0.017734895570622803,0.00960407903679795,-0.001449881563834147,0.011766394785844311,-0.001449881563834147,0.011766394785844311,-0.001449881563834147,0.011766394785844311
2021-12-31,0.0025705635199418783,0.00218586322590716,0.005803406468394301,0.005782115654060161,0.005803406468394301,0.005782115654060161,0.005803406468394301,0.005782115654060161
2022-01-07,-0.015869238101412334,-0.023083414596722227,-0.01849215864173179,-0.01867012065693817,-0.01849215864173179,-0.01867012065693817,-0.01849215864173179,-0.01867012065693817
2022-01-14,0.0054377065686728445,0.005335464656867798,0.00044304127136755346,0.0011591168014622932,0.00044304127136755346,0.0011591168014622932,0.00044304127136755346,0.0011591168014622932
2022-01-21,-0.025727798956760008,-0.012432688301709622,-0.025194633025507843,-0.018462071563266128,-0.025194633025507843,-0.018462071563266128,-0.025194633025507843,-0.018462071563266128
2022-01-28,-0.0019420130433672488,-0.004709611176551756,-0.008202827298922957,-0.008003486628846574,-0.008202827298922957,-0.008003486628846574,-0.008202827298922957,-0.008003486628846574
2022-02-04,0.0077245540613508756,0.009159925273297696,0.00586188899919572,0.004123605376425071,0.00586188899919572,0.004123605376425071,0.00586188899919572,0.004123605376425071
2022-02-11,-0.0035881212264218553,-0.003809793219934363,-0.0034735821152395065,-0.0035596469710545563,-0.0034735821152395065,-0.0035596469710545563,-0.0034735821152395065,-0.0035596469710545563
2022-02-18,-0.002827554830969188,-0.0023475157251041127,-0.00842819105587227,-0.006277359961725707,-0.00842819105587227,-0.006277359961725707,-0.00842819105587227,-0.006277359961725707
2022-02-25,0.005764417213356088,0.004321236265266417,0.0033282030531387,0.0027005892336306367,0.0033282030531387,0.0027005892336306367,0.0033282030531387,0.0027005892336306367
2022-03-04,0.02554368827314973,0.018802547714256962,0.008466537299990034,0.02236195628464872,0.008466537299990034,0.02236195628464872,0.008466537299990034,0.02236195628464872
2022-03-11,-0.023423133348693823,-0.02240880568542635,-0.023490192403202468,-0.024125546077284163,-0.023490192403202468,-0.024125546077284163,-0.023490192403202468,-0.024125546077284163
2022-03-18,0.019688914208359453,0.015671792291839362,0.0005698946543825442,0.03476257556230358,0.0005698946543825442,0.03476257556230358,0.0005698946543825442,0.03476257556230358
2022-03-25,0.007086758185995294,0.005628352918104751,0.00875917815722812,0.0023330239337656516,0.00875917815722812,0.0023330239337656516,0.00875917815722812,0.0023330239337656516
2022-04-01,-0.0050168441485594715,0.007036510543950633,0.009798643504463762,0.009995941314103097,0.009798643504463762,0.009995941314103097,0.009798643504463762,0.009995941314103097
2022-04-08,-0.01568583949824117,-0.014848107982430532,-0.021820270694186607,-0.01991458678116023,-0.021820270694186607,-0.01991458678116023,-0.021820270694186607,-0.01991458678116023
2022-04-15,-0.00606946686409544,-0.003973635285636601,-0.012265244359367069,-0.00646517956971147,-0.012265244359367069,-0.00646517956971147,-0.012265244359367069,-0.00646517956971147
2022-04-22,-0.02009736554800075,-0.01882922396394897,-0.01687001228091234,-0.0199282117891911,-0.01687001228091234,-0.0199282117891911,-0.01687001228091234,-0.0199282117891911
2022-04-29,-0.023127694896940894,-0.021397354501948438,-0.01441673740913462,-0.02020146106333131,-0.01441673740913462,-0.02020146106333131,-0.01441673740913462,-0.02020146106333131
2022-05-06,-0.01471863655225039,-0.018677113197138395,-0.01434432558244873,-0.0162594503698105,-0.01434432558244873,-0.0162594503698105,-0.01434432558244873,-0.0162594503698105
2022-05-13,-0.01776798254182546,-0.014131693948399356,-0.00032222375868702115,-0.008191818911868173,-0.00032222375868702115,-0.008191818911868173,-0.00032222375868702115,-0.008191818911868173
2022-05-20,-0.006035072690485841,-0.00267060759494674,-0.004240778402246156,0.005126122165423611,-0.004240778402246156,0.005126122165423611,-0.004240778402246156,0.005126122165423611
2022-05-27,0.03230846292768048,0.03483342483524606,0.037464452091440864,0.0402963557935653,0.037464452091440864,0.0402963557935653,0.037464452091440864,0.0402963557935653
2022-06-03,-0.004048776087512634,-0.005387268194382724,-0.008564734043666216,-0.007919768633071348,-0.008564734043666216,-0.007919768633071348,-0.008564734043666216,-0.007919768633071348
2022-06-10,-0.028113903880422363,-0.03296648032613065,-0.029246840079834913,-0.03369719360027414,-0.029246840079834913,-0.03369719360027414,-0.029246840079834913,-0.03369719360027414
2022-06-17,-0.0336004157625425,-0.04015641018870164,-0.04477618413611149,-0.03847530821641041,-0.04477618413611149,-0.03847530821641041,-0.04477618413611149,-0.03847530821641041
2022-06-24,0.023283983580725174,0.03042074939689715,0.025798365440017245,0.01911528759712119,0.025798365440017245,0.01911528759712119,0.025798365440017245,0.01911528759712119
2022-07-01,-0.016290059272869296,-0.012618383831282928,-0.010030405794820183,0.0005187928327726091,-0.010030405794820183,0.0005187928327726091,-0.010030405794820183,0.0005187928327726091
2022-07-08,-0.007652006960963681,0.0003797296876413671,-0.002940242115890681,-0.0022214523398371663,-0.002940242115890681,-0.0022214523398371663,-0.002940242115890681,-0.0022214523398371663
2022-07-15,-0.012843242400895126,-0.008365664277905126,0.008804898828224881,-0.0013096615540595757,0.008804898828224881,-0.0013096615540595757,0.008804898828224881,-0.0013096615540595757
2022-07-22,0.019081551885688434,0.019075396639785816,0.022480462781240773,0.01977873732524908,0.022480462781240773,0.01977873732524908,0.022480462781240773,0.01977873732524908
2022-07-29,0.03024636275249182,0.030915562949368737,0.030851235567920906,0.03248248257518154,0.030851235567920906,0.03248248257518154,0.030851235567920906,0.03248248257518154
2022-08-05,-0.010600027771953666,-0.005975066801858127,-0.003640318411854139,-0.005458355040201669,-0.003640318411854139,-0.005458355040201669,-0.003640318411854139,-0.005458355040201669
2022-08-12,0.024771380788373022,0.021701356832917195,0.018649430586529073,0.018667206929628234,0.018649430586529073,0.018667206929628234,0.018649430586529073,0.018667206929628234
2022-08-19,-0.021006006390204286,-0.023047858399539007,-0.02152489673512596,-0.020601949799659052,-0.02152489673512596,-0.020601949799659052,-0.02152489673512596,-0.020601949799659052
2022-08-26,-0.017674295321561267,-0.01756819099102102,-0.01893041890706516,-0.01661267084135613,-0.01893041890706516,-0.01661267084135613,-0.01893041890706516,-0.01661267084135613
2022-09-02,-0.032045562418328864,-0.03138120233386118,-0.0350036836330297,-0.03112171632636524,-0.0350036836330297,-0.03112171632636524,-0.0350036836330297,-0.03112171632636524
2022-09-09,0.01661162622420212,0.005729473816886176,0.01108993642456679,0.022287915406166533,0.01108993642456679,0.022287915406166533,0.01108993642456679,0.022287915406166533
2022-09-16,-0.030485084891610847,-0.0311459157887132,-0.02587566690584991,-0.028904324859716578,-0.02587566690584991,-0.028904324859716578,-0.02587566690584991,-0.028904324859716578
2022-09-23,-0.031315339898072364,-0.02890075732507594,-0.04340209076626053,-0.04026730743912728,-0.04340209076626053,-0.04026730743912728,-0.04340209076626053,-0.04026730743912728
2022-09-30,-0.01688844862103066,-0.014424908896021707,-0.018604858291573535,-0.017203115316254288,-0.018604858291573535,-0.017203115316254288,-0.018604858291573535,-0.017203115316254288
2022-10-07,0.024204060955589787,0.02360203685326637,0.012381686170591492,0.013775013960612101,0.012381686170591492,0.013775013960612101,0.012381686170591492,0.013775013960612101
2022-10-14,-0.023780822934761678,-0.025323332990794555,-0.020968211774238174,-0.020276525414610464,-0.020968211774238174,-0.020276525414610464,-0.020968211774238174,-0.020276525414610464
2022-10-21,0.020330620454639726,0.01687425436581782,0.00953329118591922,0.013364011210910373,0.00953329118591922,0.013364011210910373,0.00953329118591922,0.013364011210910373
2022-10-28,0.01980509385223576,0.027006915773675748,0.0266105825512295,0.026714227730501583,0.0266105825512295,0.026714227730501583,0.0266105825512295,0.026714227730501583
2022-11-04,-0.008936371477996537,-0.007102883943175603,-0.01389614351430862,0.0030136875936622298,-0.01389614351430862,0.0030136875936622298,-0.01389614351430862,0.0030136875936622298
2022-11-11,0.047035536575021644,0.04696891392640908,0.05281877011033673,0.04130285305102556,0.05281877011033673,0.04130285305102556,0.05281877011033673,0.04130285305102556
2022-11-18,-0.009580211946162437,-0.008559854664345338,-0.012825723707342782,-0.0036516286804125346,-0.012825723707342782,-0.0036516286804125346,-0.012825723707342782,-0.0036516286804125346
2022-11-25,0.008317894333533188,0.007886503083519871,0.006276866564825568,0.010002819041868269,0.006276866564825568,0.010002819041868269,0.006276866564825568,0.010002819041868269
2022-12-02,0.017201750503649867,0.018324172908265542,0.021411339055493417,0.020580850949038366,0.021411339055493417,0.020580850949038366,0.021411339055493417,0.020580850949038366
2022-12-09,-0.022795345286232102,-0.020212429478960847,-0.01963546787421879,-0.023065282403334594,-0.01963546787421879,-0.023065282403334594,-0.01963546787421879,-0.023065282403334594
2022-12-16,-0.009082962137851397,-0.007562946952817767,-0.00740732887848982,-0.006069053292527957,-0.00740732887848982,-0.006069053292527957,-0.00740732887848982,-0.006069053292527957
2022-12-23,-0.0019530238623244973,-0.009765770113243949,-0.009995200922930013,-0.008798814017212374,-0.009995200922930013,-0.008798814017212374,-0.009995200922930013,-0.008798814017212374
2022-12-30,-0.0008381428085843661,-0.0023304545432005943,-0.006426674226563443,-0.007764581545752502,-0.006426674226563443,-0.007764581545752502,-0.006426674226563443,-0.007764581545752502
2023-01-06,0.01213562246852674,0.013308919150911041,0.018900952816945066,0.027810928342438593,0.018900952816945066,0.027810928342438593,0.018900952816945066,0.027810928342438593
2023-01-13,0.03354104055011348,0.0334754878614697,0.03703404771293913,0.03161531580185752,0.03703404771293913,0.03161531580185752,0.03703404771293913,0.03161531580185752
2023-01-20,0.003906425180663911,0.0033272650637389675,-1.3338807291915283e-05,-0.000332639805149137,-1.3338807291915283e-05,-0.000332639805149137,-1.3338807291915283e-05,-0.000332639805149137
2023-01-27,0.011088090438030846,0.009568746364228489,0.0055874151208697735,0.006719328329884293,0.0055874151208697735,0.006719328329884293,0.0055874151208697735,0.006719328329884293
2023-02-03,-0.004064733747750694,-0.005819130645485234,-0.007887515425504596,-0.004139457324210227,-0.007887515425504596,-0.004139457324210227,-0.007887515425504596,-0.004139457324210227
2023-02-10,-0.007392991920639602,-0.003438837965374641,-0.006278715725320137,-0.014410916446570176,-0.006278715725320137,-0.014410916446570176,-0.006278715725320137,-0.014410916446570176
2023-02-17,-0.005238432448365882,-0.003729188370813606,-0.00032149124146563755,-0.004648745659164157,-0.00032149124146563755,-0.004648745659164157,-0.00032149124146563755,-0.004648745659164157
2023-02-24,-0.019760520455459556,-0.019785520455459553,-0.022496493229678907,-0.022835644096185995,-0.022496493229678907,-0.022835644096185995,-0.022496493229678907,-0.022835644096185995
2023-03-03,0.023324219981562023,0.023822086546924318,0.021517147929694395,0.017890673559137173,0.021517147929694395,0.017890673559137173,0.021517147929694395,0.017890673559137173
2023-03-10,-0.017547883936744706,-0.025760510948388767,-0.019847484901624055,-0.028451524238457045,-0.019847484901624055,-0.028451524238457045,-0.019847484901624055,-0.028451524238457045
2023-03-17,0.011870655210214322,0.011974816090309268,-0.0013010803369324954,0.004041757825115885,-0.0013010803369324954,0.004041757825115885,-0.0013010803369324954,0.004041757825115885
2023-03-24,0.013840946530596879,0.007565779435582936,0.00858372074328515,0.010131604007808775,0.00858372074328515,0.010131604007808775,0.00858372074328515,0.010131604007808775
2023-03-31,0.02274899682480229,0.02068748984283396,0.004285983381578737,0.019274007845973717,0.004285983381578737,0.019274007845973717,0.004285983381578737,0.019274007845973717
2023-04-07,0.0071986686113874225,0.006512728593873282,0.012091842861821894,0.004389095241617701,0.012091842861821894,0.004389095241617701,0.012091842861821894,0.004389095241617701
2023-04-14,0.004720280390532468,0.005396985211684541,-0.0020065587087175593,0.0011796542790644617,-0.0020065587087175593,0.0011796542790644617,-0.0020065587087175593,0.0011796542790644617
2023-04-21,-0.007605255807464238,-0.007279666258408498,-0.005390943324393659,-0.004239125127563207,-0.005390943324393659,-0.004239125127563207,-0.005390943324393659,-0.004239125127563207
2023-04-28,0.003901031436268057,0.004630640821555208,0.004748681288296809,0.0061997670750818835,0.004748681288296809,0.0061997670750818835,0.004748681288296809,0.0061997670750818835
2023-05-05,-0.0020237355148694258,-0.002812969415185069,-0.0014235828148677367,-0.001535387533784736,-0.0014235828148677367,-0.001535387533784736,-0.0014235828148677367,-0.001535387533784736
2023-05-12,-0.005471704547491974,-0.0049595283343693035,-0.0059121289127602615,-0.006018691821400137,-0.0059121289127602615,-0.006018691821400137,-0.0059121289127602615,-0.006018691821400137
2023-05-19,-0.0019286763558853419,-0.002010317543078443,-0.003527099673552631,-0.004060119508857661,-0.003527099673552631,-0.004060119508857661,-0.003527099673552631,-0.004060119508857661
2023-05-26,4.493027289896396e-05,0.0007906843597381358,-0.002670191309415043,-0.0007879854738210303,-0.002670191309415043,-0.0007879854738210303,-0.002670191309415043,-0.0007879854738210303
2023-06-02,0.006887424274139109,0.01075800467178087,0.01518132225004986,0.01315564770693994,0.01518132225004986,0.01315564770693994,0.01518132225004986,0.01315564770693994
2023-06-09,0.0012587010424432205,0.0006844378652618263,0.004128748921662789,0.0017419110681292,0.004128748921662789,0.0017419110681292,0.004128748921662789,0.0017419110681292
2023-06-16,0.01850283772217579,0.01746969495934596,0.014985187918842657,0.013751396879571118,0.014985187918842657,0.013751396879571118,0.014985187918842657,0.013751396879571118
2023-06-23,-0.015347462288428843,-0.015518001031070122,-0.022771293367006916,-0.016003856070864388,-0.022771293367006916,-0.016003856070864388,-0.022771293367006916,-0.016003856070864388
2023-06-30,0.009971758323466364,0.006577357888529039,0.017109948657351142,0.015954003656646235,0.017109948657351142,0.015954003656646235,0.017109948657351142,0.015954003656646235
2023-07-07,-0.010624739255381406,-0.007276842889058897,-0.011109109353527337,-0.010204041838819202,-0.011109109353527337,-0.010204041838819202,-0.011109109353527337,-0.010204041838819202
2023-07-14,0.02661237891907357,0.0262484357975954,0.02392794121412745,0.026135114031507537,0.02392794121412745,0.026135114031507537,0.02392794121412745,0.026135114031507537
2023-07-21,0.0031930305631332956,0.0030926330680984887,0.002667914581809942,0.0031372097056894276,0.002667914581809942,0.0031372097056894276,0.002667914581809942,0.0031372097056894276
2023-07-28,0.0075092064120147305,0.00497067949339586,0.007957886382941736,0.004832559589147483,0.007957886382941736,0.004832559589147483,0.007957886382941736,0.004832559589147483
2023-08-04,-0.019811886480020652,-0.019216026876373228,-0.015918471477142166,-0.017784935332848237,-0.015918471477142166,-0.017784935332848237,-0.015918471477142166,-0.017784935332848237
2023-08-11,-0.0023862494012796046,-0.003779815106252246,-0.008247852298861255,-0.00839133612560562,-0.008247852298861255,-0.00839133612560562,-0.008247852298861255,-0.00839133612560562
2023-08-18,-0.020167263108595054,-0.019030459780597146,-0.021294746711278855,-0.018983539660255785,-0.021294746711278855,-0.018983539660255785,-0.021294746711278855,-0.018983539660255785
2023-08-25,0.00908921340509069,0.010313652275398823,0.007959793278994546,0.008724980040478876,0.007959793278994546,0.008724980040478876,0.007959793278994546,0.008724980040478876
2023-09-01,0.01777279207249367,0.016986567260505764,0.01846087336255896,0.016458671029871617,0.01846087336255896,0.016458671029871617,0.01846087336255896,0.016458671029871617
2023-09-08,-0.006157837464000442,-0.006993101617761038,-0.01013499333462832,-0.00970728520325732,-0.01013499333462832,-0.00970728520325732,-0.01013499333462832,-0.00970728520325732
2023-09-15,0.004503617435034958,0.0017806842167198856,-0.0008717590540746518,0.001361684661103173,-0.0008717590540746518,0.001361684661103173,-0.0008717590540746518,0.001361684661103173
2023-09-22,-0.022291449218788156,-0.020000070841666384,-0.02096425088564045,-0.02092276344655387,-0.02096425088564045,-0.02092276344655387,-0.02096425088564045,-0.02092276344655387
2023-09-29,-0.014733200258265317,-0.014816533591598652,-0.012099878690712433,-0.012099275533520467,-0.012099878690712433,-0.012099275533520467,-0.012099878690712433,-0.012099275533520467
2023-10-06,-0.011224689226254525,-0.01290450191673541,-0.01392531100005594,-0.014495989507947598,-0.01392531100005594,-0.014495989507947598,-0.01392531100005594,-0.014495989507947598
2023-10-13,0.010629708712957134,0.012752176499064346,0.01388023996039064,0.015282470852167154,0.01388023996039064,0.015282470852167154,0.01388023996039064,0.015282470852167154
2023-10-20,-0.021125121425683714,-0.008464886698566616,-0.024529094805752705,-0.023670380745313555,-0.024529094805752705,-0.023670380745313555,-0.024529094805752705,-0.023670380745313555
2023-10-27,-0.010539013097474816,-0.005333923364063147,-0.004627826237766311,-0.01001011357988569,-0.004627826237766311,-0.01001011357988569,-0.004627826237766311,-0.01001011357988569
2023-11-03,0.029407760990719643,0.02951438636848553,0.032599685301335404,0.04528587534157138,0.032599685301335404,0.04528587534157138,0.032599685301335404,0.04528587534157138
2023-11-10,-0.007421367143658761,-0.0013784228736369562,-0.01257377427943953,-0.00844117550661206,-0.01257377427943953,-0.00844117550661206,-0.01257377427943953,-0.00844117550661206
2023-11-17,0.016107941810136688,0.017572511505212916,0.024065525167885373,0.024254604489938728,0.024065525167885373,0.024254604489938728,0.024065525167885373,0.024254604489938728
2023-11-24,0.006297534040305415,0.004420560689704254,0.0044009800040062915,0.005110550066061615,0.0044009800040062915,0.005110550066061615,0.0044009800040062915,0.005110550066061615
2023-12-01,0.018264982702093015,0.015005193309742018,0.017571025451978396,0.020160160798535703,0.017571025451978396,0.020160160798535703,0.017571025451978396,0.020160160798535703
2023-12-08,-0.009129913858534733,-0.011030169106243128,-0.01170213569155656,-0.007281042362122233,-0.01170213569155656,-0.007281042362122233,-0.01170213569155656,-0.007281042362122233
2023-12-15,0.024497920968618414,0.023389716426451157,0.025597021035810727,0.0288273565473238,0.025597021035810727,0.0288273565473238,0.025597021035810727,0.0288273565473238
2023-12-22,0.008289308223599173,0.010063956935366034,0.006466434065377421,0.008246714548669733,0.006466434065377421,0.008246714548669733,0.006466434065377421,0.008246714548669733
2023-12-29,0.0027335685555273286,0.0023435833649329348,0.0035335738764721465,0.00385764510891093,0.0035335738764721465,0.00385764510891093,0.0035335738764721465,0.00385764510891093
2024-01-05,-0.014344862176886125,-0.013695889987729495,-0.01741515808015586,-0.018480106635642125,-0.01741515808015586,-0.018480106635642125,-0.01741515808015586,-0.018480106635642125
2024-01-12,0.011047115264230587,0.010018753937573203,0.007755300421197377,0.008419411763856029,0.007755300421197377,0.008419411763856029,0.007755300421197377,0.008419411763856029
2024-01-19,-0.005947762828196604,-0.006019191399625175,-0.009763703516532322,-0.007855896515371216,-0.009763703516532322,-0.007855896515371216,-0.009763703516532322,-0.007855896515371216
2024-01-26,0.007207988305122393,0.006842013667285601,0.006335386841856355,0.007289784441446313,0.006335386841856355,0.007289784441446313,0.006335386841856355,0.007289784441446313
2024-02-02,0.00010721391391786206,-0.0018972037152487978,0.003985531372437272,0.003569401079437991,0.003985531372437272,0.003569401079437991,0.003985531372437272,0.003569401079437991
2024-02-09,0.00539004492414202,0.0035374236508810522,0.011489777407764174,0.00017879518162921854,0.011489777407764174,0.00017879518162921854,0.011489777407764174,0.00017879518162921854
2024-02-16,-0.005343879382390408,-0.004878275215081688,-0.005899955098581028,-0.003688526758091601,-0.005899955098581028,-0.003688526758091601,-0.005899955098581028,-0.003688526758091601
2024-02-23,0.008315346399021286,0.006692894999935471,0.007840920924461835,0.006496159375325719,0.007840920924461835,0.006496159375325719,0.007840920924461835,0.006496159375325719
2024-03-01,0.011740550426422969,0.013274622606675742,0.014612879243985683,0.012685083896175368,0.014612879243985683,0.012685083896175368,0.014612879243985683,0.012685083896175368
2024-03-08,0.008465436423472994,0.0027943988725809854,0.008940240196756237,0.00843626652521277,0.008940240196756237,0.00843626652521277,0.008940240196756237,0.00843626652521277
2024-03-15,-0.0022247000687975497,-0.004252096067699147,-0.010813922209256126,-0.009270237357992992,-0.010813922209256126,-0.009270237357992992,-0.010813922209256126,-0.009270237357992992
2024-03-22,0.011179468141538012,0.01302038933515323,0.008495839239847907,0.010905204088038951,0.008495839239847907,0.010905204088038951,0.008495839239847907,0.010905204088038951
2024-03-29,0.005930786320400238,0.0032590731569036918,0.009683026484080105,0.007676626238497567,0.009683026484080105,0.007676626238497567,0.009683026484080105,0.007676626238497567
2024-04-05,0.004234075102873502,0.0033904981999855707,0.0027297148978913674,-0.0036947367177435305,0.0027297148978913674,-0.0036947367177435305,0.0027297148978913674,-0.0036947367177435305
2024-04-12,-0.0071469721371646006,-0.00903224288343308,-0.014141997303069842,-0.01210380425664291,-0.014141997303069842,-0.01210380425664291,-0.014141997303069842,-0.01210380425664291
2024-04-19,-0.01560534626257425,-0.016142045058178452,-0.009914537416509394,-0.01977804362635712,-0.009914537416509394,-0.01977804362635712,-0.009914537416509394,-0.01977804362635712
2024-04-26,0.012484058574252863,0.010855182374231657,0.01074979516647968,0.01566704917856767,0.01074979516647968,0.01566704917856767,0.01074979516647968,0.01566704917856767
2024-05-03,0.002167771946381354,0.0061088443653222755,0.010157062981210933,0.008615160175249272,0.010157062981210933,0.008615160175249272,0.010157062981210933,0.008615160175249272
2024-05-10,0.01173178397541354,0.007228179547947719,0.00975100805079596,0.010563796745427357,0.00975100805079596,0.010563796745427357,0.00975100805079596,0.010563796745427357
2024-05-17,0.015429759050586534,0.01518542834931497,0.015436637346776326,0.015560375686476483,0.015436637346776326,0.015560375686476483,0.015436637346776326,0.015560375686476483
2024-05-24,-0.005907186735275925,-0.006810894248974749,-0.0075758244842011845,-0.007431906675546226,-0.0075758244842011845,-0.007431906675546226,-0.0075758244842011845,-0.007431906675546226
2024-05-31,-0.004590753213812995,-0.005366426031394236,-0.003698982479434385,-0.004408355409939669,-0.003698982479434385,-0.004408355409939669,-0.003698982479434385,-0.004408355409939669
2024-06-07,0.0009897761396245727,-0.0005285607936772454,-0.0003196750968444723,-0.00048744044662015835,-0.0003196750968444723,-0.00048744044662015835,-0.0003196750968444723,-0.00048744044662015835
2024-06-14,0.010541592437967363,0.008072218138879988,0.009769908656343907,0.01280106284956254,0.009769908656343907,0.01280106284956254,0.009769908656343907,0.01280106284956254
2024-06-21,0.0016424684591656075,0.0019178972558581808,0.0014147601735399172,0.002431916743794729,0.0014147601735399172,0.002431916743794729,0.0014147601735399172,0.002431916743794729
2024-06-28,0.0005672682887291334,0.0006267969490346192,-0.003492795832818592,-0.0012927556990470054,-0.003492795832818592,-0.0012927556990470054,-0.003492795832818592,-0.0012927556990470054
2024-07-05,0.018876215842184674,0.02131747390990979,0.016259950563764638,0.01480123676428087,0.016259950563764638,0.01480123676428087,0.016259950563764638,0.01480123676428087
2024-07-12,0.005598163568598246,0.00443408956363575,0.019031646322558517,0.01732382466817185,0.019031646322558517,0.01732382466817185,0.019031646322558517,0.01732382466817185
2024-07-19,-0.01183451852810708,-0.018984230467763215,-0.01742643719730213,-0.013504931886494266,-0.01742643719730213,-0.013504931886494266,-0.01742643719730213,-0.013504931886494266
2024-07-26,-0.0017436175559907645,-0.007416393405382415,-0.0013782054016509835,-0.0019453976103652678,-0.0013782054016509835,-0.0019453976103652678,-0.0013782054016509835,-0.0019453976103652678
2024-08-02,-0.0023445136327346853,-6.897672262462839e-05,-0.010377628979391783,-0.0044994243045299994,-0.010377628979391783,-0.0044994243045299994,-0.010377628979391783,-0.0044994243045299994
2024-08-09,-0.0020772286252351206,-0.0023105619585684543,-0.00043013341360451736,0.0007897256483366104,-0.00043013341360451736,0.0007897256483366104,-0.00043013341360451736,0.0007897256483366104
2024-08-16,0.02406720385771758,0.02406720385771758,0.013626645315373257,0.022869729947340964,0.013626645315373257,0.022869729947340964,0.013626645315373257,0.022869729947340964
2024-08-23,0.007497887691598303,0.012412973992332753,0.010998780298680417,0.014578951213691817,0.010998780298680417,0.014578951213691817,0.010998780298680417,0.014578951213691817
2024-08-30,-0.0016638331652533208,-0.0009962758237970469,-0.004208303138533142,-0.0050253747492770085,-0.004208303138533142,-0.0050253747492770085,-0.004208303138533142,-0.0050253747492770085
2024-09-06,-0.013647678545549042,-0.013760178545549041,-0.030443472085863867,-0.010762648435302462,-0.030443472085863867,-0.010762648435302462,-0.030443472085863867,-0.010762648435302462
2024-09-13,0.02179225846854466,0.02629745299829652,0.0286338093655228,0.028327075244626444,0.0286338093655228,0.028327075244626444,0.0286338093655228,0.028327075244626444
2024-09-20,0.009696000671233045,0.010082427107859044,-0.0004471411598582809,0.00802935930409643,-0.0004471411598582809,0.00802935930409643,-0.0004471411598582809,0.00802935930409643
2024-09-27,0.004188535717530258,0.007151123554149833,0.0035177566935460786,0.008398024469444822,0.0035177566935460786,0.008398024469444822,0.0035177566935460786,0.008398024469444822
2024-10-04,-0.0034786279526006964,-0.007614262255210842,0.0033270651195319812,-0.003634170109827126,0.0033270651195319812,-0.003634170109827126,0.0033270651195319812,-0.003634170109827126
2024-10-11,0.0016514438108615405,0.0028260152775148226,-0.001425731252336345,-0.003790455733766375,-0.001425731252336345,-0.003790455733766375,-0.001425731252336345,-0.003790455733766375
2024-10-18,0.008576302995393506,0.006509175793199022,-0.0006504726040376876,0.0014356435642353138,-0.0006504726040376876,0.0014356435642353138,-0.0006504726040376876,0.0014356435642353138
2024-10-25,-0.005259771009896308,-0.005459771009896307,-0.006816304315471692,-0.009562521166966721,-0.006816304315471692,-0.009562521166966721,-0.006816304315471692,-0.009562521166966721
2024-11-01,-0.006850682633130322,-0.007948282620458833,-0.00960313164279763,-0.010874557416919768,-0.00960313164279763,-0.010874557416919768,-0.00960313164279763,-0.010874557416919768
2024-11-08,0.014640412789107812,0.012437199029637512,0.01677574519310841,0.018063907442090885,0.01677574519310841,0.018063907442090885,0.01677574519310841,0.018063907442090885
2024-11-15,-0.022425674385545394,-0.028351945073636718,-0.028443011167173883,-0.028756450894239102,-0.028443011167173883,-0.028756450894239102,-0.028443011167173883,-0.028756450894239102
2024-11-22,0.018896456471121453,0.018212361012734032,0.021748983260726253,0.01919782545926305,0.021748983260726253,0.01919782545926305,0.021748983260726253,0.01919782545926305
2024-11-29,0.0052825925209007965,0.006732936563550765,0.012428447016204802,0.010145658924564392,0.012428447016204802,0.010145658924564392,0.012428447016204802,0.010145658924564392
2024-12-06,0.0013699104027943396,0.006763686080101458,-0.0014258993564841352,0.0009603830500860116,-0.0014258993564841352,0.0009603830500860116,-0.0014258993564841352,0.0009603830500860116
2024-12-13,-0.006159853557654848,-0.0011040509045813231,-0.01431367494484424,-0.008240562810492572,-0.01431367494484424,-0.008240562810492572,-0.01431367494484424,-0.008240562810492572
2024-12-20,-0.011357620010726068,-0.018050051814568518,-0.018301246268827117,-0.02029420643383632,-0.018301246268827117,-0.02029420643383632,-0.018301246268827117,-0.02029420643383632
2024-12-27,3.5357531937834676e-05,0.0010775566149989109,0.0033809530602329028,0.0018392149285238802,0.0033809530602329028,0.0018392149285238802,0.0033809530602329028,0.0018392149285238802
2025-01-03,0.0020504042246636827,0.0005388367798073957,0.0033034215364692167,0.0021088770384610146,0.0033034215364692167,0.0021088770384610146,0.0033034215364692167,0.0021088770384610146
2025-01-10,-0.004282974431767634,-0.004754759086061646,-0.013465461706818437,-0.008973517539215804,-0.013465461706818437,-0.008973517539215804,-0.013465461706818437,-0.008973517539215804
2025-01-17,0.014514512767492334,0.01908600930181319,0.022500425273460144,0.023566037570869575,0.022500425273460144,0.023566037570869575,0.022500425273460144,0.023566037570869575
2025-01-24,0.009809726384921728,0.015234557818178346,0.009986190208868283,0.010546221454560847,0.009986190208868283,0.010546221454560847,0.009986190208868283,0.010546221454560847
2025-01-31,0.0008860900010143559,-0.00037726556893039764,-0.0038581736205719835,-0.0034675091524236836,-0.0038581736205719835,-0.0034675091524236836,-0.0038581736205719835,-0.0034675091524236836
2025-02-07,0.0057119683602558915,0.007425852740453995,0.005751819759064711,0.006586827019428017,0.005751819759064711,0.006586827019428017,0.005751819759064711,0.006586827019428017
2025-02-14,0.008298280223557275,0.015007889979786436,0.010560181664282626,0.010951898858922027,0.010560181664282626,0.010951898858922027,0.010560181664282626,0.010951898858922027
2025-02-21,0.0003650479918170359,-0.001971632404422754,0.0005226748286194698,-0.0019560344477697477,0.0005226748286194698,-0.0019560344477697477,0.0005226748286194698,-0.0019560344477697477
2025-02-28,-0.004783223341902583,-0.008726435971270284,-0.01267853076900456,-0.01052258569856612,-0.01267853076900456,-0.01052258569856612,-0.01267853076900456,-0.01052258569856612
2025-03-07,0.0019993361207888394,0.0017892022313266633,-0.004010255043891176,-0.0017455952600546373,-0.004010255043891176,-0.0017455952600546373,-0.004010255043891176,-0.0017455952600546373
2025-03-14,-0.0034021499130711956,-0.0035021499130711954,-0.0033847779445711546,-0.005373752412002217,-0.0033847779445711546,-0.005373752412002217,-0.0033847779445711546,-0.005373752412002217
2025-03-21,0.005599677308329221,0.005599677308329221,0.004167829652683513,0.005240599982485379,0.004167829652683513,0.005240599982485379,0.004167829652683513,0.005240599982485379
2025-03-28,-0.0005431949725940262,-0.011630629290097274,-0.0036227512151495674,-0.005206793835141917,-0.0036227512151495674,-0.005206793835141917,-0.0036227512151495674,-0.005206793835141917
2025-04-04,-0.033622520173647814,-0.03782609002802655,-0.0662817465381792,-0.06551519428907442,-0.0662817465381792,-0.06551519428907442,-0.0662817465381792,-0.06551519428907442
2025-04-11,0.010457540612656937,0.03033247408870362,0.03294901999554291,0.02093866241406886,0.03294901999554291,0.02093866241406886,0.03294901999554291,0.02093866241406886
2025-04-18,0.010604726781428537,0.011695866419214287,0.002303239115044771,0.011754289960167141,0.002303239115044771,0.011754289960167141,0.002303239115044771,0.011754289960167141
2025-04-25,0.01407153004098784,0.023690178414731075,0.01209595589667835,0.01820434305182269,0.01209595589667835,0.01820434305182269,0.01209595589667835,0.01820434305182269
2025-05-02,9.91021833324137e-05,0.0061726883563151085,0.008839897966227521,0.008115176705231703,0.008839897966227521,0.008115176705231703,0.008839897966227521,0.008115176705231703
2025-05-09,0.0037270977353326858,0.004669090897631446,0.007340470510180435,0.0004041316174628543,0.007340470510180435,0.0004041316174628543,0.007340470510180435,0.0004041316174628543
2025-05-16,0.00620718757957531,0.010961775994970894,0.0250903815836827,0.017418263665478603,0.0250903815836827,0.017418263665478603,0.0250903815836827,0.017418263665478603
2025-05-23,0.0030062290496682513,0.004613535816594743,-0.007194153514658857,-0.0017620528909357467,-0.007194153514658857,-0.0017620528909357467,-0.007194153514658857,-0.0017620528909357467
2025-05-30,0.004821499818018323,0.005918927615911486,0.008011017178223724,0.008601934958609466,0.008011017178223724,0.008601934958609466,0.008011017178223724,0.008601934958609466
2025-06-06,0.004674573546102313,0.006663718932467377,0.014574883483916189,0.013797311803352339,0.014574883483916189,0.013797311803352339,0.014574883483916189,0.013797311803352339
2025-06-13,0.009769294270281757,0.006663506472304695,0.010728849669259348,0.009504513856576581,0.010728849669259348,0.009504513856576581,0.010728849669259348,0.009504513856576581
2025-06-20,-0.0018458478120052415,-0.0054027886409447915,6.601528851961708e-05,-0.00047879372050532796,6.601528851961708e-05,-0.00047879372050532796,6.601528851961708e-05,-0.00047879372050532796
2025-06-27,0.005609583777030405,0.01569796636073578,0.013071313723380036,0.01205709801093555,0.013071313723380036,0.01205709801093555,0.013071313723380036,0.01205709801093555
2025-07-04,0.01127475014283011,0.010372673812460851,0.014622629721366704,0.011971188905686953,0.014622629721366704,0.011971188905686953,0.014622629721366704,0.011971188905686953
2025-07-11,-0.0023824141200219475,-0.004453766699871998,-0.0013744841555291814,-0.0035455603051904746,-0.0013744841555291814,-0.0035455603051904746,-0.0013744841555291814,-0.0035455603051904746
2025-07-18,0.0021468162276927455,-2.236744271054121e-05,0.0030661409984989326,0.0018897614801453777,0.0030661409984989326,0.0018897614801453777,0.0030661409984989326,0.0018897614801453777
2025-07-25,0.005317345253298178,0.009877431837695096,0.007967713055421648,0.008405867385765011,0.007967713055421648,0.008405867385765011,0.007967713055421648,0.008405867385765011
2025-08-01,-0.0025686219766746037,-0.007434496144516983,-0.00969904497673371,-0.011550023419689054,-0.00969904497673371,-0.011550023419689054,-0.00969904497673371,-0.011550023419689054
2025-08-08,0.006915047679132074,0.011275305038986586,0.015067547143474252,0.015312143997473807,0.015067547143474252,0.015312143997473807,0.015067547143474252,0.015312143997473807
2025-08-15,-3.441057573708892e-05,0.0055148242244442945,0.007609647237703406,0.008998458836284022,0.007609647237703406,0.008998458836284022,0.007609647237703406,0.008998458836284022
