,SPY,QQQ,IWM,EFA,EEM,TLT,IEF,LQD,HYG,GLD,DBC,VNQ
2019-01-11,0.131791,0.115070,0.130557,0.115972,0.093201,0.042923,0.050013,0.038156,0.124825,0.036635,0.072988,0.047869
2019-01-18,0.082297,0.086316,0.079913,0.072126,0.073404,0.096712,0.111491,0.090043,0.072415,0.081086,0.074357,0.079840
2019-01-25,0.121402,0.110852,0.092877,0.091486,0.071529,0.063288,0.064222,0.074584,0.074133,0.062566,0.105389,0.067673
2019-02-01,0.090515,0.110928,0.096177,0.090698,0.084757,0.059262,0.059002,0.065155,0.068102,0.121868,0.075781,0.077756
2019-02-08,0.084830,0.089977,0.082639,0.078689,0.074163,0.077935,0.088443,0.075786,0.076974,0.075717,0.120698,0.074148
2019-02-15,0.082107,0.094687,0.079887,0.072699,0.072387,0.097138,0.087198,0.094555,0.075207,0.086905,0.081517,0.075713
2019-02-22,0.097423,0.080421,0.105982,0.101760,0.060573,0.066381,0.059716,0.066807,0.071262,0.076778,0.145426,0.067471
2019-03-01,0.084272,0.097541,0.086143,0.071135,0.084722,0.092244,0.091980,0.101389,0.071406,0.074123,0.073676,0.071369
2019-03-08,0.095914,0.108390,0.100285,0.085669,0.075115,0.077418,0.073230,0.070701,0.084432,0.083415,0.074897,0.070532
2019-03-15,0.075346,0.086189,0.077244,0.075486,0.071145,0.094771,0.086384,0.082732,0.071901,0.126184,0.077012,0.075606
2019-03-22,0.079722,0.105067,0.071675,0.092626,0.094084,0.096854,0.094120,0.090396,0.067373,0.077193,0.067983,0.062907
2019-03-29,0.068940,0.093106,0.086474,0.059991,0.063836,0.152632,0.149262,0.105881,0.052667,0.059856,0.054939,0.052417
2019-04-05,0.095891,0.109386,0.082747,0.082803,0.094950,0.074665,0.072324,0.073397,0.083831,0.077168,0.079322,0.073517
2019-04-12,0.087630,0.096667,0.099297,0.077142,0.085480,0.078577,0.076668,0.082108,0.078796,0.072031,0.084156,0.081448
2019-04-26,0.097524,0.095371,0.083480,0.091454,0.086701,0.074968,0.079368,0.073523,0.079029,0.073397,0.085624,0.079561
2019-05-03,0.082629,0.079788,0.095771,0.077028,0.074731,0.082759,0.092629,0.094341,0.078130,0.091211,0.071684,0.079299
2019-05-10,0.089233,0.119287,0.118107,0.084998,0.079215,0.070353,0.068974,0.091242,0.067961,0.076278,0.064327,0.070025
2019-05-17,0.090395,0.086289,0.081893,0.093175,0.084096,0.074221,0.073685,0.077823,0.085181,0.079520,0.082608,0.091115
2019-05-24,0.080139,0.092372,0.084154,0.077142,0.081406,0.092718,0.086254,0.083507,0.081374,0.078797,0.081660,0.080478
2019-05-31,0.076809,0.079413,0.096127,0.099969,0.071660,0.073879,0.070045,0.081558,0.067413,0.072468,0.137800,0.072858
2019-06-07,0.063117,0.075660,0.060677,0.056277,0.063526,0.134886,0.144042,0.070838,0.059750,0.115342,0.090980,0.064904
2019-06-14,0.088092,0.133422,0.073676,0.089222,0.069335,0.097963,0.092488,0.087150,0.065843,0.072124,0.069041,0.061643
2019-06-21,0.081526,0.087391,0.078985,0.075815,0.076380,0.091556,0.085955,0.082903,0.078863,0.080607,0.099005,0.081014
2019-06-28,0.080294,0.089651,0.078473,0.075406,0.077068,0.089754,0.083336,0.078381,0.075425,0.104304,0.091790,0.076119
2019-07-05,0.090624,0.088298,0.114832,0.085723,0.072629,0.074211,0.076777,0.089367,0.074649,0.079694,0.075556,0.077637
2019-07-12,0.078478,0.085502,0.086801,0.073092,0.073444,0.095193,0.094688,0.096556,0.073941,0.079116,0.087960,0.075229
2019-07-19,0.087178,0.101694,0.096008,0.075294,0.074433,0.078932,0.081364,0.078459,0.078589,0.092855,0.082692,0.072503
2019-07-26,0.079633,0.089202,0.080301,0.078373,0.077919,0.080272,0.079423,0.078993,0.078429,0.089894,0.108158,0.079402
2019-08-02,0.092672,0.117606,0.108527,0.074024,0.073562,0.079700,0.071229,0.077412,0.078163,0.074416,0.076677,0.076012
2019-08-09,0.073795,0.095094,0.074977,0.071278,0.071069,0.133689,0.092551,0.080287,0.072509,0.071624,0.081905,0.081222
2019-08-16,0.079440,0.091785,0.081952,0.075805,0.076151,0.078727,0.077747,0.078203,0.077856,0.076735,0.126032,0.079565
2019-08-23,0.116531,0.126645,0.133723,0.090081,0.084036,0.061439,0.058755,0.067195,0.071012,0.056916,0.061401,0.072265
2019-08-30,0.077580,0.131210,0.073975,0.050720,0.050203,0.141104,0.122938,0.071148,0.050039,0.130443,0.050683,0.049958
2019-09-06,0.082714,0.090152,0.081475,0.087956,0.094729,0.081134,0.080981,0.078752,0.077065,0.075630,0.089435,0.079977
2019-09-13,0.079509,0.086111,0.074130,0.080343,0.080669,0.110320,0.078034,0.099877,0.077252,0.072209,0.084901,0.076643
2019-09-20,0.075004,0.080601,0.079707,0.085190,0.081387,0.117121,0.106976,0.090263,0.069390,0.069914,0.076049,0.068397
2019-09-27,0.061187,0.073635,0.062942,0.059727,0.062845,0.136712,0.125490,0.121681,0.064967,0.102140,0.066972,0.061702
2019-10-04,0.080475,0.102970,0.080549,0.077689,0.077522,0.092250,0.092887,0.082658,0.078822,0.077216,0.079588,0.077376
2019-10-11,0.111789,0.123204,0.085755,0.076442,0.065943,0.090643,0.072510,0.085522,0.071216,0.060857,0.089692,0.066427
2019-10-18,0.092415,0.108809,0.109972,0.112045,0.087224,0.068369,0.071731,0.056406,0.073631,0.055582,0.105862,0.057953
2019-10-25,0.078885,0.091148,0.079440,0.079572,0.076264,0.083556,0.088011,0.087343,0.081257,0.079175,0.083503,0.091845
2019-11-01,0.088002,0.110963,0.089520,0.076205,0.085900,0.074363,0.073774,0.072646,0.077563,0.080690,0.099406,0.070969
2019-11-08,0.089653,0.093217,0.113211,0.079426,0.088060,0.060948,0.060358,0.065605,0.077907,0.063389,0.146721,0.061505
2019-11-15,0.088999,0.100720,0.089218,0.079191,0.075424,0.079371,0.078595,0.077980,0.083686,0.077134,0.091434,0.078249
2019-11-22,0.097013,0.102446,0.086126,0.085498,0.084734,0.073627,0.072075,0.073732,0.084129,0.070268,0.091428,0.078923
2019-11-29,0.085028,0.085967,0.086876,0.082257,0.077305,0.083849,0.078696,0.094931,0.095660,0.075622,0.078797,0.075012
2019-12-06,0.079809,0.083986,0.079652,0.076343,0.078718,0.081134,0.080808,0.078699,0.077883,0.104516,0.100114,0.078338
2019-12-13,0.101105,0.112282,0.103827,0.091076,0.077024,0.069862,0.070118,0.068806,0.073468,0.069178,0.091617,0.071637
2019-12-20,0.065696,0.074023,0.062242,0.075420,0.062613,0.127664,0.133460,0.118392,0.065873,0.073577,0.077442,0.063598
2019-12-27,0.091010,0.093191,0.082910,0.079216,0.081003,0.088077,0.082700,0.079176,0.076139,0.082181,0.078299,0.086100
2020-01-03,0.079830,0.081819,0.076880,0.081615,0.084729,0.087246,0.094034,0.087457,0.078409,0.079854,0.085171,0.082957
2020-01-10,0.057433,0.060213,0.057840,0.057536,0.058700,0.153617,0.142723,0.078699,0.057683,0.108991,0.101342,0.065225
2020-01-17,0.070717,0.073129,0.071380,0.069217,0.079765,0.127820,0.093802,0.091045,0.073937,0.091468,0.074551,0.083169
2020-01-24,0.085930,0.094346,0.077101,0.083316,0.086678,0.084705,0.078938,0.079357,0.076913,0.083957,0.089275,0.079485
2020-01-31,0.072305,0.074108,0.073580,0.069739,0.069492,0.124333,0.116718,0.083939,0.070751,0.093072,0.080279,0.071683
2020-02-07,0.079548,0.078801,0.077450,0.070925,0.069411,0.122471,0.133049,0.085004,0.065466,0.086169,0.066493,0.065213
2020-02-14,0.066653,0.068515,0.069257,0.065998,0.066614,0.154471,0.130608,0.098282,0.067199,0.076041,0.066882,0.069481
2020-02-21,0.078557,0.083153,0.073344,0.072757,0.075458,0.097197,0.099892,0.090302,0.075106,0.086860,0.076437,0.090939
2020-02-28,0.067596,0.083983,0.066513,0.064039,0.064401,0.121530,0.112715,0.077976,0.066373,0.138494,0.065608,0.070773
2020-03-06,0.047583,0.052703,0.053060,0.046002,0.046865,0.166531,0.174984,0.153640,0.061246,0.090873,0.056074,0.050440
2020-03-13,0.064404,0.069557,0.061961,0.055474,0.055905,0.137897,0.176005,0.111638,0.063455,0.056358,0.093588,0.053756
2020-03-20,0.050649,0.050821,0.084540,0.093332,0.087873,0.313673,0.027508,0.054155,0.084276,0.033383,0.034905,0.084884
2020-03-27,0.198838,0.244731,0.200641,0.032006,0.004483,0.007682,0.007167,0.004576,0.099739,0.006027,0.006640,0.187471
2020-04-03,0.211629,0.236703,0.204695,0.123658,0.054269,0.004148,0.006044,0.141794,0.004589,0.003768,0.004200,0.004504
2020-04-17,0.165321,0.198466,0.193095,0.097405,0.005399,0.004696,0.004024,0.223102,0.083311,0.004027,0.008469,0.012684
2020-04-24,0.032452,0.031245,0.040559,0.036948,0.025524,0.678206,0.017342,0.044477,0.022817,0.017818,0.019043,0.033569
2020-05-01,0.040063,0.043507,0.040718,0.028642,0.018991,0.025046,0.018366,0.402104,0.295316,0.016103,0.047721,0.023421
2020-05-08,0.168709,0.191741,0.158528,0.075003,0.023505,0.004404,0.003472,0.170548,0.072045,0.003452,0.005726,0.122867
2020-05-15,0.016988,0.016125,0.022377,0.014496,0.012853,0.308068,0.009584,0.544138,0.014265,0.007703,0.019396,0.014007
2020-05-22,0.098192,0.099828,0.106566,0.065685,0.058061,0.111677,0.048920,0.141909,0.066173,0.052787,0.078726,0.071476
2020-05-29,0.072038,0.069887,0.061797,0.048631,0.086352,0.051245,0.037773,0.396111,0.044711,0.036056,0.047375,0.048024
2020-06-05,0.070500,0.080969,0.272635,0.056888,0.054704,0.060823,0.049424,0.091106,0.053115,0.044236,0.077219,0.088380
2020-06-12,0.064784,0.067231,0.078730,0.051338,0.051162,0.344801,0.047024,0.076871,0.050672,0.034158,0.063170,0.070059
2020-06-19,0.036013,0.034221,0.044786,0.033604,0.029705,0.634000,0.020764,0.045803,0.034407,0.018472,0.023909,0.044315
2020-06-26,0.335220,0.066820,0.165206,0.032589,0.017195,0.026042,0.016903,0.115830,0.034581,0.021265,0.022290,0.146058
2020-07-10,0.245791,0.273856,0.236286,0.058211,0.004937,0.005477,0.004569,0.023097,0.057144,0.004064,0.009726,0.076840
2020-07-17,0.024558,0.024569,0.026150,0.019771,0.015546,0.139736,0.014853,0.666468,0.019326,0.012292,0.018046,0.018684
2020-07-24,0.106950,0.149364,0.109280,0.061051,0.049140,0.122992,0.044062,0.127852,0.062556,0.051142,0.051895,0.063717
2020-07-31,0.135537,0.282220,0.260541,0.011659,0.005552,0.008175,0.005339,0.260838,0.006842,0.006031,0.005957,0.011309
2020-08-07,0.019518,0.021092,0.342158,0.461954,0.011904,0.019783,0.010832,0.056449,0.014438,0.012500,0.013038,0.016332
2020-08-14,0.018000,0.389374,0.011089,0.012073,0.016370,0.098192,0.006706,0.387236,0.011223,0.006945,0.034435,0.008356
2020-08-21,0.030494,0.055666,0.033455,0.025456,0.010520,0.066146,0.010607,0.716384,0.017074,0.009345,0.010982,0.013870
2020-08-28,0.056614,0.053523,0.464895,0.053533,0.032230,0.047454,0.031495,0.101685,0.040681,0.028062,0.050306,0.039523
2020-09-04,0.090550,0.092092,0.092526,0.070668,0.066304,0.092627,0.059872,0.132936,0.069992,0.094662,0.069197,0.068573
2020-09-11,0.138310,0.272812,0.043202,0.005161,0.004402,0.190031,0.007589,0.315157,0.006364,0.004285,0.006565,0.006122
2020-09-18,0.036286,0.528823,0.201702,0.018777,0.015413,0.020299,0.014650,0.093128,0.017530,0.012610,0.017526,0.023255
2020-09-25,0.244298,0.301894,0.018645,0.013423,0.005243,0.013269,0.004934,0.212572,0.007578,0.004708,0.005512,0.167925
2020-10-02,0.053113,0.064017,0.049225,0.029849,0.023216,0.036840,0.023164,0.599564,0.035700,0.020333,0.024856,0.040123
2020-10-09,0.310701,0.523022,0.012215,0.009635,0.008209,0.022030,0.006971,0.063561,0.008725,0.006585,0.018558,0.009788
2020-10-16,0.093641,0.110855,0.096372,0.068335,0.053859,0.083303,0.047210,0.158700,0.065892,0.088474,0.056389,0.076971
2020-10-23,0.036259,0.293998,0.047209,0.013976,0.011503,0.028994,0.010854,0.495306,0.015699,0.010220,0.015126,0.020856
2020-10-30,0.105033,0.140538,0.096159,0.066322,0.052264,0.078817,0.051504,0.153536,0.066261,0.043131,0.080930,0.065507
2020-11-06,0.175504,0.260547,0.164066,0.007894,0.004655,0.107992,0.004417,0.255080,0.004651,0.003865,0.004152,0.007178
2020-11-13,0.023457,0.022876,0.161420,0.008547,0.006996,0.301766,0.007872,0.423739,0.015507,0.006313,0.007631,0.013876
2020-11-20,0.086511,0.084308,0.092680,0.068278,0.050255,0.088314,0.037948,0.264109,0.055635,0.043638,0.048591,0.079733
2020-11-27,0.262548,0.346859,0.023718,0.011495,0.009250,0.015187,0.009507,0.272689,0.014367,0.008638,0.010533,0.015209
2020-12-04,0.122449,0.100763,0.108258,0.064211,0.052409,0.086271,0.056962,0.151031,0.064226,0.043510,0.053083,0.096825
2020-12-11,0.012778,0.015237,0.016568,0.009454,0.007943,0.383133,0.009760,0.511013,0.009517,0.006505,0.007977,0.010118
2020-12-18,0.106453,0.216906,0.227703,0.043298,0.028903,0.043301,0.031551,0.166395,0.039952,0.027379,0.029843,0.038315
2021-01-08,0.113412,0.120577,0.092991,0.023651,0.013598,0.031128,0.013159,0.262757,0.016932,0.012950,0.015318,0.283528
2021-01-15,0.036179,0.039566,0.084038,0.026238,0.031832,0.070624,0.019393,0.524112,0.024401,0.094158,0.024397,0.025062
2021-01-22,0.172742,0.285951,0.326622,0.113818,0.008013,0.009670,0.007864,0.024854,0.008784,0.007437,0.025578,0.008667
2021-01-29,0.138025,0.172359,0.033895,0.031852,0.019588,0.028150,0.020528,0.357361,0.026882,0.018356,0.128964,0.024039
2021-02-05,0.246086,0.276598,0.175595,0.122337,0.010576,0.019602,0.004257,0.120712,0.005690,0.004153,0.004472,0.009922
2021-02-12,0.021536,0.025506,0.020247,0.014389,0.011968,0.246746,0.010732,0.594314,0.013833,0.014178,0.012655,0.013897
2021-02-19,0.015578,0.016910,0.017160,0.010469,0.008103,0.375693,0.009352,0.505519,0.010326,0.007653,0.012462,0.010775
2021-02-26,0.034901,0.131626,0.014397,0.008461,0.006969,0.285289,0.008071,0.479260,0.008517,0.006981,0.007110,0.008417
2021-03-05,0.217030,0.020029,0.044611,0.252507,0.014962,0.010823,0.018242,0.009165,0.021734,0.022215,0.233510,0.135173
2021-03-12,0.039796,0.039091,0.038721,0.023713,0.020810,0.031728,0.018483,0.683707,0.024067,0.017239,0.037797,0.024847
2021-03-19,0.007751,0.231006,0.007435,0.005734,0.007929,0.286467,0.031559,0.396453,0.007222,0.005438,0.005248,0.007758
2021-03-26,0.068244,0.083665,0.084168,0.066742,0.079964,0.102699,0.063914,0.074873,0.080657,0.078990,0.154829,0.061254
2021-04-09,0.102107,0.098456,0.096883,0.079410,0.101515,0.056513,0.054231,0.056037,0.063974,0.064385,0.138822,0.087668
2021-04-16,0.102813,0.105695,0.084811,0.082115,0.072187,0.081757,0.077330,0.077577,0.077070,0.084355,0.076955,0.077334
2021-04-23,0.085434,0.089093,0.083640,0.090807,0.076736,0.082474,0.075075,0.086731,0.072273,0.104445,0.075440,0.077853
2021-04-30,0.098308,0.110259,0.118161,0.085230,0.086737,0.069519,0.064263,0.071626,0.072625,0.067568,0.084982,0.070722
2021-05-07,0.077024,0.086566,0.086972,0.075472,0.075596,0.098840,0.088421,0.096028,0.076206,0.080908,0.075544,0.082422
2021-05-14,0.084998,0.096003,0.097801,0.089416,0.077977,0.068273,0.070309,0.069516,0.066428,0.103883,0.091527,0.083869
2021-05-21,0.093156,0.120919,0.106930,0.084756,0.074917,0.098063,0.067277,0.087228,0.058928,0.079597,0.065607,0.062623
2021-05-28,0.076899,0.085892,0.084747,0.076351,0.070273,0.099215,0.081047,0.081918,0.079744,0.082340,0.107638,0.073936
2021-06-04,0.083370,0.098019,0.082549,0.079375,0.083839,0.081170,0.079927,0.084286,0.075412,0.094725,0.073344,0.083982
2021-06-11,0.075009,0.108328,0.061855,0.065426,0.061058,0.127672,0.112577,0.109908,0.058145,0.088823,0.078084,0.053114
2021-06-18,0.081778,0.094851,0.106235,0.080302,0.073619,0.082008,0.076922,0.085905,0.078159,0.090998,0.074704,0.074518
2021-06-25,0.062254,0.064765,0.070656,0.064533,0.054641,0.183151,0.134281,0.103115,0.057446,0.060324,0.087986,0.056847
2021-07-02,0.085827,0.086232,0.081764,0.079470,0.089722,0.089089,0.076843,0.076599,0.079718,0.095348,0.074060,0.085329
2021-07-09,0.083381,0.107592,0.063541,0.068304,0.062809,0.101316,0.108605,0.085719,0.068352,0.093367,0.090045,0.066968
2021-07-16,0.088691,0.081419,0.116627,0.104816,0.089696,0.077919,0.065960,0.060597,0.063171,0.074013,0.094196,0.082894
2021-07-23,0.079908,0.090754,0.083053,0.076895,0.076665,0.086501,0.086264,0.082865,0.079103,0.092891,0.083891,0.081210
2021-07-30,0.105037,0.118856,0.081451,0.085044,0.067952,0.075529,0.071060,0.073675,0.077106,0.076837,0.086278,0.081175
2021-08-06,0.073590,0.082109,0.075037,0.072106,0.072171,0.111602,0.114068,0.085418,0.074108,0.086976,0.075107,0.077709
2021-08-13,0.066206,0.067124,0.076119,0.059692,0.059231,0.094806,0.076363,0.079751,0.061340,0.233831,0.063655,0.061882
2021-08-20,0.059849,0.069781,0.056164,0.065045,0.054691,0.153186,0.126770,0.116253,0.062115,0.118599,0.056391,0.061157
2021-08-27,0.089269,0.108571,0.118193,0.071944,0.065473,0.075196,0.066957,0.072656,0.074052,0.072099,0.114268,0.071322
2021-09-03,0.073031,0.082604,0.128264,0.067305,0.068343,0.084695,0.081788,0.093901,0.060135,0.109500,0.086909,0.063526
2021-09-10,0.075174,0.090509,0.073594,0.082645,0.082056,0.083988,0.075227,0.075809,0.075224,0.131709,0.079209,0.074856
2021-09-17,0.075802,0.080549,0.077226,0.075207,0.076853,0.087073,0.080544,0.078288,0.075644,0.079088,0.138333,0.075392
2021-09-24,0.081707,0.090448,0.087935,0.081289,0.078770,0.085525,0.084614,0.082247,0.080014,0.086152,0.083116,0.078183
2021-10-01,0.084802,0.088216,0.079340,0.076780,0.076565,0.093977,0.083496,0.080547,0.078031,0.084629,0.096897,0.076721
2021-10-08,0.089949,0.073645,0.094606,0.059217,0.055983,0.102900,0.101105,0.122572,0.063046,0.065928,0.096672,0.074375
2021-10-15,0.079657,0.082513,0.079771,0.080801,0.086923,0.086933,0.081964,0.085005,0.077226,0.089309,0.092933,0.076966
2021-10-22,0.094707,0.094760,0.070843,0.090837,0.094793,0.074772,0.081136,0.072346,0.068625,0.087436,0.099178,0.070568
2021-10-29,0.066389,0.069419,0.067400,0.077633,0.065499,0.143887,0.097808,0.104111,0.064086,0.093587,0.078549,0.071632
2021-11-05,0.083342,0.097687,0.081695,0.074376,0.076239,0.104339,0.088637,0.082524,0.075529,0.083016,0.077298,0.075317
2021-11-12,0.058636,0.057856,0.082166,0.054810,0.053162,0.137224,0.115763,0.118033,0.065447,0.105343,0.093982,0.057577
2021-11-19,0.094842,0.113208,0.077582,0.083550,0.076944,0.076074,0.099301,0.074730,0.074456,0.081796,0.074821,0.072696
2021-11-26,0.067408,0.086317,0.068398,0.065627,0.068211,0.145177,0.103090,0.105918,0.068119,0.069347,0.086169,0.066218
2021-12-03,0.045568,0.044948,0.058073,0.044508,0.043506,0.131158,0.152123,0.087792,0.036069,0.035659,0.281480,0.039117
2021-12-10,0.057673,0.071197,0.068032,0.056249,0.056955,0.129944,0.136408,0.149989,0.059605,0.089666,0.066783,0.057501
2021-12-17,0.097487,0.108448,0.070281,0.072005,0.070435,0.072717,0.078648,0.079301,0.077134,0.084050,0.117532,0.071962
2021-12-31,0.069572,0.069839,0.096874,0.068069,0.066731,0.149344,0.096674,0.090665,0.068261,0.070503,0.084729,0.068739
2022-01-07,0.076219,0.079163,0.080522,0.077391,0.075386,0.096782,0.080268,0.079865,0.078510,0.111028,0.083332,0.081535
2022-01-14,0.074681,0.082507,0.079136,0.083461,0.097421,0.084537,0.081321,0.081208,0.074344,0.096905,0.090499,0.073982
2022-01-21,0.071744,0.094037,0.077457,0.069191,0.070655,0.098096,0.092097,0.091151,0.068959,0.069611,0.130339,0.066664
2022-01-28,0.071207,0.095883,0.067007,0.058913,0.057500,0.136170,0.141751,0.129027,0.060359,0.058751,0.065130,0.058301
2022-02-04,0.145167,0.172912,0.102726,0.054903,0.056134,0.058717,0.071812,0.059446,0.058999,0.050976,0.055639,0.112570
2022-02-11,0.078604,0.121258,0.080821,0.070325,0.070278,0.093597,0.094869,0.094162,0.063845,0.072783,0.096136,0.063322
2022-02-18,0.056018,0.088718,0.047323,0.047121,0.045311,0.123490,0.177300,0.112622,0.044777,0.120924,0.091957,0.044440
2022-02-25,0.067486,0.077409,0.070332,0.066323,0.066119,0.144207,0.115318,0.095098,0.075205,0.070988,0.084786,0.066729
2022-03-04,0.124902,0.097090,0.109203,0.121458,0.079921,0.057157,0.052976,0.077833,0.070114,0.048248,0.074786,0.086312
2022-03-11,0.046116,0.054563,0.050914,0.059983,0.047926,0.135472,0.158933,0.054088,0.047054,0.102127,0.192138,0.050687
2022-03-18,0.073090,0.096429,0.076321,0.067690,0.071860,0.094203,0.075825,0.075097,0.071285,0.069075,0.162496,0.066631
2022-03-25,0.087337,0.131419,0.083276,0.076733,0.081318,0.124578,0.087650,0.072088,0.067952,0.056434,0.074419,0.056796
2022-04-01,0.081811,0.073557,0.075145,0.069862,0.064583,0.097933,0.127235,0.087721,0.068887,0.066292,0.098124,0.088851
2022-04-08,0.069861,0.067672,0.095351,0.085708,0.098611,0.088592,0.086035,0.094775,0.064086,0.061684,0.089600,0.098026
2022-04-22,0.069101,0.081701,0.070277,0.071970,0.072338,0.090673,0.087034,0.092632,0.069605,0.093037,0.129596,0.072036
2022-04-29,0.042386,0.046523,0.037340,0.030104,0.027080,0.032007,0.034932,0.030859,0.028578,0.029196,0.632536,0.028459
2022-05-06,0.107995,0.158554,0.079717,0.055024,0.060352,0.080573,0.071986,0.093043,0.069028,0.057101,0.087737,0.078891
2022-05-13,0.071562,0.087447,0.079937,0.069464,0.069577,0.114530,0.096674,0.102336,0.071230,0.078465,0.089897,0.068882
2022-05-20,0.115424,0.143204,0.122176,0.114956,0.090779,0.066718,0.052746,0.048350,0.045450,0.041556,0.078450,0.080192
2022-05-27,0.066781,0.074371,0.064649,0.076021,0.067031,0.136618,0.126328,0.117052,0.061797,0.065227,0.075345,0.068782
2022-06-03,0.120116,0.135524,0.110530,0.067885,0.059498,0.062899,0.062565,0.085453,0.084596,0.048714,0.076710,0.085510
2022-06-10,0.082454,0.159874,0.070268,0.069537,0.067068,0.081450,0.076744,0.075456,0.070613,0.070661,0.110016,0.065862
2022-06-17,0.085428,0.156341,0.068935,0.060701,0.046754,0.057610,0.095291,0.076719,0.072335,0.092462,0.136096,0.051328
2022-06-24,0.020798,0.033997,0.024678,0.017407,0.019303,0.026603,0.023111,0.025687,0.021958,0.017672,0.748312,0.020475
2022-07-01,0.135073,0.127939,0.114226,0.116096,0.078838,0.071271,0.053012,0.056100,0.069774,0.042178,0.067420,0.068074
2022-07-08,0.075799,0.075241,0.074929,0.051168,0.044904,0.097599,0.145559,0.154657,0.094652,0.047700,0.067833,0.069960
2022-07-15,0.070320,0.092142,0.072095,0.068755,0.066142,0.098590,0.105439,0.077033,0.071368,0.068142,0.147122,0.062853
2022-07-22,0.100333,0.099146,0.093332,0.079340,0.051248,0.077154,0.082753,0.109220,0.110668,0.045611,0.085729,0.065466
2022-07-29,0.039862,0.072635,0.042092,0.037176,0.035869,0.102367,0.120583,0.090692,0.038201,0.041598,0.337998,0.040927
2022-08-05,0.110433,0.128729,0.077987,0.094759,0.055777,0.073917,0.079079,0.088001,0.071023,0.065552,0.091374,0.063369
2022-08-12,0.052650,0.066997,0.068183,0.047828,0.051140,0.148406,0.184641,0.127326,0.049868,0.052127,0.098582,0.052253
2022-08-19,0.088042,0.096026,0.087064,0.056020,0.055846,0.091599,0.084805,0.128720,0.081839,0.065377,0.101540,0.063120
2022-08-26,0.064120,0.123740,0.070637,0.056031,0.053250,0.110907,0.136270,0.134948,0.066842,0.054235,0.076318,0.052702
2022-09-02,0.106046,0.208711,0.082711,0.064516,0.048326,0.096318,0.063706,0.069217,0.083351,0.053057,0.070324,0.053717
2022-09-09,0.065903,0.116585,0.062195,0.057563,0.056488,0.109517,0.141290,0.084602,0.062113,0.089529,0.096781,0.057435
2022-09-16,0.089542,0.108640,0.091551,0.110259,0.066099,0.073577,0.068381,0.074185,0.060820,0.057104,0.142784,0.057059
2022-09-23,0.070417,0.110726,0.072326,0.062466,0.061018,0.098853,0.101416,0.083778,0.084196,0.081610,0.107865,0.065329
2022-09-30,0.020531,0.036540,0.021261,0.022949,0.017320,0.025750,0.024370,0.019416,0.021691,0.019256,0.755600,0.015316
2022-10-07,0.047003,0.093841,0.039083,0.036558,0.035948,0.068428,0.055770,0.048531,0.038040,0.038196,0.451370,0.047232
2022-10-14,0.090395,0.241044,0.071887,0.048831,0.047889,0.070805,0.083109,0.099980,0.063562,0.047964,0.085294,0.049241
2022-10-21,0.029222,0.073968,0.026575,0.019163,0.017960,0.025620,0.034715,0.037170,0.018464,0.019867,0.677364,0.019912
2022-10-28,0.107290,0.103537,0.088240,0.079857,0.061813,0.109091,0.078829,0.074751,0.083746,0.095321,0.068268,0.049256
2022-11-04,0.079241,0.087587,0.066880,0.044077,0.030087,0.049825,0.070681,0.053212,0.054226,0.031714,0.379955,0.052516
2022-11-11,0.068060,0.077934,0.059600,0.115418,0.101323,0.089686,0.061150,0.060629,0.059402,0.124928,0.133975,0.047893
2022-11-18,0.078836,0.107397,0.070316,0.095683,0.099612,0.074209,0.082200,0.084988,0.064466,0.064461,0.127830,0.050002
2022-11-25,0.072387,0.092890,0.072781,0.058687,0.051662,0.084437,0.096975,0.079235,0.065028,0.052982,0.202323,0.070614
2022-12-02,0.056709,0.088348,0.058345,0.057630,0.046972,0.073941,0.080217,0.075616,0.050587,0.051367,0.305095,0.055171
2022-12-09,0.046067,0.069595,0.052433,0.041419,0.043601,0.094751,0.075398,0.085186,0.043497,0.039776,0.368225,0.040051
2022-12-16,0.056611,0.094138,0.055838,0.054076,0.049203,0.182888,0.159759,0.100853,0.056811,0.059346,0.078849,0.051629
2022-12-23,0.053983,0.093722,0.047546,0.044147,0.047571,0.085784,0.075262,0.067417,0.047526,0.066011,0.322066,0.048966
2022-12-30,0.076841,0.099716,0.068247,0.059872,0.052321,0.129903,0.114305,0.080619,0.067029,0.059293,0.128183,0.063670
2023-01-06,0.065955,0.106508,0.062919,0.056740,0.055443,0.119459,0.123652,0.110692,0.066555,0.069835,0.106437,0.055806
2023-01-13,0.094103,0.093965,0.082682,0.088853,0.066132,0.096394,0.080251,0.072876,0.095611,0.087830,0.066760,0.074542
2023-01-20,0.074332,0.107521,0.073787,0.064705,0.061850,0.096832,0.131042,0.083113,0.060522,0.092247,0.101568,0.052482
2023-01-27,0.104352,0.120823,0.085211,0.062436,0.067368,0.114077,0.129607,0.077254,0.056658,0.045005,0.076958,0.060251
2023-02-03,0.061259,0.095072,0.061469,0.048448,0.046225,0.074751,0.082831,0.071601,0.050447,0.048008,0.298755,0.061134
2023-02-10,0.017090,0.044912,0.015307,0.014652,0.015148,0.031999,0.061528,0.041815,0.019514,0.022602,0.700156,0.015278
2023-02-17,0.068371,0.102247,0.062731,0.052836,0.051399,0.112585,0.136527,0.113349,0.062363,0.058563,0.121153,0.057877
2023-02-24,0.059805,0.096433,0.062428,0.057963,0.050106,0.108805,0.106543,0.099686,0.072548,0.059639,0.174437,0.051606
2023-03-03,0.060159,0.132762,0.054871,0.057075,0.056209,0.113951,0.149409,0.105833,0.056870,0.051871,0.108330,0.052660
2023-03-10,0.084699,0.094839,0.070740,0.069293,0.052449,0.111637,0.100410,0.095197,0.087482,0.069588,0.103402,0.060262
2023-03-17,0.058954,0.113250,0.071181,0.045121,0.044356,0.139041,0.108475,0.096022,0.052621,0.126333,0.090447,0.054198
2023-03-24,0.059660,0.081321,0.073534,0.050559,0.048614,0.119534,0.116821,0.100324,0.054890,0.172460,0.069272,0.053010
2023-03-31,0.084064,0.095533,0.084470,0.056808,0.056233,0.100762,0.100086,0.099950,0.061357,0.060007,0.090398,0.110332
2023-04-14,0.089120,0.100106,0.090749,0.055075,0.046605,0.106781,0.099074,0.105408,0.099448,0.045753,0.082899,0.078981
2023-04-21,0.073009,0.102115,0.069350,0.063525,0.062393,0.103065,0.138743,0.088065,0.068624,0.080679,0.085649,0.064783
2023-04-28,0.079237,0.105244,0.076974,0.076290,0.062129,0.093949,0.108613,0.093540,0.085315,0.067098,0.083239,0.068372
2023-05-05,0.081115,0.090029,0.075299,0.053436,0.057736,0.123457,0.115301,0.111749,0.073064,0.054895,0.094020,0.069900
2023-05-12,0.100446,0.106225,0.103359,0.073839,0.061573,0.065513,0.107039,0.061674,0.068193,0.051275,0.133837,0.067027
2023-05-19,0.070216,0.085843,0.068496,0.063869,0.061844,0.100207,0.167326,0.103509,0.067278,0.064600,0.080312,0.066499
2023-05-26,0.070164,0.083931,0.067049,0.077497,0.066396,0.096001,0.126559,0.087992,0.075654,0.102167,0.080346,0.066243
2023-06-02,0.085151,0.117777,0.073395,0.065722,0.074891,0.094922,0.091534,0.088815,0.077269,0.057570,0.110254,0.062699
2023-06-09,0.082802,0.068624,0.133014,0.067028,0.067278,0.075125,0.162124,0.058277,0.065098,0.048688,0.092006,0.079936
2023-06-16,0.078465,0.096642,0.069953,0.067326,0.073761,0.095314,0.129387,0.089914,0.075460,0.067417,0.089891,0.066468
2023-06-23,0.069948,0.079642,0.069732,0.067357,0.066493,0.089745,0.120735,0.082864,0.068976,0.069241,0.145315,0.069953
2023-06-30,0.063724,0.074456,0.067685,0.065235,0.061068,0.131100,0.128271,0.098701,0.063591,0.071231,0.113306,0.061632
2023-07-07,0.085985,0.099861,0.063485,0.077698,0.062315,0.112264,0.092963,0.110036,0.072611,0.070154,0.092997,0.059632
2023-07-14,0.066835,0.074677,0.095310,0.081543,0.084521,0.085399,0.099994,0.079979,0.071986,0.090246,0.103792,0.065718
2023-07-21,0.075288,0.083629,0.072991,0.068822,0.068655,0.093686,0.132526,0.111439,0.076316,0.070781,0.073166,0.072701
2023-07-28,0.073614,0.078650,0.071052,0.073165,0.068336,0.097512,0.115450,0.101076,0.083052,0.067977,0.093183,0.076932
2023-08-04,0.078148,0.108476,0.081685,0.063869,0.097148,0.088570,0.100953,0.106608,0.077433,0.072255,0.071308,0.053546
2023-08-11,0.057227,0.064299,0.059392,0.061047,0.056039,0.151662,0.135922,0.141463,0.087341,0.065536,0.065072,0.055000
2023-08-18,0.077619,0.082887,0.081805,0.070519,0.071576,0.097415,0.124640,0.086935,0.074798,0.076451,0.077298,0.078057
2023-08-25,0.070553,0.075993,0.080793,0.065770,0.061497,0.106050,0.124716,0.112571,0.070635,0.067504,0.093469,0.070448
2023-09-01,0.086653,0.096566,0.075389,0.076638,0.064375,0.100718,0.096641,0.084599,0.084390,0.063525,0.104594,0.065912
2023-09-08,0.067473,0.069248,0.094092,0.061078,0.080714,0.117160,0.117128,0.085654,0.069426,0.063601,0.110107,0.064318
2023-09-15,0.077907,0.085489,0.072998,0.069871,0.073473,0.116202,0.111221,0.095366,0.073330,0.073623,0.080503,0.070016
2023-09-22,0.077348,0.093632,0.074227,0.071844,0.070987,0.095168,0.110353,0.086763,0.072322,0.099112,0.075245,0.073000
2023-09-29,0.063105,0.070621,0.064813,0.064564,0.082709,0.124810,0.127868,0.128061,0.071161,0.071642,0.069475,0.061170
2023-10-06,0.075934,0.085928,0.075957,0.073587,0.077471,0.103637,0.108123,0.084757,0.075833,0.077893,0.078837,0.082043
2023-10-13,0.098946,0.120872,0.084033,0.084640,0.084928,0.091906,0.092282,0.066788,0.065607,0.074543,0.071627,0.063827
2023-10-20,0.046847,0.053084,0.047626,0.045894,0.046367,0.129742,0.110566,0.091268,0.048521,0.181144,0.150962,0.047978
2023-10-27,0.068725,0.076636,0.067590,0.063133,0.063076,0.118868,0.150735,0.111950,0.075925,0.073793,0.065332,0.064236
2023-11-03,0.066176,0.086393,0.068623,0.065483,0.067174,0.084913,0.106689,0.075186,0.067739,0.115272,0.129656,0.066696
2023-11-10,0.069822,0.078664,0.124363,0.067202,0.082201,0.087997,0.113865,0.085759,0.096122,0.056704,0.049383,0.087917
2023-11-17,0.107816,0.128983,0.083381,0.062772,0.064154,0.096432,0.084719,0.099600,0.075845,0.057002,0.070683,0.068613
2023-11-24,0.065197,0.066098,0.101177,0.097222,0.063194,0.103557,0.091891,0.091827,0.070433,0.063587,0.122775,0.063043
2023-12-01,0.073309,0.073038,0.090548,0.089000,0.071139,0.111882,0.105282,0.082789,0.070190,0.087531,0.069598,0.075694
2023-12-08,0.055693,0.051771,0.120223,0.061688,0.048686,0.118959,0.113621,0.125653,0.078352,0.098457,0.045138,0.081757
2023-12-15,0.081493,0.084474,0.091837,0.075535,0.067317,0.097855,0.115593,0.083858,0.068662,0.075820,0.087143,0.070413
2023-12-22,0.075988,0.093792,0.075922,0.073839,0.072956,0.108876,0.100679,0.085160,0.074891,0.077303,0.085425,0.075168
2023-12-29,0.079500,0.080487,0.101409,0.076088,0.071394,0.093582,0.096297,0.081799,0.073830,0.089397,0.075454,0.080764
2024-01-05,0.076678,0.078144,0.084380,0.080827,0.078785,0.108215,0.097125,0.086604,0.076353,0.078748,0.077941,0.076200
2024-01-12,0.078789,0.080306,0.075262,0.076462,0.076893,0.104637,0.098048,0.082026,0.079041,0.078062,0.095746,0.074727
2024-01-19,0.070593,0.071894,0.069924,0.075978,0.073208,0.086109,0.117604,0.093500,0.072902,0.108806,0.081942,0.077542
2024-01-26,0.101785,0.135280,0.084932,0.064933,0.077757,0.094562,0.084564,0.076694,0.067449,0.069771,0.062650,0.079624
2024-02-02,0.075745,0.076040,0.080311,0.085982,0.077890,0.098077,0.096184,0.084177,0.076392,0.078093,0.095057,0.076052
2024-02-09,0.091204,0.120831,0.058061,0.055831,0.057173,0.140557,0.153924,0.088306,0.057341,0.059280,0.060535,0.056957
2024-02-16,0.082776,0.099630,0.123153,0.074548,0.073981,0.089441,0.087699,0.076030,0.076484,0.066822,0.077559,0.071877
2024-02-23,0.073194,0.076966,0.078994,0.079212,0.083350,0.096449,0.105942,0.083852,0.073543,0.088684,0.086205,0.073607
2024-03-01,0.066584,0.064595,0.071880,0.066992,0.064651,0.154113,0.129964,0.093908,0.067587,0.081815,0.071657,0.066254
2024-03-08,0.073654,0.094100,0.075283,0.070326,0.069330,0.089960,0.102065,0.099462,0.065245,0.125798,0.066474,0.068302
2024-03-15,0.070190,0.080186,0.075749,0.069995,0.072006,0.091984,0.103562,0.090721,0.074543,0.105001,0.071721,0.094344
2024-03-22,0.074688,0.081236,0.084050,0.077851,0.073454,0.101860,0.097338,0.089308,0.076884,0.075630,0.090559,0.077143
2024-04-05,0.066714,0.072480,0.070349,0.066276,0.064842,0.142565,0.144942,0.103841,0.067380,0.067606,0.066751,0.066254
2024-04-12,0.092342,0.099008,0.068510,0.066127,0.063930,0.101252,0.095567,0.067868,0.061070,0.139329,0.076873,0.068124
2024-04-19,0.072428,0.077908,0.074786,0.070710,0.071984,0.117444,0.137349,0.095002,0.068334,0.074162,0.073869,0.066024
2024-04-26,0.069025,0.088796,0.076343,0.071530,0.068065,0.111540,0.104185,0.088466,0.077705,0.078689,0.087540,0.078115
2024-05-03,0.085383,0.113380,0.082050,0.075695,0.077647,0.102006,0.101996,0.096676,0.071325,0.067733,0.063971,0.062138
2024-05-10,0.087172,0.121276,0.073142,0.072122,0.064171,0.111717,0.117240,0.112564,0.067636,0.054372,0.057284,0.061304
2024-05-17,0.079244,0.084095,0.075216,0.079810,0.079242,0.091128,0.093437,0.081960,0.074794,0.109057,0.075940,0.076079
2024-05-24,0.071249,0.070547,0.072233,0.074053,0.073617,0.084608,0.083174,0.072623,0.069789,0.149143,0.109015,0.069949
2024-05-31,0.080727,0.093336,0.093669,0.082059,0.068193,0.095534,0.092759,0.091824,0.078999,0.068487,0.087017,0.067397
2024-06-07,0.086010,0.062474,0.080882,0.081780,0.058354,0.110688,0.125819,0.103345,0.074588,0.060112,0.059408,0.096542
2024-06-14,0.062976,0.065193,0.064838,0.062406,0.061045,0.130775,0.142839,0.092516,0.061708,0.123302,0.070735,0.061668
2024-06-21,0.068933,0.081745,0.071462,0.065457,0.068982,0.131956,0.106521,0.080538,0.065477,0.124540,0.065388,0.069001
2024-06-28,0.075953,0.077032,0.084755,0.073257,0.074464,0.099430,0.097862,0.088871,0.082221,0.088565,0.075532,0.082058
2024-07-05,0.068585,0.070664,0.082396,0.073126,0.073537,0.149556,0.098893,0.087240,0.068968,0.073507,0.068766,0.084761
2024-07-12,0.070431,0.087747,0.058441,0.070042,0.062910,0.111885,0.127123,0.104458,0.068720,0.107668,0.067926,0.062648
2024-07-19,0.080166,0.080962,0.096822,0.090790,0.069838,0.102001,0.098702,0.100267,0.074503,0.066356,0.063360,0.076232
2024-07-26,0.076225,0.080526,0.078074,0.074876,0.074833,0.095786,0.092739,0.085494,0.078516,0.098297,0.085226,0.079407
2024-08-02,0.083934,0.081969,0.094640,0.081997,0.067259,0.100126,0.107009,0.099504,0.063975,0.085018,0.053848,0.080723
2024-08-09,0.056031,0.066012,0.072567,0.048819,0.045766,0.196419,0.187303,0.129240,0.045703,0.047106,0.056972,0.048061
2024-08-16,0.073336,0.078826,0.065140,0.069835,0.070095,0.129549,0.116557,0.111418,0.064023,0.069741,0.082119,0.069361
2024-08-23,0.067688,0.068998,0.070296,0.072590,0.081483,0.090855,0.089439,0.087042,0.074416,0.171911,0.061171,0.064111
2024-08-30,0.070002,0.072675,0.129791,0.087173,0.069701,0.076448,0.086140,0.083557,0.063936,0.076056,0.106486,0.078035
2024-09-06,0.102656,0.118595,0.086070,0.072346,0.072422,0.095833,0.081402,0.072797,0.071137,0.069319,0.071557,0.085866
2024-09-13,0.084338,0.114293,0.083935,0.080151,0.073443,0.089704,0.097967,0.078347,0.071830,0.072898,0.079053,0.074041
2024-09-20,0.074011,0.075314,0.145974,0.065651,0.067598,0.085715,0.086731,0.086411,0.071652,0.094704,0.069409,0.076831
2024-09-27,0.074093,0.077385,0.075877,0.072492,0.073531,0.087213,0.085895,0.086426,0.079847,0.134468,0.078950,0.073823
2024-10-04,0.068521,0.069730,0.087490,0.065898,0.067853,0.105976,0.122141,0.105357,0.078376,0.069161,0.087857,0.071641
2024-10-11,0.090260,0.105750,0.104822,0.074156,0.077121,0.088111,0.129476,0.070573,0.062622,0.063420,0.071447,0.062243
2024-10-18,0.080309,0.072679,0.134722,0.075286,0.075699,0.075038,0.079976,0.071677,0.075428,0.105365,0.070577,0.083242
2024-10-25,0.079050,0.091738,0.071837,0.084491,0.086512,0.084133,0.088754,0.072723,0.078989,0.111529,0.069186,0.081059
2024-11-01,0.077904,0.099555,0.077709,0.074671,0.076803,0.085004,0.084759,0.079269,0.076394,0.084328,0.108839,0.074765
2024-11-08,0.083941,0.100753,0.089037,0.077030,0.074538,0.103474,0.098780,0.080772,0.074439,0.071872,0.074710,0.070654
2024-11-15,0.074327,0.070869,0.082678,0.064956,0.069506,0.152463,0.093102,0.094074,0.070344,0.064503,0.072316,0.090863
2024-11-22,0.080905,0.110985,0.081619,0.074720,0.078311,0.083999,0.091765,0.086017,0.078250,0.078064,0.075930,0.079435
2024-11-29,0.074703,0.075523,0.127241,0.075059,0.068633,0.080248,0.081572,0.077474,0.068188,0.120592,0.072708,0.078059
2024-12-06,0.073557,0.085794,0.068142,0.093767,0.061795,0.118725,0.108474,0.114773,0.065776,0.086277,0.064429,0.058490
2024-12-13,0.076404,0.104270,0.081721,0.072524,0.071237,0.088400,0.116519,0.092218,0.077877,0.075899,0.070646,0.072284
2024-12-20,0.077775,0.107745,0.076144,0.074585,0.078371,0.094705,0.093362,0.085877,0.073741,0.082850,0.078961,0.075883
2024-12-27,0.094068,0.083564,0.080209,0.056739,0.062690,0.091515,0.101056,0.089574,0.086631,0.091960,0.076756,0.085238
2025-01-03,0.080025,0.089414,0.084272,0.078114,0.075918,0.092199,0.086335,0.084143,0.076013,0.078944,0.098448,0.076173
2025-01-10,0.109517,0.131394,0.110764,0.073197,0.079438,0.071556,0.071088,0.066784,0.070187,0.065484,0.063262,0.087328
2025-01-17,0.068725,0.073032,0.074693,0.063570,0.061234,0.068149,0.094443,0.069876,0.060508,0.096080,0.203427,0.066264
2025-01-24,0.100961,0.141255,0.079247,0.075952,0.079846,0.085743,0.084007,0.078167,0.071541,0.067759,0.066290,0.069230
2025-01-31,0.070062,0.073100,0.072783,0.083535,0.081266,0.105653,0.102985,0.090432,0.075758,0.092564,0.075018,0.076845
2025-02-07,0.079177,0.086474,0.082182,0.078497,0.077848,0.090865,0.088595,0.084745,0.079047,0.089401,0.081716,0.081454
2025-02-14,0.080000,0.089877,0.082124,0.077428,0.080157,0.087916,0.088679,0.085466,0.077382,0.087411,0.084089,0.079473
2025-02-21,0.069623,0.082675,0.070808,0.071138,0.079802,0.103924,0.127120,0.104971,0.072407,0.079157,0.071357,0.067019
2025-02-28,0.071551,0.084009,0.084305,0.059534,0.060890,0.147422,0.146889,0.093127,0.060670,0.063797,0.067486,0.060322
2025-03-07,0.111708,0.114812,0.081534,0.059665,0.054258,0.126763,0.119006,0.089752,0.064644,0.056274,0.055232,0.066351
2025-03-14,0.086648,0.099791,0.080319,0.098644,0.077381,0.075953,0.074967,0.072116,0.076307,0.074359,0.104531,0.078983
2025-03-21,0.127129,0.143208,0.120362,0.098321,0.080876,0.055160,0.056040,0.054102,0.066113,0.053533,0.063446,0.081711
2025-03-28,0.084875,0.100579,0.081134,0.077415,0.077969,0.088748,0.086862,0.083688,0.079291,0.082247,0.078745,0.078448
2025-04-04,0.069749,0.093684,0.065389,0.054106,0.056430,0.143659,0.162451,0.110562,0.054665,0.077613,0.055129,0.056562
2025-04-11,0.178298,0.210536,0.073945,0.142484,0.053940,0.064208,0.045118,0.032089,0.042148,0.048869,0.064292,0.044073
2025-04-25,0.095657,0.094739,0.082327,0.113051,0.110713,0.072263,0.058144,0.052459,0.056104,0.109024,0.093878,0.061643
2025-05-02,0.089519,0.112050,0.070592,0.072032,0.062697,0.108462,0.106083,0.112657,0.066546,0.066447,0.069436,0.063478
2025-05-09,0.102122,0.103893,0.119207,0.106755,0.117892,0.066371,0.070704,0.055088,0.063075,0.058578,0.066615,0.069701
2025-05-16,0.076895,0.087625,0.076129,0.082022,0.080947,0.087545,0.083045,0.076333,0.073281,0.094360,0.101506,0.080311
2025-05-23,0.094735,0.097168,0.096761,0.074980,0.069425,0.092105,0.078781,0.087401,0.073345,0.075860,0.068811,0.090627
2025-05-30,0.068529,0.082770,0.068859,0.068626,0.070363,0.082051,0.098691,0.074857,0.065508,0.167273,0.085120,0.067353
2025-06-06,0.079315,0.088454,0.076575,0.078075,0.071026,0.091455,0.112644,0.102203,0.077308,0.074291,0.073430,0.075224
2025-06-13,0.101649,0.105649,0.115869,0.069355,0.066160,0.084429,0.092659,0.071725,0.062900,0.069973,0.091164,0.068467
2025-06-20,0.068593,0.086936,0.071571,0.061515,0.059698,0.074053,0.066640,0.070746,0.058395,0.107347,0.216138,0.058370
2025-06-27,0.080476,0.090046,0.080575,0.073938,0.072785,0.084527,0.088228,0.087481,0.090020,0.078659,0.096375,0.076889
2025-07-11,0.095799,0.100656,0.081210,0.099032,0.071167,0.081758,0.077296,0.076157,0.073321,0.092489,0.073362,0.077754
2025-07-18,0.073056,0.085279,0.075707,0.067673,0.066937,0.099637,0.079450,0.080771,0.067436,0.104883,0.129056,0.070115
2025-07-25,0.080803,0.092815,0.076640,0.071899,0.071328,0.090432,0.107673,0.091169,0.077811,0.081727,0.081245,0.076457
2025-08-01,0.088663,0.093764,0.085181,0.069730,0.067632,0.112408,0.096788,0.098954,0.071972,0.071490,0.072403,0.071014
2025-08-08,0.067049,0.117456,0.058915,0.046720,0.045016,0.119920,0.164231,0.119256,0.047812,0.110899,0.055809,0.046916
