Date,lvl,slope,curv
1990-01-12,7.99,0.20000000000000018,-0.05000000000000071
1990-01-19,8.1,0.35999999999999943,-0.049999999999998934
1990-01-26,8.26,0.2599999999999998,-0.0600000000000005
1990-02-02,8.49,0.5600000000000005,-0.00999999999999801
1990-02-09,8.5,0.4299999999999997,-0.02999999999999936
1990-02-16,8.31,0.2900000000000009,0.019999999999997797
1990-02-23,8.42,0.47999999999999954,0.040000000000000924
1990-03-02,8.53,0.5999999999999996,-0.019999999999997797
1990-03-09,8.54,0.5199999999999996,-0.019999999999999574
1990-03-16,8.65,0.39000000000000057,-0.02000000000000135
1990-03-23,8.59,0.40000000000000036,-0.010000000000001563
1990-03-30,8.52,0.3699999999999992,-0.05000000000000071
1990-04-06,8.65,0.5800000000000001,0.009999999999999787
1990-04-13,8.56,0.5400000000000009,0.02000000000000135
1990-04-20,8.64,0.620000000000001,0.029999999999997584
1990-04-27,8.95,0.9999999999999991,-0.00999999999999801
1990-05-04,9.06,1.0099999999999998,0.08000000000000007
1990-05-11,8.84,0.8200000000000003,0.060000000000002274
1990-05-18,8.64,0.7600000000000007,0.08999999999999986
1990-05-25,8.75,0.7400000000000002,0.09999999999999964
1990-06-01,8.69,0.6799999999999997,0.0
1990-06-08,8.44,0.4999999999999991,-0.00999999999999801
1990-06-15,8.46,0.5000000000000009,0.049999999999998934
1990-06-22,8.46,0.5100000000000007,0.02999999999999936
1990-06-29,8.51,0.47000000000000064,0.010000000000001563
1990-07-06,8.43,0.4299999999999997,0.02999999999999936
1990-07-13,8.51,0.5,0.049999999999998934
1990-07-20,8.45,0.5999999999999996,0.0600000000000005
1990-07-27,8.48,0.6900000000000004,-1.7763568394002505e-15
1990-08-03,8.42,0.6500000000000004,0.08000000000000007
1990-08-10,8.43,0.9100000000000001,0.0
1990-08-17,8.68,1.04,0.07000000000000028
1990-08-24,8.8,1.080000000000001,0.07000000000000028
1990-08-31,9.05,1.3100000000000005,0.129999999999999
1990-09-07,8.86,1.2299999999999995,0.07000000000000028
1990-09-14,8.81,1.1800000000000006,0.049999999999998934
1990-09-21,8.87,1.2799999999999994,0.060000000000002274
1990-09-28,8.99,1.3900000000000006,0.05000000000000071
1990-10-05,8.82,1.4500000000000002,0.10000000000000142
1990-10-12,8.65,1.3800000000000008,0.08000000000000007
1990-10-19,8.84,1.4699999999999998,0.09999999999999787
1990-10-26,8.62,1.1399999999999988,0.030000000000001137
1990-11-02,8.63,1.2700000000000005,0.02999999999999936
1990-11-09,8.57,1.2600000000000007,0.07000000000000028
1990-11-16,8.49,1.2200000000000006,0.09999999999999964
1990-11-23,8.3,0.9900000000000011,0.03999999999999915
1990-11-30,8.28,1.0299999999999994,0.02999999999999936
1990-12-07,8.26,1.0199999999999996,0.02999999999999936
1990-12-14,8.03,0.9299999999999997,-0.019999999999999574
1990-12-21,8.05,0.9900000000000011,0.08000000000000007
1990-12-28,8.11,1.3199999999999994,0.08999999999999986
1991-01-04,8.14,1.5000000000000009,0.16999999999999993
1991-01-11,8.02,1.2899999999999991,0.11000000000000121
1991-01-18,8.2,1.8599999999999994,0.240000000000002
1991-01-25,8.03,1.7899999999999991,0.1899999999999995
1991-02-01,8.06,1.7100000000000009,0.17999999999999972
1991-02-08,7.91,1.7400000000000002,0.16000000000000014
1991-02-15,7.77,1.6799999999999997,0.23000000000000043
1991-02-22,7.78,1.7000000000000002,0.21999999999999975
1991-03-01,7.91,1.79,0.25
1991-03-08,8.12,1.8499999999999996,0.26000000000000156
1991-03-15,8.13,1.9700000000000006,0.3299999999999983
1991-03-22,8.1,2.119999999999999,0.3500000000000014
1991-03-29,8.13,2.070000000000001,0.3800000000000008
1991-04-05,8.05,2.130000000000001,0.39000000000000057
1991-04-12,7.99,2.1000000000000005,0.39000000000000057
1991-04-19,7.98,2.3000000000000007,0.41999999999999815
1991-04-26,8.1,2.17,0.47000000000000064
1991-05-03,8.06,2.2700000000000005,0.40999999999999837
1991-05-10,8.04,2.3999999999999995,0.5
1991-05-17,8.12,2.469999999999999,0.5299999999999994
1991-05-24,8.08,2.51,0.5999999999999996
1991-05-31,8.1,2.5299999999999994,0.5699999999999985
1991-06-07,8.06,2.3500000000000005,0.6400000000000006
1991-06-14,8.29,2.549999999999999,0.6500000000000004
1991-06-21,8.29,2.5199999999999996,0.5700000000000021
1991-06-28,8.32,2.5700000000000003,0.6400000000000006
1991-07-05,8.24,2.5300000000000002,0.6600000000000001
1991-07-12,8.34,2.58,0.6400000000000006
1991-07-19,8.26,2.54,0.6600000000000019
1991-07-26,8.28,2.5199999999999996,0.6500000000000004
1991-08-02,8.2,2.4399999999999995,0.5900000000000016
1991-08-09,8.06,2.4300000000000006,0.4900000000000002
1991-08-16,7.98,2.5,0.5499999999999989
1991-08-23,7.84,2.42,0.5100000000000016
1991-08-30,7.88,2.3200000000000003,0.4400000000000004
1991-09-06,7.82,2.33,0.5
1991-09-13,7.76,2.3099999999999996,0.46000000000000085
1991-09-20,7.66,2.3500000000000005,0.41999999999999993
1991-09-27,7.57,2.2200000000000006,0.4299999999999997
1991-10-04,7.49,2.21,0.39000000000000057
1991-10-11,7.39,2.2199999999999998,0.3199999999999994
1991-10-18,7.49,2.3500000000000005,0.27999999999999936
1991-10-25,7.53,2.3500000000000005,0.27999999999999936
1991-11-01,7.68,2.5699999999999994,0.3100000000000005
1991-11-08,7.48,2.5900000000000007,0.28999999999999915
1991-11-15,7.41,2.66,0.28000000000000025
1991-11-22,7.33,2.6100000000000003,0.29000000000000004
1991-11-29,7.44,2.8900000000000006,0.18999999999999861
1991-12-06,7.38,2.91,0.20000000000000107
1991-12-13,7.26,2.8999999999999995,0.16999999999999904
1991-12-20,7.22,2.96,0.29000000000000004
1991-12-27,6.97,3.13,0.2699999999999996
1992-01-03,6.82,2.8600000000000003,0.33000000000000007
1992-01-10,6.85,2.8999999999999995,0.4500000000000002
1992-01-17,6.85,2.9299999999999997,0.5
1992-01-24,7.09,3.1999999999999997,0.6100000000000012
1992-01-31,7.25,3.34,0.4200000000000008
1992-02-07,7.31,3.3699999999999997,0.46000000000000085
1992-02-14,7.2,3.3600000000000003,0.6300000000000008
1992-02-21,7.41,3.52,0.620000000000001
1992-02-28,7.45,3.42,0.6299999999999981
1992-03-06,7.27,3.2399999999999993,0.620000000000001
1992-03-13,7.48,3.3400000000000007,0.6199999999999992
1992-03-20,7.71,3.55,0.7099999999999982
1992-03-27,7.64,3.4799999999999995,0.7399999999999993
1992-04-03,7.54,3.4299999999999997,0.7199999999999998
1992-04-10,7.42,3.3600000000000003,0.7299999999999986
1992-04-17,7.37,3.63,0.71
1992-04-24,7.45,3.72,0.7299999999999995
1992-05-01,7.55,3.79,0.8199999999999994
1992-05-08,7.56,3.8399999999999994,0.7500000000000009
1992-05-15,7.41,3.69,0.7600000000000016
1992-05-22,7.28,3.62,0.8099999999999996
1992-05-29,7.35,3.5799999999999996,0.7900000000000009
1992-06-05,7.33,3.54,0.7000000000000011
1992-06-12,7.31,3.5399999999999996,0.6600000000000001
1992-06-19,7.29,3.54,0.6300000000000008
1992-06-26,7.24,3.5,0.6600000000000001
1992-07-03,7.15,3.4400000000000004,0.6299999999999999
1992-07-10,6.93,3.6199999999999997,0.5599999999999996
1992-07-17,6.93,3.6399999999999997,0.5300000000000002
1992-07-24,6.9,3.6700000000000004,0.47000000000000064
1992-07-31,6.73,3.5000000000000004,0.33999999999999986
1992-08-07,6.72,3.4699999999999998,0.54
1992-08-14,6.57,3.3600000000000003,0.3699999999999992
1992-08-21,6.53,3.4000000000000004,0.41000000000000014
1992-08-28,6.53,3.39,0.41999999999999993
1992-09-04,6.63,3.4,0.40999999999999925
1992-09-11,6.4,3.4200000000000004,0.3099999999999987
1992-09-18,6.37,3.39,0.41999999999999993
1992-09-25,6.41,3.47,0.5500000000000007
1992-10-02,6.41,3.5500000000000003,0.47000000000000064
1992-10-09,6.26,3.57,0.46999999999999975
1992-10-16,6.52,3.6299999999999994,0.4800000000000004
1992-10-23,6.6,3.6299999999999994,0.5000000000000009
1992-10-30,6.83,3.83,0.6200000000000001
1992-11-06,6.8,3.77,0.6000000000000005
1992-11-13,6.97,3.84,0.589999999999999
1992-11-20,6.82,3.6700000000000004,0.6200000000000001
1992-11-27,6.84,3.56,0.6600000000000001
1992-12-04,6.93,3.5999999999999996,0.7400000000000002
1992-12-11,6.84,3.52,0.6800000000000006
1992-12-18,6.8,3.48,0.6199999999999992
1992-12-25,6.76,3.53,0.7200000000000006
1993-01-01,6.69,3.4600000000000004,0.7499999999999991
1993-01-08,6.7,3.5500000000000003,0.8200000000000003
1993-01-15,6.75,3.62,0.6899999999999995
1993-01-22,6.6,3.5999999999999996,0.6900000000000004
1993-01-29,6.57,3.5400000000000005,0.669999999999999
1993-02-05,6.39,3.4299999999999997,0.5500000000000007
1993-02-12,6.32,3.3600000000000003,0.4499999999999993
1993-02-19,6.35,3.3599999999999994,0.5900000000000007
1993-02-26,6.15,3.16,0.4599999999999991
1993-03-05,6.03,3.0200000000000005,0.46999999999999975
1993-03-12,5.9,2.8300000000000005,0.46999999999999886
1993-03-19,6.11,3.0700000000000003,0.47999999999999865
1993-03-26,5.95,2.9200000000000004,0.4399999999999995
1993-04-02,6.09,3.09,0.5300000000000011
1993-04-09,6.16,3.19,0.46999999999999886
1993-04-16,5.97,3.01,0.4400000000000004
1993-04-23,5.89,2.9899999999999998,0.47000000000000064
1993-04-30,5.89,2.9899999999999998,0.47999999999999954
1993-05-07,6.05,3.0799999999999996,0.39999999999999947
1993-05-14,5.92,2.9899999999999998,0.3700000000000001
1993-05-21,6.03,3.0000000000000004,0.41999999999999904
1993-05-28,6.16,3.0900000000000003,0.3799999999999999
1993-06-04,6.16,3.0300000000000002,0.33999999999999986
1993-06-11,6.11,2.93,0.3000000000000007
1993-06-18,5.97,2.8499999999999996,0.3199999999999994
1993-06-25,5.97,2.84,0.33000000000000096
1993-07-02,5.84,2.69,0.3200000000000003
1993-07-09,5.76,2.7399999999999998,0.27000000000000135
1993-07-16,5.76,2.67,0.2599999999999998
1993-07-23,5.71,2.63,0.28000000000000025
1993-07-30,5.95,2.79,0.3600000000000003
1993-08-06,5.83,2.73,0.3600000000000003
1993-08-13,5.86,2.7500000000000004,0.3700000000000001
1993-08-20,5.72,2.63,0.4400000000000004
1993-08-27,5.61,2.5500000000000003,0.3799999999999999
1993-09-03,5.48,2.3900000000000006,0.3099999999999996
1993-09-10,5.31,2.3099999999999996,0.28000000000000114
1993-09-17,5.29,2.27,0.25
1993-09-24,5.38,2.37,0.22999999999999954
1993-10-01,5.42,2.4299999999999997,0.29999999999999893
1993-10-08,5.34,2.36,0.2599999999999998
1993-10-15,5.26,2.21,0.1800000000000015
1993-10-22,5.19,2.1100000000000003,0.13999999999999968
1993-10-29,5.42,2.31,0.1899999999999995
1993-11-05,5.43,2.3299999999999996,0.2400000000000002
1993-11-12,5.75,2.62,0.27000000000000046
1993-11-19,5.66,2.48,0.2699999999999987
1993-11-26,5.84,2.6399999999999997,0.2600000000000007
1993-12-03,5.78,2.6,0.21999999999999975
1993-12-10,5.8,2.6199999999999997,0.28000000000000025
1993-12-17,5.73,2.6100000000000003,0.3199999999999994
1993-12-24,5.81,2.7199999999999998,0.33000000000000007
1993-12-31,5.72,2.59,0.2999999999999998
1994-01-07,5.83,2.7600000000000002,0.33999999999999986
1994-01-14,5.7,2.6300000000000003,0.27000000000000046
1994-01-21,5.78,2.7500000000000004,0.29000000000000004
1994-01-28,5.73,2.7200000000000006,0.27999999999999936
1994-02-04,5.68,2.6899999999999995,0.22000000000000064
1994-02-11,5.94,2.6400000000000006,0.28000000000000025
1994-02-18,5.88,2.55,0.35999999999999943
1994-02-25,6.09,2.73,0.379999999999999
1994-03-04,6.21,2.77,0.370000000000001
1994-03-11,6.38,2.76,0.3800000000000008
1994-03-18,6.46,2.88,0.3699999999999992
1994-03-25,6.49,2.9200000000000004,0.41999999999999904
1994-04-01,6.61,3.0400000000000005,0.4500000000000002
1994-04-08,6.77,3.2099999999999995,0.4800000000000013
1994-04-15,6.94,3.2900000000000005,0.5499999999999998
1994-04-22,6.97,3.2899999999999996,0.5200000000000005
1994-04-29,6.93,3.09,0.5100000000000007
1994-05-06,7.06,3.0899999999999994,0.4899999999999993
1994-05-13,7.35,3.05,0.4300000000000006
1994-05-20,7.29,3.05,0.4399999999999995
1994-05-27,7.02,2.76,0.3600000000000003
1994-06-03,7.12,2.8200000000000003,0.370000000000001
1994-06-10,6.98,2.75,0.35999999999999943
1994-06-17,7.03,2.8100000000000005,0.3199999999999994
1994-06-24,7.14,2.9099999999999993,0.40000000000000036
1994-07-01,7.22,2.9399999999999995,0.33999999999999986
1994-07-08,7.34,3.0199999999999996,0.3700000000000001
1994-07-15,7.42,2.9299999999999997,0.41000000000000014
1994-07-22,7.25,2.87,0.3899999999999997
1994-07-29,7.29,2.79,0.39999999999999947
1994-08-05,7.12,2.7300000000000004,0.35000000000000053
1994-08-12,7.28,2.6900000000000004,0.39999999999999947
1994-08-19,7.27,2.76,0.39000000000000146
1994-08-26,7.27,2.579999999999999,0.33999999999999986
1994-09-02,7.24,2.5600000000000005,0.29000000000000004
1994-09-09,7.21,2.54,0.2600000000000007
1994-09-16,7.44,2.74,0.3299999999999992
1994-09-23,7.52,2.789999999999999,0.3200000000000003
1994-09-30,7.57,2.66,0.3100000000000005
1994-10-07,7.62,2.8200000000000003,0.3200000000000003
1994-10-14,7.7,2.6800000000000006,0.3299999999999992
1994-10-21,7.61,2.6100000000000003,0.33999999999999897
1994-10-28,7.81,2.6599999999999993,0.3100000000000014
1994-11-04,7.82,2.66,0.3200000000000003
1994-11-11,8.04,2.709999999999999,0.3500000000000014
1994-11-18,7.98,2.6000000000000005,0.33999999999999986
1994-11-25,8.01,2.51,0.33999999999999986
1994-12-02,7.8,2.3499999999999996,0.3099999999999996
1994-12-09,7.81,2.0199999999999996,0.16999999999999993
1994-12-16,7.79,1.9699999999999998,0.16000000000000014
1994-12-23,7.81,2.0999999999999996,0.1200000000000001
1994-12-30,7.85,2.17,0.13000000000000078
1995-01-06,7.84,2.16,0.1299999999999999
1995-01-13,7.87,1.9699999999999998,0.23000000000000131
1995-01-20,7.69,1.9700000000000006,0.1999999999999993
1995-01-27,7.82,1.9100000000000001,0.27999999999999936
1995-02-03,7.66,1.7400000000000002,0.2499999999999991
1995-02-10,7.49,1.5300000000000002,0.17000000000000082
1995-02-17,7.62,1.6500000000000004,0.14999999999999947
1995-02-24,7.43,1.5699999999999994,0.16000000000000014
1995-03-03,7.33,1.4500000000000002,0.10000000000000053
1995-03-10,7.36,1.4500000000000002,0.13000000000000078
1995-03-17,7.23,1.2700000000000005,0.08000000000000007
1995-03-24,7.12,1.2000000000000002,0.129999999999999
1995-03-31,7.09,1.2400000000000002,0.1299999999999999
1995-04-07,7.2,1.3200000000000003,0.16000000000000014
1995-04-14,7.11,1.25,0.09999999999999876
1995-04-21,7.03,1.2800000000000002,0.10000000000000053
1995-04-28,7.01,1.2199999999999998,0.08999999999999897
1995-05-05,7.07,1.2000000000000002,0.08999999999999986
1995-05-12,6.69,0.9500000000000002,-0.010000000000000675
1995-05-19,6.67,0.7999999999999998,0.04999999999999982
1995-05-26,6.61,0.7400000000000002,0.05999999999999872
1995-06-02,6.4,0.5600000000000005,-0.010000000000000675
1995-06-09,6.1,0.5199999999999996,-0.040000000000000036
1995-06-16,6.4,0.6300000000000008,0.009999999999999787
1995-06-23,6.21,0.5499999999999998,-0.05999999999999961
1995-06-30,6.06,0.5199999999999996,-0.03999999999999915
1995-07-07,6.21,0.6100000000000003,-0.03999999999999915
1995-07-14,6.04,0.5,-0.09999999999999964
1995-07-21,6.15,0.5600000000000005,-0.07000000000000117
1995-07-28,6.53,0.9199999999999999,0.03999999999999915
1995-08-04,6.49,0.9100000000000001,0.02999999999999936
1995-08-11,6.5,0.9199999999999999,-0.009999999999999787
1995-08-18,6.59,1.0,0.10000000000000053
1995-08-25,6.57,0.96,0.020000000000000462
1995-09-01,6.38,0.8799999999999999,-0.020000000000000462
1995-09-08,6.22,0.7699999999999996,0.0
1995-09-15,6.24,0.7200000000000006,-0.009999999999999787
1995-09-22,6.11,0.6500000000000004,0.0
1995-09-29,6.25,0.9000000000000004,0.019999999999999574
1995-10-06,6.17,0.7699999999999996,0.019999999999999574
1995-10-13,6.06,0.5899999999999999,-0.010000000000000675
1995-10-20,5.97,0.5199999999999996,-0.040000000000000036
1995-10-27,6.04,0.6100000000000003,0.040000000000000924
1995-11-03,6.05,0.6399999999999997,-0.02999999999999936
1995-11-10,5.94,0.47000000000000064,-0.03000000000000025
1995-11-17,6.0,0.41999999999999993,0.0
1995-11-24,5.92,0.41000000000000014,-0.05999999999999961
1995-12-01,5.91,0.4299999999999997,0.0
1995-12-08,5.71,0.2599999999999998,-0.04999999999999982
1995-12-15,5.73,0.23000000000000043,-8.881784197001252e-16
1995-12-22,5.75,0.40000000000000036,-0.010000000000000675
1995-12-29,5.71,0.6699999999999999,0.009999999999999787
1996-01-05,5.58,0.4800000000000004,0.0
1996-01-12,5.69,0.5,-0.05000000000000071
1996-01-19,5.75,0.5700000000000003,-0.11999999999999922
1996-01-26,5.54,0.4400000000000004,-0.030000000000001137
1996-02-02,5.65,0.54,-0.05000000000000071
1996-02-09,5.66,0.6699999999999999,-0.08000000000000007
1996-02-16,5.66,0.7300000000000004,-0.009999999999999787
1996-02-23,5.76,0.8700000000000001,-0.08000000000000007
1996-03-01,5.97,1.0,-0.03999999999999915
1996-03-08,5.99,1.0099999999999998,-0.05000000000000071
1996-03-15,6.41,1.4000000000000004,-0.040000000000000924
1996-03-22,6.46,1.3200000000000003,0.05000000000000071
1996-03-29,6.32,1.2200000000000006,0.03999999999999915
1996-04-05,6.34,1.21,0.0699999999999994
1996-04-12,6.57,1.42,0.14000000000000057
1996-04-19,6.52,1.4499999999999993,0.13999999999999968
1996-04-26,6.53,1.5200000000000005,0.16000000000000014
1996-05-03,6.54,1.4299999999999997,0.1200000000000001
1996-05-10,6.9,1.7600000000000007,0.1200000000000001
1996-05-17,6.75,1.62,0.11000000000000032
1996-05-24,6.65,1.5,0.1299999999999999
1996-05-31,6.65,1.4700000000000006,0.15999999999999925
1996-06-07,6.85,1.67,0.16000000000000014
1996-06-14,6.93,1.67,0.16999999999999993
1996-06-21,6.95,1.7400000000000002,0.1999999999999993
1996-06-28,6.96,1.7000000000000002,0.17000000000000082
1996-07-05,6.73,1.5500000000000007,0.09999999999999876
1996-07-12,7.06,1.75,0.14000000000000057
1996-07-19,6.85,1.5699999999999994,0.19000000000000128
1996-07-26,6.78,1.5,0.13999999999999968
1996-08-02,6.85,1.5599999999999996,0.14000000000000057
1996-08-09,6.51,1.2999999999999998,0.09999999999999964
1996-08-16,6.5,1.3499999999999996,0.07000000000000028
1996-08-23,6.56,1.38,0.10999999999999943
1996-08-30,6.72,1.5699999999999994,0.15000000000000124
1996-09-06,6.96,1.67,0.16000000000000103
1996-09-13,6.94,1.6100000000000003,0.16999999999999904
1996-09-20,6.74,1.5300000000000002,0.120000000000001
1996-09-27,6.85,1.5599999999999996,0.13000000000000078
1996-10-04,6.68,1.6399999999999997,0.10999999999999943
1996-10-11,6.48,1.4700000000000006,0.07000000000000028
1996-10-18,6.55,1.42,0.11000000000000032
1996-10-25,6.5,1.38,0.11000000000000032
1996-11-01,6.54,1.4000000000000004,0.07999999999999918
1996-11-08,6.38,1.21,0.05000000000000071
1996-11-15,6.29,1.1100000000000003,0.03000000000000025
1996-11-22,6.19,1.0300000000000002,0.04999999999999982
1996-11-29,6.15,0.9700000000000006,0.040000000000000036
1996-12-06,6.06,0.9299999999999997,0.03000000000000025
1996-12-13,6.26,1.2299999999999995,0.049999999999998934
1996-12-20,6.33,1.4100000000000001,0.019999999999999574
1996-12-27,6.35,1.33,0.0600000000000005
1997-01-03,6.3,1.1899999999999995,0.07000000000000028
1997-01-10,6.52,1.3499999999999996,0.09000000000000075
1997-01-17,6.63,1.46,0.11000000000000121
1997-01-24,6.56,1.42,0.08000000000000096
1997-01-31,6.64,1.4799999999999995,0.0699999999999994
1997-02-07,6.53,1.38,0.049999999999998934
1997-02-14,6.43,1.29,0.04999999999999982
1997-02-21,6.28,1.1800000000000006,0.07000000000000028
1997-02-28,6.36,1.2700000000000005,0.11000000000000032
1997-03-07,6.56,1.3399999999999999,0.1299999999999999
1997-03-14,6.57,1.3500000000000005,0.10999999999999943
1997-03-21,6.71,1.4699999999999998,0.17000000000000082
1997-03-28,6.74,1.33,0.1900000000000004
1997-04-04,6.9,1.5300000000000002,0.16999999999999904
1997-04-11,6.92,1.63,0.20000000000000018
1997-04-18,6.98,1.6700000000000008,0.18999999999999861
1997-04-25,6.84,1.5499999999999998,0.20000000000000107
1997-05-02,6.94,1.6300000000000008,0.17999999999999972
1997-05-09,6.68,1.4399999999999995,0.14000000000000057
1997-05-16,6.67,1.4799999999999995,0.10999999999999943
1997-05-23,6.7,1.5,0.11999999999999922
1997-05-30,6.74,1.5600000000000005,0.1899999999999995
1997-06-06,6.67,1.71,0.1299999999999999
1997-06-13,6.51,1.4399999999999995,0.14999999999999947
1997-06-20,6.43,1.4299999999999997,0.13999999999999968
1997-06-27,6.37,1.29,0.14999999999999947
1997-07-04,6.46,1.3099999999999996,0.20999999999999908
1997-07-11,6.31,1.17,0.16000000000000103
1997-07-18,6.23,1.0900000000000007,0.13999999999999968
1997-07-25,6.24,1.0,0.16999999999999993
1997-08-01,6.18,0.9399999999999995,0.11000000000000032
1997-08-08,6.2,0.9199999999999999,0.07000000000000028
1997-08-15,6.38,1.0899999999999999,0.060000000000001386
1997-08-22,6.27,0.9799999999999995,0.05999999999999961
1997-08-29,6.38,1.13,0.05999999999999961
1997-09-05,6.34,1.0999999999999996,0.1299999999999999
1997-09-12,6.37,1.2000000000000002,0.1299999999999999
1997-09-19,6.29,1.1900000000000004,0.1200000000000001
1997-09-26,6.09,1.0300000000000002,0.1200000000000001
1997-10-03,6.08,1.0899999999999999,0.10000000000000053
1997-10-10,6.01,0.9799999999999995,0.04999999999999982
1997-10-17,6.15,1.0100000000000007,0.04999999999999982
1997-10-24,6.17,1.1100000000000003,0.08000000000000007
1997-10-31,6.01,0.8599999999999994,0.08000000000000096
1997-11-07,5.84,0.6299999999999999,-0.03000000000000025
1997-11-14,5.9,0.5900000000000007,0.009999999999998899
1997-11-21,5.86,0.5900000000000007,0.03999999999999915
1997-11-28,5.82,0.5700000000000003,0.03999999999999915
1997-12-05,5.86,0.6400000000000006,0.040000000000000036
1997-12-12,5.92,0.6200000000000001,0.020000000000000462
1997-12-19,5.74,0.5600000000000005,0.04999999999999982
1997-12-26,5.72,0.3899999999999997,0.020000000000000462
1998-01-02,5.75,0.40000000000000036,-8.881784197001252e-16
1998-01-09,5.67,0.34999999999999964,0.0
1998-01-16,5.4,0.35000000000000053,-0.13000000000000078
1998-01-23,5.54,0.3899999999999997,-0.04999999999999982
1998-01-30,5.7,0.5300000000000002,-0.05999999999999961
1998-02-06,5.53,0.33999999999999986,-0.07000000000000117
1998-02-13,5.62,0.4500000000000002,-0.03999999999999915
1998-02-20,5.49,0.27000000000000046,0.03000000000000025
1998-02-27,5.54,0.33000000000000007,0.03000000000000025
1998-03-06,5.62,0.2999999999999998,0.009999999999999787
1998-03-13,5.73,0.5800000000000001,-0.009999999999999787
1998-03-20,5.58,0.4900000000000002,0.0
1998-03-27,5.57,0.3799999999999999,0.02999999999999936
1998-04-03,5.68,0.46999999999999975,0.03000000000000025
1998-04-10,5.47,0.3899999999999997,-0.009999999999998899
1998-04-17,5.59,0.5199999999999996,0.02999999999999936
1998-04-24,5.59,0.54,0.010000000000000675
1998-05-01,5.67,0.5899999999999999,0.020000000000000462
1998-05-08,5.67,0.6500000000000004,0.0
1998-05-15,5.71,0.5700000000000003,-0.019999999999999574
1998-05-22,5.68,0.5,0.03000000000000025
1998-05-29,5.64,0.41999999999999993,0.030000000000001137
1998-06-05,5.56,0.5299999999999994,0.02999999999999936
1998-06-12,5.58,0.45999999999999996,0.03999999999999915
1998-06-19,5.43,0.2999999999999998,0.0
1998-06-26,5.47,0.2999999999999998,0.04999999999999982
1998-07-03,5.46,0.4500000000000002,0.010000000000000675
1998-07-10,5.42,0.34999999999999964,-8.881784197001252e-16
1998-07-17,5.42,0.3600000000000003,-0.02999999999999936
1998-07-24,5.51,0.3700000000000001,0.010000000000000675
1998-07-31,5.45,0.3700000000000001,0.03000000000000025
1998-08-07,5.5,0.40000000000000036,0.049999999999998934
1998-08-14,5.4,0.41000000000000014,0.03999999999999915
1998-08-21,5.4,0.3700000000000001,-0.0600000000000005
1998-08-28,5.32,0.3100000000000005,-0.08999999999999986
1998-09-04,5.09,0.17999999999999972,-0.1399999999999988
1998-09-11,5.02,0.15999999999999925,-0.129999999999999
1998-09-18,4.85,-0.020000000000000462,-0.22999999999999865
1998-09-25,4.7,0.07000000000000028,-0.3100000000000005
1998-10-02,4.6,0.08000000000000007,-0.22999999999999865
1998-10-09,4.31,0.08999999999999986,-0.3199999999999994
1998-10-16,4.77,0.8899999999999997,-0.040000000000000036
1998-10-23,4.44,0.7900000000000005,-0.21999999999999975
1998-10-30,4.7,0.73,-0.33999999999999986
1998-11-06,4.64,0.3099999999999996,-0.27999999999999936
1998-11-13,4.93,0.29000000000000004,-0.35999999999999943
1998-11-20,4.82,0.35000000000000053,-0.2999999999999998
1998-11-27,4.82,0.3600000000000003,-0.28000000000000114
1998-12-04,4.81,0.2599999999999998,-0.23000000000000043
1998-12-11,4.62,0.13999999999999968,-0.3200000000000003
1998-12-18,4.61,0.11000000000000032,-0.2900000000000009
1998-12-25,4.58,0.08999999999999986,-0.27000000000000046
1999-01-01,4.86,0.29000000000000004,-0.16000000000000014
1999-01-08,4.65,0.16999999999999993,-0.07000000000000117
1999-01-15,4.86,0.3799999999999999,-0.13000000000000078
1999-01-22,4.66,0.21999999999999975,-0.13999999999999968
1999-01-29,4.64,0.27999999999999936,-0.14999999999999947
1999-02-05,4.66,0.17999999999999972,-0.14000000000000057
1999-02-12,4.94,0.4400000000000004,0.019999999999999574
1999-02-19,5.06,0.5199999999999996,-0.04999999999999982
1999-02-26,5.07,0.5100000000000007,-0.040000000000000036
1999-03-05,5.29,0.6299999999999999,0.0
1999-03-12,5.34,0.71,8.881784197001252e-16
1999-03-19,5.16,0.5600000000000005,0.0
1999-03-26,5.17,0.6600000000000001,-0.0699999999999994
1999-04-02,5.21,0.7000000000000002,-8.881784197001252e-16
1999-04-09,5.2,0.7700000000000005,-0.019999999999999574
1999-04-16,5.05,0.6299999999999999,-0.009999999999999787
1999-04-23,5.23,0.8900000000000006,0.009999999999999787
1999-04-30,5.26,0.8300000000000001,8.881784197001252e-16
1999-05-07,5.36,0.8100000000000005,0.040000000000000036
1999-05-14,5.54,0.9199999999999999,0.07000000000000028
1999-05-21,5.62,0.9800000000000004,0.040000000000000924
1999-05-28,5.52,0.9099999999999993,0.10000000000000053
1999-06-04,5.64,0.9799999999999995,0.13999999999999968
1999-06-11,5.82,1.25,0.1200000000000001
1999-06-18,6.02,1.2799999999999994,0.1200000000000001
1999-06-25,5.84,1.1499999999999995,0.10000000000000053
1999-07-02,6.02,1.2199999999999998,0.07000000000000028
1999-07-09,5.82,1.13,0.0
1999-07-16,5.84,1.1499999999999995,-0.010000000000000675
1999-07-23,5.68,1.0,-0.03999999999999915
1999-07-30,5.84,1.1899999999999995,0.019999999999999574
1999-08-06,5.92,1.17,0.09000000000000075
1999-08-13,6.02,1.2199999999999998,0.17000000000000082
1999-08-20,5.98,1.2400000000000002,0.0699999999999994
1999-08-27,5.88,1.04,0.04999999999999982
1999-09-03,5.85,0.8699999999999992,0.0
1999-09-10,5.89,0.9699999999999998,0.030000000000001137
1999-09-17,5.89,1.13,0.030000000000001137
1999-09-24,5.87,1.2000000000000002,0.019999999999999574
1999-10-01,5.75,0.9699999999999998,8.881784197001252e-16
1999-10-08,6.0,1.12,0.07000000000000028
1999-10-15,6.04,1.2199999999999998,0.09999999999999964
1999-10-22,6.09,1.0499999999999998,0.07000000000000028
1999-10-29,6.21,1.1399999999999997,0.08999999999999986
1999-11-05,6.02,0.8999999999999995,0.1299999999999999
1999-11-12,5.92,0.7800000000000002,0.1200000000000001
1999-11-19,5.93,0.6999999999999993,-0.010000000000000675
1999-11-26,6.07,0.8399999999999999,0.009999999999999787
1999-12-03,6.12,0.8200000000000003,0.009999999999998899
1999-12-10,6.17,0.9199999999999999,0.0
1999-12-17,6.08,0.7800000000000002,-0.049999999999998934
1999-12-24,6.3,0.8599999999999994,-0.010000000000000675
1999-12-31,6.41,0.9400000000000004,0.009999999999999787
2000-01-07,6.45,1.12,0.03000000000000025
2000-01-14,6.52,1.1399999999999997,0.010000000000000675
2000-01-21,6.69,1.2800000000000002,0.049999999999998934
2000-01-28,6.79,1.3200000000000003,0.0699999999999994
2000-02-04,6.66,1.0099999999999998,0.11999999999999922
2000-02-11,6.53,0.8600000000000003,0.11999999999999922
2000-02-18,6.63,0.9699999999999998,0.2599999999999989
2000-02-25,6.49,0.7400000000000002,0.28999999999999915
2000-03-03,6.36,0.5700000000000003,0.1899999999999995
2000-03-10,6.39,0.5999999999999996,0.3099999999999996
2000-03-17,6.39,0.5199999999999996,0.28000000000000114
2000-03-24,6.2,0.3100000000000005,0.20000000000000018
2000-03-31,6.2,0.29000000000000004,0.17999999999999972
2000-04-07,6.03,0.15000000000000036,0.11000000000000032
2000-04-14,5.86,-0.040000000000000036,0.11999999999999922
2000-04-21,5.85,0.040000000000000036,0.10000000000000142
2000-04-28,5.99,0.20000000000000018,0.11000000000000032
2000-05-05,6.23,0.41000000000000014,0.20999999999999908
2000-05-12,6.51,0.54,0.1899999999999995
2000-05-19,6.51,0.3700000000000001,0.09999999999999964
2000-05-26,6.51,0.6200000000000001,0.04999999999999982
2000-06-02,6.33,0.5,0.1200000000000001
2000-06-09,6.15,0.28000000000000025,0.07000000000000028
2000-06-16,6.13,0.20999999999999996,0.030000000000001137
2000-06-23,5.99,0.16000000000000014,0.010000000000000675
2000-06-30,6.19,0.33000000000000007,0.0
2000-07-07,6.03,0.15000000000000036,-0.05000000000000071
2000-07-14,6.01,-0.03000000000000025,-0.07999999999999918
2000-07-21,6.1,-0.07000000000000028,-0.009999999999999787
2000-07-28,6.01,-0.1200000000000001,-0.05000000000000071
2000-08-04,6.04,-0.16000000000000014,-0.019999999999999574
2000-08-11,5.91,-0.3200000000000003,-0.02000000000000135
2000-08-18,5.79,-0.5,0.10000000000000053
2000-08-25,5.78,-0.4899999999999993,0.1299999999999999
2000-09-01,5.73,-0.5799999999999992,0.07999999999999918
2000-09-08,5.68,-0.5899999999999999,0.07000000000000028
2000-09-15,5.73,-0.40999999999999925,0.05999999999999961
2000-09-22,5.84,-0.2999999999999998,-0.05000000000000071
2000-09-29,5.85,-0.3100000000000005,-0.08000000000000007
2000-10-06,5.8,-0.4300000000000006,-0.08000000000000096
2000-10-13,5.82,-0.41999999999999993,-0.040000000000000924
2000-10-20,5.73,-0.45999999999999996,-0.10999999999999943
2000-10-27,5.64,-0.6699999999999999,-0.09999999999999876
2000-11-03,5.72,-0.6299999999999999,-0.08000000000000007
2000-11-10,5.83,-0.5499999999999998,-0.04999999999999982
2000-11-17,5.82,-0.5499999999999998,-0.22000000000000064
2000-11-24,5.71,-0.6399999999999997,-0.25
2000-12-01,5.63,-0.7300000000000004,-0.23000000000000043
2000-12-08,5.52,-0.7100000000000009,-0.21999999999999975
2000-12-15,5.35,-0.7400000000000002,-0.20999999999999908
2000-12-22,5.2,-0.8199999999999994,-0.27999999999999936
2000-12-29,5.02,-0.25,-0.2599999999999998
2001-01-05,5.12,-0.7699999999999996,-0.25
2001-01-12,4.93,-0.1900000000000004,-0.16999999999999904
2001-01-19,5.25,-0.08000000000000007,-0.21000000000000085
2001-01-26,5.19,-0.04999999999999982,-0.2600000000000007
2001-02-02,5.29,0.1200000000000001,-0.21000000000000085
2001-02-09,5.17,0.11000000000000032,-0.09999999999999964
2001-02-16,5.03,-0.02999999999999936,-8.881784197001252e-16
2001-02-23,5.11,0.09000000000000075,0.020000000000000462
2001-03-02,5.1,0.20999999999999996,0.09000000000000075
2001-03-09,4.95,0.11000000000000032,0.0699999999999994
2001-03-16,4.95,0.23000000000000043,0.08000000000000007
2001-03-23,4.78,0.2400000000000002,0.040000000000000036
2001-03-30,4.8,0.5099999999999998,-8.881784197001252e-16
2001-04-06,4.93,0.6299999999999999,0.13000000000000078
2001-04-13,4.89,0.9499999999999997,0.07999999999999918
2001-04-20,5.17,1.1600000000000001,0.1299999999999999
2001-04-27,5.29,1.52,0.20999999999999996
2001-05-04,5.34,1.4899999999999998,0.2600000000000007
2001-05-11,5.21,1.4699999999999998,0.3100000000000005
2001-05-18,5.51,1.73,0.11000000000000032
2001-05-25,5.41,1.8000000000000003,0.20000000000000018
2001-06-01,5.52,1.8599999999999994,0.2500000000000009
2001-06-08,5.39,1.7199999999999998,0.27000000000000135
2001-06-15,5.38,1.7399999999999998,0.3099999999999996
2001-06-22,5.27,1.7499999999999996,0.20000000000000107
2001-06-29,5.14,1.6899999999999995,0.1900000000000004
2001-07-06,5.42,1.77,0.2699999999999996
2001-07-13,5.41,1.7800000000000002,0.23000000000000043
2001-07-20,5.27,1.6499999999999995,0.2500000000000009
2001-07-27,5.15,1.6200000000000006,0.2699999999999996
2001-08-03,5.13,1.58,0.27999999999999936
2001-08-10,5.2,1.6800000000000002,0.3299999999999992
2001-08-17,4.99,1.56,0.5
2001-08-24,4.84,1.48,0.47000000000000064
2001-08-31,4.93,1.5099999999999998,0.41000000000000014
2001-09-07,4.85,1.4799999999999995,0.4299999999999997
2001-09-14,4.8,1.5299999999999998,0.4500000000000002
2001-09-21,4.57,1.9300000000000002,0.39999999999999947
2001-09-28,4.7,2.45,0.2699999999999996
2001-10-05,4.6,2.1999999999999997,0.40000000000000036
2001-10-12,4.52,2.3299999999999996,0.5100000000000007
2001-10-19,4.68,2.4299999999999997,0.5299999999999994
2001-10-26,4.63,2.44,0.5200000000000005
2001-11-02,4.53,2.39,0.5999999999999996
2001-11-09,4.37,2.3600000000000003,0.6900000000000004
2001-11-16,4.34,2.51,0.4500000000000002
2001-11-23,4.91,2.96,0.4800000000000004
2001-11-30,5.04,3.09,0.5600000000000005
2001-12-07,4.78,3.0,0.54
2001-12-14,5.2,3.5100000000000002,0.6100000000000003
2001-12-21,5.24,3.5100000000000002,0.5999999999999988
2001-12-28,5.12,3.41,0.6100000000000003
2002-01-04,5.15,3.4300000000000006,0.6099999999999994
2002-01-11,5.18,3.46,0.6300000000000008
2002-01-18,4.92,3.34,0.5999999999999996
2002-01-25,4.94,3.3200000000000003,0.6100000000000003
2002-02-01,5.1,3.38,0.6500000000000004
2002-02-08,5.02,3.26,0.6400000000000006
2002-02-15,4.9,3.1700000000000004,0.71
2002-02-22,4.86,3.12,0.7099999999999982
2002-03-01,4.84,3.08,0.6500000000000004
2002-03-08,4.98,3.2100000000000004,0.6999999999999993
2002-03-15,5.33,3.52,0.6099999999999994
2002-03-22,5.35,3.4899999999999993,0.6200000000000001
2002-03-29,5.4,3.5600000000000005,0.6300000000000008
2002-04-05,5.42,3.63,0.6799999999999997
2002-04-12,5.22,3.46,0.6499999999999995
2002-04-19,5.18,3.4699999999999998,0.6099999999999994
2002-04-26,5.21,3.48,0.6700000000000008
2002-05-03,5.08,3.33,0.6799999999999997
2002-05-10,5.08,3.3200000000000003,0.7100000000000009
2002-05-17,5.15,3.3800000000000003,0.5800000000000001
2002-05-24,5.27,3.51,0.5199999999999996
2002-05-31,5.16,3.42,0.5
2002-06-07,5.08,3.34,0.4399999999999995
2002-06-14,5.1,3.3599999999999994,0.46000000000000085
2002-06-21,4.83,3.12,0.4499999999999993
2002-06-28,4.79,3.0700000000000003,0.4499999999999993
2002-07-05,4.86,3.16,0.41999999999999904
2002-07-12,4.9,3.1800000000000006,0.4599999999999991
2002-07-19,4.63,2.92,0.4500000000000002
2002-07-26,4.61,2.9000000000000004,0.4299999999999988
2002-08-02,4.43,2.7399999999999998,0.29000000000000004
2002-08-09,4.33,2.7,0.21999999999999975
2002-08-16,4.27,2.6499999999999995,0.1899999999999995
2002-08-23,4.32,2.7,0.22000000000000064
2002-08-30,4.25,2.6,0.17999999999999972
2002-09-06,4.14,2.4499999999999997,0.16000000000000103
2002-09-13,4.05,2.3899999999999997,0.07000000000000028
2002-09-20,3.92,2.23,0.010000000000000231
2002-09-27,3.79,2.14,-0.010000000000000231
2002-10-04,3.69,2.06,-0.029999999999999805
2002-10-11,3.69,2.08,-0.010000000000000231
2002-10-18,3.83,2.25,-0.020000000000000018
2002-10-25,4.14,2.4699999999999998,0.11000000000000032
2002-11-01,4.12,2.4800000000000004,0.10000000000000053
2002-11-08,4.01,2.58,0.07000000000000028
2002-11-15,3.85,2.63,0.020000000000000018
2002-11-22,4.05,2.83,0.13999999999999968
2002-11-29,4.18,2.9499999999999997,0.2400000000000002
2002-12-06,4.22,3.0,0.2599999999999998
2002-12-13,4.09,2.88,0.28000000000000025
2002-12-20,4.07,2.8600000000000003,0.21999999999999975
2002-12-27,3.97,2.7600000000000002,0.13000000000000034
2003-01-03,3.83,2.67,0.1499999999999999
2003-01-10,4.05,2.83,0.21999999999999975
2003-01-17,4.16,2.96,0.4500000000000002
2003-01-24,4.05,2.87,0.34999999999999964
2003-01-31,3.94,2.7800000000000002,0.26000000000000023
2003-02-07,4.0,2.8200000000000003,0.3200000000000003
2003-02-14,3.96,2.79,0.35000000000000053
2003-02-21,3.95,2.7700000000000005,0.25
2003-02-28,3.9,2.71,0.18999999999999995
2003-03-07,3.71,2.51,0.13999999999999968
2003-03-14,3.63,2.51,0.10000000000000053
2003-03-21,3.72,2.5900000000000003,0.16000000000000014
2003-03-28,4.11,2.9300000000000006,0.33000000000000007
2003-04-04,3.92,2.7800000000000002,0.2400000000000002
2003-04-11,3.96,2.8499999999999996,0.25
2003-04-18,4.0,2.83,0.25
2003-04-25,3.98,2.8,0.2900000000000005
2003-05-02,3.91,2.7700000000000005,0.27999999999999936
2003-05-09,3.94,2.82,0.30000000000000027
2003-05-16,3.69,2.58,0.07999999999999963
2003-05-23,3.46,2.41,0.020000000000000462
2003-05-30,3.34,2.26,-0.05999999999999961
2003-06-06,3.37,2.26,-0.10000000000000053
2003-06-13,3.37,2.3200000000000003,-0.06000000000000005
2003-06-20,3.13,2.27,-0.06999999999999984
2003-06-27,3.4,2.57,4.440892098500626e-16
2003-07-04,3.58,2.71,0.08000000000000007
2003-07-11,3.67,2.8,0.10999999999999943
2003-07-18,3.66,2.77,0.08999999999999986
2003-07-25,4.0,3.09,0.35000000000000053
2003-08-01,4.22,3.2899999999999996,0.45999999999999996
2003-08-08,4.44,3.49,0.4500000000000002
2003-08-15,4.27,3.3099999999999996,0.35000000000000053
2003-08-22,4.55,3.5999999999999996,0.4400000000000004
2003-08-29,4.48,3.5000000000000004,0.4900000000000002
2003-09-05,4.45,3.47,0.5199999999999996
2003-09-12,4.35,3.3899999999999997,0.4900000000000002
2003-09-19,4.27,3.3099999999999996,0.3700000000000001
2003-09-26,4.17,3.2199999999999998,0.34999999999999964
2003-10-03,4.04,3.1,0.2600000000000007
2003-10-10,4.21,3.27,0.3799999999999999
2003-10-17,4.29,3.37,0.3600000000000003
2003-10-24,4.41,3.48,0.34999999999999964
2003-10-31,4.24,3.29,0.2599999999999998
2003-11-07,4.33,3.37,0.35999999999999943
2003-11-14,4.48,3.5200000000000005,0.41999999999999993
2003-11-21,4.22,3.2699999999999996,0.3200000000000003
2003-11-28,4.15,3.2100000000000004,0.3099999999999996
2003-12-05,4.34,3.4099999999999997,0.35999999999999943
2003-12-12,4.23,3.3100000000000005,0.34999999999999964
2003-12-19,4.26,3.3499999999999996,0.3600000000000003
2003-12-26,4.15,3.2700000000000005,0.34999999999999964
2004-01-02,4.17,3.3,0.34999999999999964
2004-01-09,4.38,3.4499999999999997,0.39999999999999947
2004-01-16,4.11,3.24,0.3099999999999996
2004-01-23,4.04,3.15,0.3199999999999994
2004-01-30,4.09,3.19,0.3200000000000003
2004-02-06,4.16,3.24,0.33999999999999986
2004-02-13,4.12,3.19,0.35000000000000053
2004-02-20,4.05,3.13,0.2699999999999996
2004-02-27,4.1,3.1599999999999997,0.3100000000000005
2004-03-05,3.99,3.0300000000000002,0.3699999999999992
2004-03-12,3.85,2.91,0.19999999999999973
2004-03-19,3.78,2.82,0.14000000000000012
2004-03-26,3.8,2.86,0.14000000000000012
2004-04-02,3.85,2.9000000000000004,0.18000000000000016
2004-04-09,4.15,3.2,0.28999999999999915
2004-04-16,4.21,3.28,0.35000000000000053
2004-04-23,4.37,3.43,0.3799999999999999
2004-04-30,4.48,3.5000000000000004,0.3899999999999997
2004-05-07,4.53,3.5500000000000003,0.41999999999999904
2004-05-14,4.79,3.7199999999999998,0.4899999999999993
2004-05-21,4.79,3.8,0.45999999999999996
2004-05-28,4.76,3.7299999999999995,0.46000000000000085
2004-06-04,4.66,3.58,0.41999999999999993
2004-06-11,4.78,3.5700000000000003,0.45999999999999996
2004-06-18,4.81,3.51,0.3799999999999999
2004-06-25,4.72,3.4299999999999997,0.35000000000000053
2004-07-02,4.66,3.35,0.2999999999999998
2004-07-09,4.48,3.1800000000000006,0.21999999999999975
2004-07-16,4.49,3.21,0.2400000000000002
2004-07-23,4.38,3.03,0.20000000000000018
2004-07-30,4.45,3.0700000000000003,0.23999999999999932
2004-08-06,4.5,3.05,0.2400000000000002
2004-08-13,4.24,2.8000000000000003,0.16000000000000014
2004-08-20,4.22,2.78,0.14999999999999947
2004-08-27,4.24,2.75,0.13999999999999968
2004-09-03,4.23,2.6700000000000004,0.15000000000000036
2004-09-10,4.3,2.65,0.1299999999999999
2004-09-17,4.19,2.5300000000000002,0.10999999999999943
2004-09-24,4.14,2.4299999999999997,0.03000000000000025
2004-10-01,4.04,2.31,0.0
2004-10-08,4.21,2.5,0.040000000000000036
2004-10-15,4.15,2.4400000000000004,0.019999999999999574
2004-10-22,4.07,2.3100000000000005,0.019999999999999574
2004-10-29,4.0,2.15,-0.03000000000000025
2004-11-05,4.05,2.1399999999999997,-0.010000000000000675
2004-11-12,4.21,2.18,0.009999999999999787
2004-11-19,4.2,2.12,-8.881784197001252e-16
2004-11-26,4.2,2.0500000000000003,-0.010000000000000675
2004-12-03,4.24,2.0300000000000002,0.009999999999999787
2004-12-10,4.27,2.0599999999999996,0.009999999999999787
2004-12-17,4.16,1.9100000000000001,-0.07000000000000028
2004-12-24,4.21,2.01,-0.05999999999999961
2004-12-31,4.23,2.0400000000000005,-0.08999999999999986
2005-01-07,4.24,2.02,-0.0600000000000005
2005-01-14,4.29,1.9700000000000002,-0.03000000000000025
2005-01-21,4.23,1.8600000000000003,-0.05000000000000071
2005-01-28,4.16,1.8000000000000003,-0.020000000000000462
2005-02-04,4.16,1.7000000000000002,-0.03000000000000025
2005-02-11,4.09,1.6199999999999997,-0.019999999999999574
2005-02-18,4.1,1.5499999999999998,-0.03999999999999915
2005-02-25,4.27,1.6599999999999997,0.0
2005-03-04,4.27,1.5299999999999994,0.010000000000000675
2005-03-11,4.32,1.5600000000000005,0.05000000000000071
2005-03-18,4.56,1.7999999999999998,0.14999999999999947
2005-03-25,4.51,1.6999999999999997,0.129999999999999
2005-04-01,4.6,1.7599999999999998,0.1200000000000001
2005-04-08,4.46,1.6600000000000001,0.04999999999999982
2005-04-15,4.5,1.71,0.07000000000000028
2005-04-22,4.27,1.4799999999999995,-0.009999999999999787
2005-04-29,4.26,1.3299999999999996,-0.040000000000000036
2005-05-06,4.21,1.31,-0.07000000000000028
2005-05-13,4.28,1.4100000000000001,-0.11000000000000032
2005-05-20,4.12,1.29,-0.0699999999999994
2005-05-27,4.13,1.23,-0.05999999999999961
2005-06-03,4.08,1.1099999999999999,-0.08000000000000052
2005-06-10,3.98,0.9700000000000002,-0.08999999999999986
2005-06-17,4.05,1.04,-0.08000000000000007
2005-06-24,4.09,1.0999999999999996,-0.05000000000000071
2005-07-01,3.92,0.8300000000000001,-0.1299999999999999
2005-07-08,4.06,0.8899999999999997,-0.13999999999999968
2005-07-15,4.11,0.9400000000000004,-0.11000000000000032
2005-07-22,4.18,0.9199999999999999,-0.08000000000000007
2005-07-29,4.23,0.8500000000000005,-0.07000000000000028
2005-08-05,4.28,0.8600000000000003,-0.05999999999999961
2005-08-12,4.4,0.8800000000000003,-0.03000000000000025
2005-08-19,4.24,0.7200000000000002,-0.0699999999999994
2005-08-26,4.21,0.69,-0.08000000000000007
2005-09-02,4.2,0.6500000000000004,-0.08000000000000007
2005-09-09,4.03,0.5700000000000003,-0.08000000000000007
2005-09-16,4.14,0.6499999999999995,-0.13999999999999968
2005-09-23,4.26,0.7599999999999998,-0.13000000000000078
2005-09-30,4.25,0.77,-0.129999999999999
2005-10-07,4.34,0.79,-0.16000000000000014
2005-10-14,4.35,0.7199999999999998,-0.06999999999999851
2005-10-21,4.48,0.7000000000000006,-0.07000000000000028
2005-10-28,4.39,0.5199999999999996,-0.08999999999999986
2005-11-04,4.58,0.6499999999999999,-0.0600000000000005
2005-11-11,4.66,0.6800000000000002,-0.010000000000000675
2005-11-18,4.55,0.5799999999999996,-0.009999999999999787
2005-11-25,4.5,0.4900000000000002,-0.040000000000000924
2005-12-02,4.43,0.47999999999999954,-0.08000000000000007
2005-12-09,4.52,0.5299999999999994,-0.049999999999998934
2005-12-16,4.54,0.6000000000000001,-0.08999999999999897
2005-12-23,4.45,0.52,-0.09999999999999964
2005-12-30,4.38,0.3899999999999997,-0.10999999999999943
2006-01-06,4.39,0.3099999999999996,-0.10000000000000053
2006-01-13,4.38,0.16000000000000014,-0.09999999999999964
2006-01-20,4.36,0.03000000000000025,-0.13999999999999968
2006-01-27,4.37,0.020000000000000462,-0.120000000000001
2006-02-03,4.52,0.0699999999999994,-0.129999999999999
2006-02-10,4.54,0.05999999999999961,-0.1299999999999999
2006-02-17,4.59,0.05999999999999961,-0.10000000000000053
2006-02-24,4.54,0.0,-0.10000000000000053
2006-03-03,4.58,-0.019999999999999574,-0.040000000000000924
2006-03-10,4.68,0.05999999999999961,-0.019999999999999574
2006-03-17,4.76,0.13999999999999968,0.03999999999999915
2006-03-24,4.68,0.040000000000000036,-0.08999999999999986
2006-03-31,4.67,0.019999999999999574,-0.0699999999999994
2006-04-07,4.86,0.23000000000000043,-0.040000000000000036
2006-04-14,4.97,0.27999999999999936,-0.08000000000000007
2006-04-21,5.05,0.34999999999999964,-0.07000000000000028
2006-04-28,5.01,0.2599999999999998,-0.07000000000000028
2006-05-05,5.07,0.3000000000000007,-0.10000000000000053
2006-05-12,5.12,0.29000000000000004,-0.08000000000000007
2006-05-19,5.19,0.34000000000000075,-0.040000000000000036
2006-05-26,5.05,0.22999999999999954,-0.08999999999999986
2006-06-02,5.06,0.21999999999999975,-0.11999999999999922
2006-06-09,5.0,0.1900000000000004,-0.11999999999999922
2006-06-16,4.98,0.10000000000000053,-0.08999999999999986
2006-06-23,5.13,0.25,-0.09000000000000075
2006-06-30,5.23,0.25,-0.08000000000000007
2006-07-07,5.15,0.14000000000000057,-0.11000000000000121
2006-07-14,5.14,0.1200000000000001,-0.11000000000000032
2006-07-21,5.07,0.010000000000000675,-0.11000000000000121
2006-07-28,5.05,-0.04999999999999982,-0.14999999999999947
2006-08-04,5.0,-0.07000000000000028,-0.14000000000000057
2006-08-11,4.91,-0.17999999999999972,-0.14000000000000057
2006-08-18,4.97,-0.10000000000000053,-0.10999999999999943
2006-08-25,4.84,-0.2599999999999998,-0.14999999999999947
2006-09-01,4.79,-0.3200000000000003,-0.13000000000000078
2006-09-08,4.73,-0.28999999999999915,-0.14000000000000057
2006-09-15,4.78,-0.14999999999999947,-0.16000000000000014
2006-09-22,4.8,-0.16000000000000014,-0.15000000000000036
2006-09-29,4.6,-0.33000000000000007,-0.16999999999999993
2006-10-06,4.64,-0.25,-0.16999999999999993
2006-10-13,4.7,-0.25,-0.16000000000000103
2006-10-20,4.81,-0.2400000000000002,-0.14000000000000057
2006-10-27,4.79,-0.2999999999999998,-0.14000000000000057
2006-11-03,4.68,-0.4300000000000006,-0.16000000000000014
2006-11-10,4.72,-0.3700000000000001,-0.13999999999999968
2006-11-17,4.59,-0.5099999999999998,-0.17999999999999972
2006-11-24,4.61,-0.47999999999999954,-0.17000000000000082
2006-12-01,4.55,-0.4900000000000002,-0.1800000000000006
2006-12-08,4.43,-0.6000000000000005,-0.16999999999999993
2006-12-15,4.56,-0.41000000000000014,-0.17999999999999883
2006-12-22,4.6,-0.3100000000000005,-0.1899999999999995
2006-12-29,4.63,-0.3600000000000003,-0.16000000000000014
2007-01-05,4.71,-0.3099999999999996,-0.1299999999999999
2007-01-12,4.65,-0.39999999999999947,-0.10999999999999943
2007-01-19,4.77,-0.3200000000000003,-0.1299999999999999
2007-01-26,4.78,-0.35999999999999943,-0.14999999999999947
2007-02-02,4.88,-0.25,-0.1299999999999999
2007-02-09,4.83,-0.3099999999999996,-0.1299999999999999
2007-02-16,4.79,-0.3600000000000003,-0.14999999999999947
2007-02-23,4.69,-0.47999999999999954,-0.16000000000000103
2007-03-02,4.68,-0.5,-0.16000000000000014
2007-03-09,4.52,-0.6000000000000005,-0.15999999999999925
2007-03-16,4.59,-0.5099999999999998,-0.15000000000000036
2007-03-23,4.55,-0.4900000000000002,-0.1900000000000004
2007-03-30,4.62,-0.45999999999999996,-0.1800000000000006
2007-04-06,4.65,-0.3899999999999997,-0.15000000000000036
2007-04-13,4.76,-0.29000000000000004,-0.16999999999999993
2007-04-20,4.76,-0.2599999999999998,-0.16000000000000014
2007-04-27,4.68,-0.3100000000000005,-0.17999999999999883
2007-05-04,4.71,-0.2400000000000002,-0.20000000000000018
2007-05-11,4.65,-0.25,-0.23000000000000043
2007-05-18,4.67,-0.20000000000000018,-0.21999999999999975
2007-05-25,4.81,-0.03000000000000025,-0.14999999999999947
2007-06-01,4.86,-0.019999999999999574,-0.11000000000000032
2007-06-08,4.95,0.16000000000000014,-0.08000000000000007
2007-06-15,5.12,0.35000000000000053,-0.010000000000000675
2007-06-22,5.16,0.6000000000000005,-0.010000000000000675
2007-06-29,5.14,0.40999999999999925,-0.020000000000000462
2007-07-06,5.03,0.20999999999999996,-0.0600000000000005
2007-07-13,5.19,0.2400000000000002,0.019999999999998685
2007-07-20,5.11,0.14000000000000057,-0.030000000000001137
2007-07-27,4.96,-0.009999999999999787,-0.05000000000000071
2007-08-03,4.8,-0.04999999999999982,-0.16000000000000014
2007-08-10,4.71,-0.13999999999999968,-0.13000000000000078
2007-08-17,4.81,0.23999999999999932,-0.09999999999999964
2007-08-24,4.68,0.9199999999999999,-0.16000000000000014
2007-08-31,4.63,0.3899999999999997,-0.08999999999999986
2007-09-07,4.54,0.5300000000000002,-0.1900000000000004
2007-09-14,4.38,0.3099999999999996,-0.21999999999999975
2007-09-21,4.47,0.45999999999999996,-0.16000000000000014
2007-09-28,4.64,0.8999999999999995,-0.08000000000000007
2007-10-05,4.59,0.77,-0.09999999999999964
2007-10-12,4.65,0.6500000000000004,-0.07000000000000028
2007-10-19,4.7,0.5,-0.09000000000000075
2007-10-26,4.41,0.5500000000000003,-0.14999999999999947
2007-11-02,4.41,0.4500000000000002,-0.09999999999999964
2007-11-09,4.31,0.6999999999999997,-0.10999999999999943
2007-11-16,4.23,0.9600000000000004,-0.11000000000000032
2007-11-23,4.15,0.7500000000000004,-0.1200000000000001
2007-11-30,4.01,0.7799999999999998,-0.23999999999999977
2007-12-07,3.97,0.8200000000000003,-0.18999999999999995
2007-12-14,4.12,1.0,-0.22000000000000064
2007-12-21,4.24,1.3600000000000003,-0.2900000000000005
2007-12-28,4.18,1.1799999999999997,-0.20999999999999952
2008-01-04,4.11,0.9300000000000002,-0.1900000000000004
2008-01-11,3.88,0.6799999999999997,-0.2599999999999998
2008-01-18,3.82,0.73,-0.2899999999999996
2008-01-25,3.66,0.8000000000000003,-0.30000000000000027
2008-02-01,3.61,1.31,-0.21999999999999975
2008-02-08,3.62,1.52,-0.20999999999999996
2008-02-15,3.64,1.4100000000000001,-0.18999999999999995
2008-02-22,3.76,1.5499999999999998,-0.15000000000000036
2008-02-29,3.79,1.5899999999999999,-0.1499999999999999
2008-03-07,3.53,1.6799999999999997,-0.17999999999999972
2008-03-14,3.56,2.1100000000000003,-0.18999999999999995
2008-03-21,3.44,2.26,-0.16999999999999948
2008-03-28,3.34,2.71,-0.20999999999999996
2008-04-04,3.47,2.14,-0.12000000000000055
2008-04-11,3.5,2.15,-0.07000000000000028
2008-04-18,3.49,2.3000000000000003,-0.11000000000000032
2008-04-25,3.77,2.42,-0.05999999999999961
2008-05-02,3.91,2.5700000000000003,0.050000000000000266
2008-05-09,3.89,2.39,0.0
2008-05-16,3.77,2.08,-0.06000000000000005
2008-05-23,3.85,2.01,-0.08000000000000007
2008-05-30,3.85,1.99,-0.010000000000000231
2008-06-06,4.06,2.17,0.10000000000000053
2008-06-13,3.94,2.09,0.06000000000000005
2008-06-20,4.27,2.2799999999999994,0.14000000000000057
2008-06-27,4.16,2.29,0.09999999999999964
2008-07-04,3.99,2.3100000000000005,0.08000000000000007
2008-07-11,3.99,2.1500000000000004,0.02999999999999936
2008-07-18,3.96,2.34,-0.009999999999999787
2008-07-25,4.11,2.6300000000000003,0.0699999999999994
2008-08-01,4.13,2.38,0.07000000000000028
2008-08-08,3.97,2.3100000000000005,-0.020000000000000018
2008-08-15,3.94,2.24,-0.029999999999999805
2008-08-22,3.84,1.9899999999999998,-0.020000000000000018
2008-08-29,3.87,2.17,-0.009999999999999787
2008-09-05,3.83,2.1100000000000003,0.010000000000000231
2008-09-12,3.66,1.9800000000000002,-0.06999999999999984
2008-09-19,3.74,2.25,-0.029999999999999805
2008-09-26,3.78,2.79,0.07999999999999963
2008-10-03,3.85,2.98,0.13999999999999968
2008-10-10,3.63,3.12,0.050000000000000266
2008-10-17,3.89,3.64,0.029999999999999805
2008-10-24,3.98,3.15,0.04000000000000048
2008-10-31,3.76,2.8699999999999997,-0.04999999999999982
2008-11-07,4.01,3.55,0.02999999999999936
2008-11-14,3.83,3.52,-0.040000000000000036
2008-11-21,3.72,3.5700000000000003,-0.2799999999999998
2008-11-28,3.2,3.18,-0.25
2008-12-05,2.93,2.9200000000000004,-0.07000000000000028
2008-12-12,2.67,2.65,-0.26000000000000023
2008-12-19,2.6,2.58,-0.2799999999999998
2008-12-26,2.13,2.11,-0.1699999999999997
2009-01-02,2.16,2.1300000000000003,-0.03000000000000025
2009-01-09,2.46,2.38,0.10000000000000009
2009-01-16,2.43,2.3600000000000003,-0.16000000000000014
2009-01-23,2.36,2.2399999999999998,-0.1499999999999999
2009-01-30,2.65,2.54,-0.20000000000000018
2009-02-06,2.87,2.63,-0.10999999999999988
2009-02-13,3.05,2.7699999999999996,-0.09999999999999964
2009-02-20,2.89,2.6,-0.10000000000000009
2009-02-27,2.78,2.51,-0.11999999999999966
2009-03-06,3.02,2.76,-0.040000000000000036
2009-03-13,2.83,2.62,-0.08000000000000007
2009-03-20,2.89,2.69,-0.1299999999999999
2009-03-27,2.65,2.4299999999999997,-0.2200000000000002
2009-04-03,2.78,2.6399999999999997,-0.09999999999999964
2009-04-10,2.91,2.7,-0.1299999999999999
2009-04-17,2.96,2.78,-0.1200000000000001
2009-04-24,2.98,2.84,-0.1499999999999999
2009-05-01,3.03,2.9299999999999997,-0.10000000000000009
2009-05-08,3.21,3.05,-0.07000000000000028
2009-05-15,3.29,3.1,0.009999999999999787
2009-05-22,3.14,2.97,-4.440892098500626e-16
2009-05-29,3.45,3.27,0.08999999999999986
2009-06-05,3.47,3.33,0.2899999999999996
2009-06-12,3.84,3.6399999999999997,0.54
2009-06-19,3.81,3.62,0.5100000000000002
2009-06-26,3.79,3.6,0.5999999999999996
2009-07-03,3.52,3.32,0.4399999999999995
2009-07-10,3.51,3.34,0.37000000000000055
2009-07-17,3.32,3.1399999999999997,0.2100000000000004
2009-07-24,3.67,3.5,0.34999999999999964
2009-07-31,3.7,3.52,0.3899999999999997
2009-08-07,3.52,3.34,0.4099999999999997
2009-08-14,3.89,3.7,0.4699999999999993
2009-08-21,3.55,3.3699999999999997,0.39999999999999947
2009-08-28,3.56,3.39,0.4700000000000002
2009-09-04,3.46,3.31,0.4500000000000002
2009-09-11,3.45,3.31,0.3299999999999996
2009-09-18,3.34,3.1999999999999997,0.3400000000000003
2009-09-25,3.49,3.41,0.45999999999999996
2009-10-02,3.34,3.2399999999999998,0.3999999999999999
2009-10-09,3.24,3.14,0.3200000000000003
2009-10-16,3.4,3.33,0.33999999999999986
2009-10-23,3.43,3.3600000000000003,0.3400000000000003
2009-10-30,3.51,3.44,0.3700000000000001
2009-11-06,3.41,3.3600000000000003,0.31000000000000005
2009-11-13,3.54,3.48,0.19999999999999973
2009-11-20,3.43,3.37,0.3099999999999996
2009-11-27,3.36,3.34,0.2900000000000005
2009-12-04,3.21,3.18,0.16999999999999948
2009-12-11,3.48,3.42,0.1600000000000006
2009-12-18,3.55,3.52,0.13999999999999968
2009-12-25,3.55,3.5,0.22999999999999998
2010-01-01,3.82,3.77,0.31999999999999984
2010-01-08,3.85,3.79,0.3900000000000001
2010-01-15,3.83,3.7800000000000002,0.34999999999999964
2010-01-22,3.7,3.64,0.2899999999999996
2010-01-29,3.62,3.56,0.28000000000000025
2010-02-05,3.63,3.55,0.22999999999999998
2010-02-12,3.59,3.4899999999999998,0.10000000000000009
2010-02-19,3.69,3.59,0.17000000000000037
2010-02-26,3.78,3.67,0.22999999999999998
2010-03-05,3.61,3.48,0.17999999999999972
2010-03-12,3.69,3.54,0.10000000000000009
2010-03-19,3.71,3.56,0.16000000000000014
2010-03-26,3.7,3.54,0.23999999999999977
2010-04-02,3.86,3.7199999999999998,0.2799999999999998
2010-04-09,3.96,3.8,0.2699999999999996
2010-04-16,3.9,3.7399999999999998,0.31999999999999984
2010-04-23,3.79,3.63,0.20999999999999996
2010-04-30,3.84,3.6799999999999997,0.27999999999999936
2010-05-07,3.69,3.53,0.20000000000000062
2010-05-14,3.45,3.3200000000000003,0.05999999999999961
2010-05-21,3.44,3.28,0.0900000000000003
2010-05-28,3.2,3.0300000000000002,0.08000000000000007
2010-06-04,3.31,3.15,0.13000000000000034
2010-06-11,3.2,3.06,0.040000000000000036
2010-06-18,3.24,3.16,0.0699999999999994
2010-06-25,3.24,3.1300000000000003,0.09999999999999964
2010-07-02,3.12,2.99,0.029999999999999805
2010-07-09,3.0,2.83,0.010000000000000231
2010-07-16,3.07,2.9099999999999997,4.440892098500626e-16
2010-07-23,2.96,2.81,-0.16999999999999993
2010-07-30,3.02,2.86,-0.1200000000000001
2010-08-06,2.94,2.79,-0.2899999999999996
2010-08-13,2.86,2.71,-0.33999999999999986
2010-08-20,2.68,2.5300000000000002,-0.28000000000000025
2010-08-27,2.62,2.47,-0.16999999999999993
2010-09-03,2.66,2.5100000000000002,-0.2400000000000002
2010-09-10,2.72,2.58,-0.26000000000000023
2010-09-17,2.81,2.67,-0.20999999999999996
2010-09-24,2.75,2.59,-0.31000000000000005
2010-10-01,2.62,2.47,-0.33000000000000007
2010-10-08,2.54,2.38,-0.43999999999999995
2010-10-15,2.41,2.29,-0.54
2010-10-22,2.59,2.4499999999999997,-0.56
2010-10-29,2.59,2.46,-0.6000000000000001
2010-11-05,2.63,2.51,-0.6300000000000001
2010-11-12,2.58,2.45,-0.7599999999999998
2010-11-19,2.76,2.63,-0.5699999999999994
2010-11-26,2.88,2.7399999999999998,-0.31999999999999984
2010-12-03,2.87,2.71,-0.3200000000000003
2010-12-10,3.03,2.8899999999999997,-0.23999999999999977
2010-12-17,3.32,3.19,0.0
2010-12-24,3.33,3.22,0.0
2010-12-31,3.41,3.27,0.09999999999999964
2011-01-07,3.3,3.1799999999999997,0.10999999999999988
2011-01-14,3.34,3.1999999999999997,-0.020000000000000018
2011-01-21,3.35,3.2,-0.040000000000000036
2011-01-28,3.44,3.28,0.010000000000000231
2011-02-04,3.36,3.21,-0.06000000000000005
2011-02-11,3.68,3.5300000000000002,0.08999999999999986
2011-02-18,3.64,3.52,0.2699999999999996
2011-02-25,3.59,3.4899999999999998,0.22999999999999954
2011-03-04,3.42,3.29,0.1800000000000006
2011-03-11,3.49,3.37,0.16999999999999948
2011-03-18,3.4,3.32,0.08000000000000007
2011-03-25,3.28,3.21,0.03000000000000025
2011-04-01,3.46,3.37,0.15000000000000036
2011-04-08,3.46,3.39,0.22000000000000064
2011-04-15,3.59,3.55,0.20000000000000018
2011-04-22,3.43,3.3600000000000003,0.14000000000000012
2011-04-29,3.42,3.36,0.18000000000000016
2011-05-06,3.32,3.28,0.010000000000000231
2011-05-13,3.19,3.17,-0.019999999999999574
2011-05-20,3.18,3.1500000000000004,-0.029999999999999805
2011-05-27,3.15,3.1,-0.06000000000000005
2011-06-03,3.07,3.02,-0.1299999999999999
2011-06-10,2.99,2.95,-0.20999999999999996
2011-06-17,2.99,2.9400000000000004,-0.2400000000000002
2011-06-24,2.94,2.9,-0.2599999999999998
2011-07-01,2.88,2.86,-0.43000000000000016
2011-07-08,3.22,3.2,-0.1200000000000001
2011-07-15,3.03,3.0,-0.2899999999999996
2011-07-22,2.94,2.92,-0.3900000000000001
2011-07-29,2.99,2.9400000000000004,-0.33000000000000007
2011-08-05,2.82,2.7199999999999998,-0.47999999999999954
2011-08-12,2.58,2.5700000000000003,-0.40000000000000036
2011-08-19,2.24,2.22,-0.5200000000000002
2011-08-26,2.07,2.05,-0.46999999999999975
2011-09-02,2.19,2.18,-0.51
2011-09-09,2.02,2.0,-0.45999999999999996
2011-09-16,1.93,1.92,-0.47999999999999976
2011-09-23,2.08,2.0700000000000003,-0.3800000000000001
2011-09-30,1.84,1.83,-0.29000000000000004
2011-10-07,1.92,1.9,-0.25
2011-10-14,2.1,2.0900000000000003,-0.24
2011-10-21,2.26,2.2399999999999998,-0.2999999999999996
2011-10-28,2.23,2.21,-0.3699999999999999
2011-11-04,2.34,2.33,-0.3600000000000001
2011-11-11,2.06,2.0500000000000003,-0.52
2011-11-18,2.04,2.0300000000000002,-0.48
2011-11-25,2.01,1.9999999999999998,-0.41999999999999993
2011-12-02,1.97,1.95,-0.3899999999999999
2011-12-09,2.05,2.03,-0.45999999999999974
2011-12-16,2.07,2.06,-0.5099999999999998
2011-12-23,1.86,1.86,-0.48
2011-12-30,2.03,2.02,-0.3699999999999999
2012-01-06,1.89,1.8699999999999999,-0.48
2012-01-13,1.98,1.96,-0.51
2012-01-20,1.89,1.8599999999999999,-0.5299999999999998
2012-01-27,2.05,1.9999999999999998,-0.48999999999999977
2012-02-03,1.93,1.8699999999999999,-0.6499999999999999
2012-02-10,1.97,1.89,-0.6399999999999999
2012-02-17,1.96,1.8699999999999999,-0.6099999999999999
2012-02-24,2.01,1.9199999999999997,-0.5399999999999998
2012-03-02,1.98,1.88,-0.51
2012-03-09,1.99,1.92,-0.5900000000000001
2012-03-16,2.04,1.95,-0.5700000000000001
2012-03-23,2.31,2.22,-0.4200000000000004
2012-03-30,2.25,2.17,-0.41999999999999993
2012-04-06,2.23,2.16,-0.48
2012-04-13,2.07,1.9999999999999998,-0.6099999999999999
2012-04-20,2.02,1.93,-0.5700000000000001
2012-04-27,1.99,1.91,-0.56
2012-05-04,1.96,1.8699999999999999,-0.5800000000000001
2012-05-11,1.91,1.8399999999999999,-0.6199999999999999
2012-05-18,1.84,1.74,-0.6100000000000001
2012-05-25,1.71,1.63,-0.53
2012-06-01,1.75,1.66,-0.53
2012-06-08,1.47,1.4,-0.48
2012-06-15,1.65,1.5599999999999998,-0.51
2012-06-22,1.6,1.51,-0.53
2012-06-29,1.69,1.5999999999999999,-0.48
2012-07-06,1.67,1.5799999999999998,-0.56
2012-07-13,1.57,1.49,-0.56
2012-07-20,1.52,1.42,-0.51
2012-07-27,1.49,1.4,-0.53
2012-08-03,1.58,1.47,-0.53
2012-08-10,1.6,1.51,-0.5
2012-08-17,1.65,1.5499999999999998,-0.5
2012-08-24,1.81,1.72,-0.48
2012-08-31,1.68,1.5799999999999998,-0.52
2012-09-07,1.57,1.48,-0.6100000000000001
2012-09-14,1.67,1.5599999999999998,-0.6399999999999999
2012-09-21,1.88,1.7699999999999998,-0.71
2012-09-28,1.77,1.66,-0.6799999999999999
2012-10-05,1.65,1.5499999999999998,-0.6399999999999999
2012-10-12,1.75,1.64,-0.6799999999999999
2012-10-19,1.69,1.5799999999999998,-0.6199999999999999
2012-10-26,1.79,1.69,-0.55
2012-11-02,1.78,1.6600000000000001,-0.56
2012-11-09,1.75,1.66,-0.5700000000000001
2012-11-16,1.61,1.52,-0.5800000000000001
2012-11-23,1.58,1.52,-0.5800000000000001
2012-11-30,1.7,1.5999999999999999,-0.5900000000000001
2012-12-07,1.62,1.54,-0.6500000000000001
2012-12-14,1.64,1.5499999999999998,-0.6299999999999999
2012-12-21,1.72,1.68,-0.56
2012-12-28,1.77,1.71,-0.53
2013-01-04,1.73,1.72,-0.56
2013-01-11,1.93,1.8599999999999999,-0.56
2013-01-18,1.89,1.8199999999999998,-0.5899999999999999
2013-01-25,1.87,1.79,-0.5900000000000001
2013-02-01,1.98,1.9,-0.52
2013-02-08,2.04,1.98,-0.55
2013-02-15,1.99,1.92,-0.56
2013-02-22,2.01,1.9099999999999997,-0.5599999999999998
2013-03-01,1.97,1.8399999999999999,-0.56
2013-03-08,1.86,1.75,-0.6100000000000001
2013-03-15,2.06,1.96,-0.53
2013-03-22,2.01,1.9199999999999997,-0.5799999999999998
2013-03-29,1.93,1.8599999999999999,-0.5899999999999999
2013-04-05,1.87,1.8,-0.5800000000000001
2013-04-12,1.72,1.65,-0.5999999999999999
2013-04-19,1.75,1.69,-0.5700000000000001
2013-04-26,1.73,1.68,-0.53
2013-05-03,1.7,1.65,-0.5599999999999998
2013-05-10,1.78,1.73,-0.54
2013-05-17,1.9,1.8599999999999999,-0.52
2013-05-24,1.95,1.91,-0.53
2013-05-31,2.01,1.9699999999999998,-0.46999999999999975
2013-06-07,2.16,2.12,-0.3600000000000001
2013-06-14,2.17,2.13,-0.2899999999999998
2013-06-21,2.14,2.0900000000000003,-0.3500000000000001
2013-06-28,2.52,2.47,-0.06000000000000005
2013-07-05,2.52,2.48,-0.06000000000000005
2013-07-12,2.73,2.69,0.07000000000000028
2013-07-19,2.61,2.57,-0.1200000000000001
2013-07-26,2.5,2.47,-0.19999999999999973
2013-08-02,2.58,2.5500000000000003,-0.16999999999999993
2013-08-09,2.63,2.59,-0.20999999999999952
2013-08-16,2.57,2.52,-0.16999999999999948
2013-08-23,2.84,2.79,4.440892098500626e-16
2013-08-30,2.82,2.79,0.10000000000000009
2013-09-06,2.78,2.75,0.07000000000000028
2013-09-13,2.94,2.92,0.14000000000000012
2013-09-20,2.9,2.89,0.06999999999999984
2013-09-27,2.75,2.74,-0.08999999999999986
2013-10-04,2.64,2.62,-0.18000000000000016
2013-10-11,2.66,2.6300000000000003,-0.17000000000000037
2013-10-18,2.7,2.62,-0.2100000000000004
2013-10-25,2.6,2.56,-0.22999999999999998
2013-11-01,2.53,2.4899999999999998,-0.24999999999999956
2013-11-08,2.65,2.61,-0.23999999999999977
2013-11-15,2.77,2.71,-0.25
2013-11-22,2.71,2.63,-0.2999999999999998
2013-11-29,2.75,2.68,-0.31999999999999984
2013-12-06,2.75,2.69,-0.29000000000000004
2013-12-13,2.88,2.82,-0.1599999999999997
2013-12-20,2.88,2.81,-0.11999999999999966
2013-12-27,2.89,2.8200000000000003,0.05999999999999961
2014-01-03,3.02,2.95,0.06000000000000005
2014-01-10,3.01,2.94,0.040000000000000036
2014-01-17,2.88,2.83,0.009999999999999787
2014-01-24,2.84,2.79,0.040000000000000036
2014-01-31,2.75,2.71,0.040000000000000036
2014-02-07,2.67,2.65,-0.029999999999999805
2014-02-14,2.71,2.63,-0.06999999999999984
2014-02-21,2.75,2.73,-0.009999999999999787
2014-02-28,2.73,2.68,0.06000000000000005
2014-03-07,2.66,2.6100000000000003,0.029999999999999805
2014-03-14,2.8,2.7399999999999998,0.1200000000000001
2014-03-21,2.65,2.6,0.0900000000000003
2014-03-28,2.75,2.69,0.2599999999999998
2014-04-04,2.73,2.69,0.2999999999999998
2014-04-11,2.74,2.7100000000000004,0.24999999999999956
2014-04-18,2.63,2.59,0.16000000000000014
2014-04-25,2.73,2.7,0.33999999999999986
2014-05-02,2.68,2.6500000000000004,0.3299999999999996
2014-05-09,2.6,2.58,0.31999999999999984
2014-05-16,2.62,2.5900000000000003,0.23999999999999977
2014-05-23,2.52,2.49,0.2200000000000002
2014-05-30,2.54,2.5,0.18999999999999995
2014-06-06,2.48,2.44,0.22999999999999998
2014-06-13,2.6,2.56,0.3099999999999996
2014-06-20,2.6,2.56,0.34999999999999964
2014-06-27,2.63,2.61,0.29000000000000004
2014-07-04,2.54,2.5100000000000002,0.2899999999999996
2014-07-11,2.65,2.64,0.31000000000000005
2014-07-18,2.53,2.51,0.29000000000000004
2014-07-25,2.5,2.48,0.3700000000000001
2014-08-01,2.48,2.45,0.36999999999999966
2014-08-08,2.52,2.49,0.3500000000000001
2014-08-15,2.44,2.41,0.3500000000000001
2014-08-22,2.34,2.31,0.3400000000000003
2014-08-29,2.4,2.37,0.43000000000000016
2014-09-05,2.35,2.3200000000000003,0.4299999999999997
2014-09-12,2.46,2.43,0.3999999999999999
2014-09-19,2.62,2.6,0.45999999999999996
2014-09-26,2.59,2.57,0.4800000000000004
2014-10-03,2.54,2.5300000000000002,0.4700000000000002
2014-10-10,2.45,2.4400000000000004,0.43999999999999995
2014-10-17,2.31,2.3000000000000003,0.33999999999999986
2014-10-24,2.22,2.2,0.2699999999999996
2014-10-31,2.29,2.2800000000000002,0.33999999999999986
2014-11-07,2.35,2.3400000000000003,0.3900000000000001
2014-11-14,2.32,2.29,0.37000000000000055
2014-11-21,2.32,2.3,0.38000000000000034
2014-11-28,2.31,2.3000000000000003,0.4199999999999995
2014-12-05,2.18,2.16,0.3299999999999996
2014-12-12,2.31,2.29,0.41999999999999993
2014-12-19,2.1,2.08,0.3999999999999999
2014-12-26,2.17,2.13,0.48
2015-01-02,2.25,2.24,0.52
2015-01-09,2.12,2.1,0.43999999999999995
2015-01-16,1.98,1.96,0.33000000000000007
2015-01-23,1.83,1.8,0.2599999999999998
2015-01-30,1.81,1.79,0.33000000000000007
2015-02-06,1.68,1.66,0.20999999999999996
2015-02-13,1.95,1.93,0.3600000000000001
2015-02-20,2.02,2.0100000000000002,0.3799999999999999
2015-02-27,2.13,2.11,0.4200000000000004
2015-03-06,2.0,1.98,0.3700000000000001
2015-03-13,2.24,2.2300000000000004,0.4299999999999997
2015-03-20,2.13,2.1,0.3900000000000001
2015-03-27,1.93,1.92,0.30999999999999983
2015-04-03,1.95,1.91,0.30999999999999983
2015-04-10,1.85,1.83,0.18000000000000016
2015-04-17,1.96,1.94,0.29000000000000004
2015-04-24,1.87,1.86,0.2400000000000002
2015-05-01,1.93,1.9,0.2100000000000002
2015-05-08,2.12,2.1100000000000003,0.2799999999999998
2015-05-15,2.16,2.1500000000000004,0.25
2015-05-22,2.14,2.12,0.22999999999999998
2015-05-29,2.21,2.19,0.29000000000000004
2015-06-05,2.12,2.1100000000000003,0.25
2015-06-12,2.41,2.3800000000000003,0.3599999999999999
2015-06-19,2.39,2.37,0.36999999999999966
2015-06-26,2.26,2.25,0.27000000000000046
2015-07-03,2.49,2.4800000000000004,0.29000000000000004
2015-07-10,2.4,2.39,0.23999999999999977
2015-07-17,2.42,2.41,0.29000000000000004
2015-07-24,2.34,2.31,0.31999999999999984
2015-07-31,2.27,2.23,0.31000000000000005
2015-08-07,2.2,2.12,0.20999999999999996
2015-08-14,2.18,2.12,0.27
2015-08-21,2.2,2.1100000000000003,0.29000000000000004
2015-08-28,2.05,2.02,0.18999999999999995
2015-09-04,2.19,2.13,0.13000000000000034
2015-09-11,2.13,2.11,0.10000000000000009
2015-09-18,2.2,2.16,0.1299999999999999
2015-09-25,2.13,2.13,0.08000000000000007
2015-10-02,2.17,2.17,0.08999999999999986
2015-10-09,1.99,1.99,0.010000000000000009
2015-10-16,2.12,2.1100000000000003,0.04999999999999982
2015-10-23,2.04,2.0300000000000002,0.07000000000000028
2015-10-30,2.09,2.08,0.10999999999999988
2015-11-06,2.16,2.08,0.1299999999999999
2015-11-13,2.34,2.26,0.2200000000000002
2015-11-20,2.28,2.1399999999999997,0.20000000000000018
2015-11-27,2.26,2.1399999999999997,0.20999999999999996
2015-12-04,2.22,2.04,0.13999999999999968
2015-12-11,2.28,2.05,0.18000000000000016
2015-12-18,2.13,1.9,0.11000000000000032
2015-12-25,2.19,2.0,0.18000000000000016
2016-01-01,2.25,2.05,0.17999999999999972
2016-01-08,2.27,2.11,0.18999999999999995
2016-01-15,2.13,1.93,0.07000000000000028
2016-01-22,2.03,1.7899999999999998,0.040000000000000036
2016-01-29,2.07,1.7599999999999998,0.03000000000000025
2016-02-05,1.94,1.6099999999999999,-0.039999999999999813
2016-02-12,1.86,1.56,-0.10000000000000009
2016-02-19,1.74,1.44,-0.050000000000000044
2016-02-26,1.76,1.45,-0.040000000000000036
2016-03-04,1.76,1.43,-0.10000000000000009
2016-03-11,1.88,1.5899999999999999,0.0
2016-03-18,1.98,1.65,0.029999999999999805
2016-03-25,1.88,1.5799999999999998,-0.03999999999999959
2016-04-01,1.91,1.6099999999999999,-0.02000000000000024
2016-04-08,1.79,1.56,-0.07000000000000006
2016-04-15,1.72,1.49,-0.10000000000000009
2016-04-22,1.76,1.54,-0.06000000000000005
2016-04-29,1.89,1.66,0.010000000000000453
2016-05-06,1.83,1.61,-0.040000000000000036
2016-05-13,1.79,1.6,-0.07000000000000006
2016-05-20,1.71,1.42,-0.030000000000000027
2016-05-27,1.85,1.52,0.019999999999999574
2016-06-03,1.85,1.53,0.029999999999999805
2016-06-10,1.71,1.41,-0.030000000000000027
2016-06-17,1.64,1.38,-0.030000000000000027
2016-06-24,1.62,1.35,-0.060000000000000275
2016-07-01,1.57,1.3,-0.050000000000000044
2016-07-08,1.46,1.18,-0.04999999999999982
2016-07-15,1.37,1.09,-0.08000000000000007
2016-07-22,1.6,1.28,-0.010000000000000231
2016-07-29,1.57,1.24,-0.02000000000000024
2016-08-05,1.46,1.18,-0.06999999999999984
2016-08-12,1.59,1.31,-0.050000000000000266
2016-08-19,1.51,1.22,-0.019999999999999796
2016-08-26,1.58,1.28,-2.220446049250313e-16
2016-09-02,1.62,1.28,0.0
2016-09-09,1.6,1.27,-2.220446049250313e-16
2016-09-16,1.67,1.3199999999999998,0.0
2016-09-23,1.7,1.4,-0.050000000000000044
2016-09-30,1.62,1.4400000000000002,-0.07000000000000028
2016-10-07,1.6,1.31,-0.0900000000000003
2016-10-14,1.73,1.4,-0.040000000000000036
2016-10-21,1.8,1.48,-0.07999999999999985
2016-10-28,1.74,1.4,-0.07999999999999985
2016-11-04,1.86,1.56,-0.05999999999999983
2016-11-11,1.79,1.4100000000000001,-0.1100000000000001
2016-11-18,2.15,1.67,0.050000000000000266
2016-11-25,2.34,1.9,0.1900000000000004
2016-12-02,2.36,1.8699999999999999,0.18000000000000016
2016-12-09,2.4,1.91,0.17000000000000037
2016-12-16,2.47,1.9300000000000002,0.1599999999999997
2016-12-23,2.6,2.09,0.25999999999999934
2016-12-30,2.55,2.03,0.3100000000000005
2017-01-06,2.45,1.9400000000000002,0.20999999999999996
2017-01-13,2.42,1.89,0.20000000000000018
2017-01-20,2.4,1.8699999999999999,0.18999999999999995
2017-01-27,2.48,1.98,0.2200000000000002
2017-02-03,2.49,1.9700000000000002,0.16999999999999993
2017-02-10,2.49,1.9800000000000002,0.1599999999999997
2017-02-17,2.41,1.86,0.16999999999999993
2017-02-24,2.42,1.89,0.20999999999999996
2017-03-03,2.31,1.79,0.16999999999999993
2017-03-10,2.49,1.7800000000000002,0.22999999999999954
2017-03-17,2.58,1.83,0.27999999999999936
2017-03-24,2.5,1.77,0.22999999999999954
2017-03-31,2.4,1.6199999999999999,0.19999999999999973
2017-04-07,2.4,1.64,0.18999999999999995
2017-04-14,2.38,1.56,0.16999999999999993
2017-04-21,2.24,1.4300000000000002,0.08999999999999986
2017-04-28,2.24,1.4500000000000002,0.09999999999999964
2017-05-05,2.29,1.49,0.04999999999999982
2017-05-12,2.36,1.46,0.10000000000000009
2017-05-19,2.33,1.4500000000000002,0.08000000000000007
2017-05-26,2.23,1.31,0.06999999999999984
2017-06-02,2.25,1.31,0.03000000000000025
2017-06-09,2.15,1.17,-0.010000000000000231
2017-06-16,2.21,1.2,-0.020000000000000018
2017-06-23,2.16,1.1300000000000001,0.019999999999999574
2017-06-30,2.15,1.18,0.050000000000000266
2017-07-07,2.31,1.28,0.08999999999999986
2017-07-14,2.39,1.34,0.10999999999999988
2017-07-21,2.33,1.29,0.06000000000000005
2017-07-28,2.24,1.0800000000000003,0.019999999999999574
2017-08-04,2.3,1.2199999999999998,0.020000000000000462
2017-08-11,2.27,1.19,0.010000000000000231
2017-08-18,2.19,1.16,-0.010000000000000231
2017-08-25,2.19,1.17,0.020000000000000018
2017-09-01,2.17,1.14,0.020000000000000018
2017-09-08,2.16,1.1400000000000001,-0.050000000000000266
2017-09-15,2.06,1.02,-0.050000000000000266
2017-09-22,2.2,1.1500000000000001,0.03000000000000025
2017-09-29,2.26,1.2299999999999998,0.040000000000000036
2017-10-06,2.33,1.27,0.040000000000000036
2017-10-13,2.37,1.3,0.029999999999999805
2017-10-20,2.28,1.1899999999999997,0.029999999999999805
2017-10-27,2.39,1.28,0.0699999999999994
2017-11-03,2.42,1.3199999999999998,0.04999999999999982
2017-11-10,2.34,1.16,0.010000000000000231
2017-11-17,2.4,1.17,0.050000000000000266
2017-11-24,2.35,1.06,0.040000000000000036
2017-12-01,2.34,1.0499999999999998,0.04999999999999982
2017-12-08,2.37,1.1,0.10999999999999943
2017-12-15,2.38,1.0999999999999999,0.10000000000000053
2017-12-22,2.35,1.04,0.13000000000000034
2017-12-29,2.48,1.15,0.12999999999999945
2018-01-05,2.4,1.01,0.11000000000000076
2018-01-12,2.47,1.0800000000000003,0.1499999999999999
2018-01-19,2.55,1.1199999999999999,0.16000000000000014
2018-01-26,2.64,1.2000000000000002,0.20000000000000018
2018-02-02,2.66,1.2500000000000002,0.15000000000000036
2018-02-09,2.84,1.3599999999999999,0.17000000000000037
2018-02-16,2.83,1.28,0.16000000000000014
2018-02-23,2.87,1.25,0.17999999999999972
2018-03-02,2.88,1.24,0.11000000000000032
2018-03-09,2.86,1.21,0.1499999999999999
2018-03-16,2.9,1.23,0.1299999999999999
2018-03-23,2.85,1.07,0.13999999999999968
2018-03-30,2.82,1.0799999999999998,0.1200000000000001
2018-04-06,2.74,1.0100000000000002,0.10999999999999988
2018-04-13,2.77,1.04,0.1200000000000001
2018-04-20,2.82,1.0599999999999998,0.1499999999999999
2018-04-27,2.96,1.15,0.17999999999999972
2018-05-04,2.96,1.14,0.14999999999999947
2018-05-11,2.95,1.11,0.09999999999999964
2018-05-18,2.97,1.0500000000000003,0.16999999999999948
2018-05-25,3.06,1.1500000000000001,0.18999999999999995
2018-06-01,2.93,1.0300000000000002,0.10999999999999943
2018-06-08,2.89,0.9700000000000002,0.1200000000000001
2018-06-15,2.93,1.0000000000000002,0.10999999999999988
2018-06-22,2.93,0.9900000000000002,0.14000000000000012
2018-06-29,2.9,0.97,0.08000000000000007
2018-07-06,2.85,0.9200000000000002,0.08999999999999986
2018-07-13,2.82,0.8499999999999999,0.07000000000000028
2018-07-20,2.83,0.8500000000000001,0.040000000000000036
2018-07-27,2.89,0.9000000000000001,0.04999999999999982
2018-08-03,2.96,0.96,0.04999999999999982
2018-08-10,2.95,0.9400000000000004,0.05999999999999961
2018-08-17,2.87,0.8200000000000003,0.020000000000000018
2018-08-24,2.87,0.8200000000000003,0.020000000000000018
2018-08-31,2.82,0.73,-0.009999999999999343
2018-09-07,2.86,0.75,4.440892098500626e-16
2018-09-14,2.94,0.7999999999999998,-0.010000000000000231
2018-09-21,2.99,0.8300000000000001,0.029999999999999805
2018-09-28,3.07,0.8899999999999997,0.020000000000000462
2018-10-05,3.05,0.8599999999999999,0.020000000000000018
2018-10-12,3.23,1.0,0.029999999999999805
2018-10-19,3.15,0.8700000000000001,0.0
2018-10-26,3.2,0.8900000000000001,-0.020000000000000462
2018-11-02,3.08,0.75,-0.06999999999999984
2018-11-09,3.22,0.8900000000000001,-0.050000000000000266
2018-11-16,3.19,0.8300000000000001,-0.03000000000000025
2018-11-23,3.08,0.7200000000000002,-0.0900000000000003
2018-11-30,3.05,0.6399999999999997,-0.10000000000000009
2018-12-07,3.01,0.6399999999999997,-0.1299999999999999
2018-12-14,2.85,0.4500000000000002,-0.16999999999999993
2018-12-21,2.89,0.4700000000000002,-0.16000000000000014
2018-12-28,2.79,0.3999999999999999,-0.13999999999999968
2019-01-04,2.72,0.3200000000000003,-0.1200000000000001
2019-01-11,2.67,0.25,-0.1899999999999995
2019-01-18,2.71,0.2799999999999998,-0.21999999999999975
2019-01-25,2.79,0.3799999999999999,-0.16999999999999993
2019-02-01,2.76,0.36999999999999966,-0.18000000000000016
2019-02-08,2.7,0.30000000000000027,-0.20000000000000062
2019-02-15,2.63,0.19999999999999973,-0.20000000000000018
2019-02-22,2.66,0.22999999999999998,-0.19999999999999973
2019-03-01,2.65,0.18999999999999995,-0.1899999999999995
2019-03-08,2.76,0.31999999999999984,-0.1899999999999995
2019-03-15,2.62,0.16000000000000014,-0.23000000000000043
2019-03-22,2.59,0.13999999999999968,-0.2200000000000002
2019-03-29,2.44,-0.020000000000000018,-0.2699999999999996
2019-04-05,2.41,0.010000000000000231,-0.2200000000000002
2019-04-12,2.5,0.06000000000000005,-0.22999999999999998
2019-04-19,2.56,0.1200000000000001,-0.20000000000000018
2019-04-26,2.57,0.1499999999999999,-0.18999999999999995
2019-05-03,2.51,0.08999999999999986,-0.20999999999999952
2019-05-10,2.54,0.10999999999999988,-0.20999999999999996
2019-05-17,2.47,0.040000000000000036,-0.2100000000000004
2019-05-24,2.39,0.0,-0.25000000000000044
2019-05-31,2.32,-0.03000000000000025,-0.23999999999999977
2019-06-07,2.14,-0.20999999999999996,-0.2300000000000002
2019-06-14,2.09,-0.18999999999999995,-0.23999999999999977
2019-06-21,2.09,-0.11000000000000032,-0.22999999999999976
2019-06-28,2.07,-0.040000000000000036,-0.23999999999999977
2019-07-05,2.0,-0.1200000000000001,-0.22999999999999998
2019-07-12,2.04,-0.18999999999999995,-0.22999999999999998
2019-07-19,2.12,-0.020000000000000018,-0.24
2019-07-26,2.05,-0.010000000000000231,-0.24999999999999978
2019-08-02,2.08,-0.040000000000000036,-0.24
2019-08-09,1.86,-0.19999999999999996,-0.26000000000000023
2019-08-16,1.74,-0.26,-0.22999999999999976
2019-08-23,1.55,-0.32000000000000006,-0.19000000000000017
2019-08-30,1.52,-0.44999999999999996,-0.2300000000000002
2019-09-06,1.5,-0.49,-0.2200000000000002
2019-09-13,1.55,-0.4099999999999999,-0.2400000000000002
2019-09-20,1.9,-0.06000000000000005,-0.18999999999999995
2019-09-27,1.74,-0.16999999999999993,-0.20999999999999974
2019-10-04,1.69,-0.1100000000000001,-0.19999999999999973
2019-10-11,1.52,-0.18999999999999995,-0.23999999999999977
2019-10-18,1.76,0.08000000000000007,-0.20999999999999974
2019-10-25,1.76,0.10000000000000009,-0.21999999999999997
2019-11-01,1.8,0.14000000000000012,-0.18999999999999972
2019-11-08,1.73,0.20999999999999996,-0.18999999999999995
2019-11-15,1.94,0.3899999999999999,-0.1399999999999999
2019-11-22,1.84,0.27,-0.15000000000000036
2019-11-29,1.77,0.18999999999999995,-0.1399999999999999
2019-12-06,1.78,0.18999999999999995,-0.1499999999999999
2019-12-13,1.84,0.31000000000000005,-0.11000000000000032
2019-12-20,1.82,0.25,-0.11000000000000032
2019-12-27,1.92,0.33999999999999986,-0.08999999999999986
2020-01-03,1.88,0.30999999999999983,-0.1100000000000001
2020-01-10,1.8,0.28,-0.1499999999999999
2020-01-17,1.83,0.29000000000000004,-0.13000000000000034
2020-01-24,1.84,0.28,-0.16000000000000036
2020-01-31,1.7,0.15999999999999992,-0.16999999999999993
2020-02-07,1.51,-0.040000000000000036,-0.19999999999999996
2020-02-14,1.59,0.030000000000000027,-0.18000000000000016
2020-02-21,1.59,0.010000000000000009,-0.17000000000000015
2020-02-28,1.46,-0.10000000000000009,-0.19999999999999996
2020-03-06,1.13,-0.14000000000000012,-0.20999999999999985
2020-03-13,0.74,0.29,-0.07000000000000006
2020-03-20,0.94,0.6599999999999999,-0.030000000000000027
2020-03-27,0.92,0.87,-0.25
2020-04-03,0.72,0.69,-0.15000000000000002
2020-04-10,0.62,0.52,-0.06999999999999995
2020-04-17,0.73,0.48,-0.14
2020-04-24,0.65,0.53,-0.13
2020-05-01,0.6,0.48,-0.09999999999999998
2020-05-08,0.64,0.52,-0.12
2020-05-15,0.69,0.57,-0.18999999999999995
2020-05-22,0.64,0.52,-0.18000000000000005
2020-05-29,0.66,0.54,-0.15000000000000002
2020-06-05,0.65,0.51,-0.21000000000000008
2020-06-12,0.91,0.76,-0.19000000000000006
2020-06-19,0.71,0.5499999999999999,-0.23999999999999994
2020-06-26,0.7,0.5499999999999999,-0.22999999999999993
2020-07-03,0.64,0.5,-0.21000000000000008
2020-07-10,0.68,0.54,-0.2600000000000001
2020-07-17,0.65,0.52,-0.21000000000000008
2020-07-24,0.64,0.53,-0.20000000000000007
2020-07-31,0.59,0.48,-0.18999999999999995
2020-08-07,0.55,0.4600000000000001,-0.24000000000000005
2020-08-14,0.57,0.47,-0.23999999999999994
2020-08-21,0.71,0.61,-0.27
2020-08-28,0.64,0.54,-0.26
2020-09-04,0.74,0.64,-0.31999999999999995
2020-09-11,0.72,0.61,-0.26
2020-09-18,0.67,0.56,-0.28
2020-09-25,0.7,0.6,-0.26
2020-10-02,0.66,0.56,-0.26
2020-10-09,0.7,0.61,-0.2699999999999999
2020-10-16,0.79,0.6900000000000001,-0.27
2020-10-23,0.76,0.65,-0.26
2020-10-30,0.85,0.75,-0.2899999999999999
2020-11-06,0.88,0.79,-0.26
2020-11-13,0.83,0.73,-0.27
2020-11-20,0.89,0.8,-0.2400000000000001
2020-11-27,0.83,0.76,-0.22999999999999998
2020-12-04,0.84,0.75,-0.26
2020-12-11,0.97,0.88,-0.29000000000000004
2020-12-18,0.9,0.8200000000000001,-0.27
2020-12-25,0.95,0.87,-0.29999999999999993
2021-01-01,0.94,0.85,-0.32999999999999996
2021-01-08,0.93,0.8400000000000001,-0.3400000000000001
2021-01-15,1.13,1.0499999999999998,-0.2899999999999999
2021-01-22,1.11,1.02,-0.32000000000000006
2021-01-29,1.1,1.02,-0.3500000000000001
2021-02-05,1.11,1.05,-0.32000000000000006
2021-02-12,1.19,1.16,-0.33999999999999997
2021-02-19,1.2,1.16,-0.30999999999999994
2021-02-26,1.34,1.3,-0.27000000000000024
2021-03-05,1.44,1.4,-0.08000000000000007
2021-03-12,1.56,1.52,-0.1200000000000001
2021-03-19,1.64,1.5999999999999999,-0.07999999999999985
2021-03-26,1.74,1.73,-0.09999999999999987
2021-04-02,1.67,1.65,-0.10999999999999988
2021-04-09,1.72,1.7,0.030000000000000027
2021-04-16,1.67,1.65,-0.08999999999999986
2021-04-23,1.59,1.57,-0.07000000000000006
2021-04-30,1.58,1.55,-0.08000000000000007
2021-05-07,1.65,1.64,-0.08999999999999986
2021-05-14,1.6,1.58,-0.20000000000000018
2021-05-21,1.63,1.6199999999999999,-0.1499999999999999
2021-05-28,1.63,1.6199999999999999,-0.11999999999999988
2021-06-04,1.58,1.57,-0.14000000000000012
2021-06-11,1.56,1.54,-0.14000000000000012
2021-06-18,1.47,1.44,-0.10999999999999988
2021-06-25,1.45,1.4,0.07000000000000006
2021-07-02,1.54,1.48,0.020000000000000018
2021-07-09,1.44,1.39,0.040000000000000036
2021-07-16,1.37,1.31,-0.020000000000000018
2021-07-23,1.31,1.26,0.020000000000000018
2021-07-30,1.3,1.25,-0.08000000000000007
2021-08-06,1.24,1.18,-0.050000000000000044
2021-08-13,1.31,1.25,0.020000000000000018
2021-08-20,1.29,1.23,0.06000000000000005
2021-08-27,1.26,1.21,0.1100000000000001
2021-09-03,1.31,1.26,0.050000000000000044
2021-09-10,1.33,1.28,0.020000000000000018
2021-09-17,1.35,1.3,0.05999999999999983
2021-09-24,1.37,1.33,0.15999999999999992
2021-10-01,1.47,1.44,0.17999999999999994
2021-10-08,1.48,1.44,0.1100000000000001
2021-10-15,1.61,1.56,0.16999999999999993
2021-10-22,1.59,1.54,0.2599999999999998
2021-10-29,1.66,1.5999999999999999,0.30000000000000004
2021-11-05,1.55,1.5,0.32999999999999985
2021-11-12,1.45,1.4,0.24
2021-11-19,1.58,1.53,0.3699999999999999
2021-11-26,1.54,1.49,0.3799999999999999
2021-12-03,1.48,1.42,0.33999999999999986
2021-12-10,1.35,1.29,0.3099999999999996
2021-12-17,1.48,1.42,0.3500000000000001
2021-12-24,1.41,1.3599999999999999,0.2899999999999998
2021-12-31,1.5,1.43,0.29000000000000004
2022-01-07,1.52,1.46,0.27
